0 0.0 0.0 0.0 5.551115e-17 3.330669e-16 -4.440892e-16
1 0.0002957844738799962 0.0034938993082787233 0.8604357427717315 -0.04690294 -0.02839928 0.8586941
2 0.03115675929713192 -0.0053001158276869565 1.7191636773899472 -0.09374345 -0.05676064 1.716275
3 -0.034439473488514866 0.005974086966047336 2.577023090231072 -0.1406429 -0.08515762 2.574964
4 -0.061383331185970086 0.0006114714811707861 3.4360142473265376 -0.1874858 -0.1135202 3.432648
5 -0.04685912258116079 -0.031146387500878586 4.29574056959969 -0.2343818 -0.141915 4.291335
6 -0.04421197634787535 -0.04096581731080493 5.155078421993501 -0.2812195 -0.1702743 5.148987
7 -0.08287311082805719 -0.06000573788660961 6.0145368826325605 -0.3281178 -0.1986703 6.007777
8 -0.0623395650836554 -0.0822758021902421 6.873448763329512 -0.3749547 -0.227029 6.865477
9 -0.17153638833490925 -0.06397136830311677 7.72660071378741 -0.4218367 -0.2554151 7.724036
10 -0.13276029544063794 -0.08447815852556342 8.5860800386576 -0.4687329 -0.2838096 8.582886
11 -0.19591501959561886 -0.10251756062666512 9.442699557588849 -0.5155474 -0.3121547 9.440275
12 -0.22026018293346025 -0.1214131378422868 10.302579832655855 -0.562431 -0.3405416 10.29896
13 -0.36739381830875645 -0.12119899031617681 11.150262506617603 -0.6093087 -0.368925 11.15757
14 -0.44578445109654186 -0.13150723061639494 12.006211113020612 -0.6562052 -0.3973964 12.01541
15 -0.47397284503949927 -0.13828558620204717 12.861590909029193 -0.7018788 -0.4239119 12.86965
16 -0.3416338158575232 -0.2031391928682021 13.712590995641206 -0.7498241 -0.4540039 13.73146
17 -0.40880579992092136 -0.20591285516203994 14.580716039069326 -0.7992511 -0.484077 14.60026
18 -0.4493656414154669 -0.22759858982656198 15.461130237513222 -0.8546642 -0.515507 15.47957
19 -0.5290673065824084 -0.24345849279227638 16.34934271958637 -0.9072868 -0.5464705 16.3694
20 -0.5472656231923934 -0.2609236233458432 17.250711132433505 -0.9609163 -0.5783595 17.26896
21 -0.6148151498709962 -0.26839440203430276 18.154324104698297 -1.011589 -0.6092403 18.17318
22 -0.6804018887171828 -0.27153640200533213 19.065005425100065 -1.066256 -0.6387363 19.08411
23 -0.7537162741002204 -0.28685932556708194 19.97703528542361 -1.118651 -0.6686219 19.99722
24 -0.8460656800194309 -0.2922055634343601 20.890872562039554 -1.17184 -0.6990778 20.91368
25 -0.8690924982889008 -0.33443762400465704 21.818322326563685 -1.224279 -0.7287421 21.84042
26 -1.0287061966972169 -0.32361596705729195 22.740698470726947 -1.280807 -0.7604717 22.77432
27 -1.0993547356922142 -0.3203359242311212 23.675359589278635 -1.334841 -0.7929673 23.70953
28 -1.1589277208450268 -0.3160513237896286 24.617476487712928 -1.385747 -0.8209244 24.65175
29 -1.2338935175751444 -0.308015629687281 25.561350944518427 -1.436633 -0.8456208 25.59694
30 -1.2853032115509706 -0.3072296905320563 26.50938598028006 -1.487044 -0.8702127 26.54471
31 -1.4257508143816553 -0.3059944478016774 27.452286833347802 -1.538025 -0.8971121 27.49627
32 -1.4911924764007862 -0.32980665529759245 28.409792756165697 -1.586551 -0.9254151 28.45466
33 -1.5214377769776135 -0.35675460122173597 29.378816018075284 -1.633363 -0.955563 29.42293
34 -1.6410354209146882 -0.3674519572114619 30.34843973997137 -1.680971 -0.9838377 30.39839
35 -1.6560051555065478 -0.4054649673028152 31.328418264690423 -1.728893 -1.011772 31.37765
36 -1.72085219085263 -0.40473610929928 32.30688970272162 -1.768976 -1.036363 32.35714
37 -1.8094599599696095 -0.4000013284092136 33.283436979427684 -1.815834 -1.059789 33.33631
38 -1.9001387998004704 -0.40338748055407114 34.265082574716835 -1.870663 -1.088016 34.32021
39 -2.0422418755018827 -0.4064194595339805 35.26841737166383 -1.92978 -1.12988 35.33097
40 -2.181561125044785 -0.4385864227427562 36.319181883832336 -1.993748 -1.194548 36.38751
41 -2.3311805858761647 -0.47087972856683413 37.35254096412557 -2.061112 -1.249881 37.4285
42 -2.4316158940117703 -0.4562361148767763 38.39414887984041 -2.126953 -1.305052 38.47151
43 -2.5367748619192407 -0.39811174669456817 39.4222139795243 -2.190967 -1.349142 39.50365
44 -2.6254090029875368 -0.4139136915821384 40.456179263517846 -2.256115 -1.393047 40.53855
45 -2.7348790829503598 -0.41730314606137453 41.476093005053016 -2.32994 -1.426813 41.56111
46 -2.809022665083838 -0.43912226433158674 42.498036221369034 -2.399728 -1.460731 42.58303
47 -2.9369800079472412 -0.45893239890999354 43.502242577737746 -2.465214 -1.489501 43.59302
48 -3.027714084152678 -0.4515904752170896 44.50603726990026 -2.535885 -1.52285 44.5979
49 -3.1429432262919987 -0.44874706098381506 45.50305250678651 -2.600016 -1.559885 45.59882
50 -3.1145922946377023 -0.46662318382307977 46.504187770311155 -2.661881 -1.593756 46.59803
51 -3.1660435683704184 -0.4551871945931484 47.500422522662035 -2.728914 -1.629817 47.59275
52 -3.310463179489606 -0.44919499603927726 48.478839654014855 -2.800794 -1.664529 48.57856
53 -3.4395808741968836 -0.4543859571634245 49.45082827671786 -2.871336 -1.697621 49.556
54 -3.529349540908381 -0.46697238346258635 50.43113325258754 -2.937935 -1.729013 50.53773
55 -3.6024566116808514 -0.47528721847154154 51.41194173457923 -3.002463 -1.766742 51.51845
56 -3.6830249930809855 -0.46753597289780585 52.38773650315284 -3.065844 -1.798994 52.49501
57 -3.8221501964122613 -0.45361183710096836 53.35023138556538 -3.130185 -1.830051 53.46498
58 -3.9445819911645916 -0.4590176845662631 54.30784891395598 -3.19152 -1.858398 54.42804
59 -4.016087658522996 -0.47395513523889127 55.27093242555039 -3.248811 -1.886487 55.39178
60 -4.106111224496964 -0.49570989186423114 56.22746869661935 -3.310922 -1.913841 56.35039
61 -4.170021712357124 -0.5300802033003562 57.18906902453177 -3.371514 -1.938229 57.31251
62 -4.231668334321969 -0.5261515531594528 58.15112117455504 -3.438994 -1.956763 58.274
63 -4.387346056563845 -0.49203847552755575 59.0920575932859 -3.511313 -1.975962 59.2254
64 -4.4181174207351335 -0.5032800200083252 60.035124021659705 -3.579193 -1.998111 60.16633
65 -4.490006785901988 -0.5455662806297896 60.95869713852895 -3.641784 -2.021539 61.09125
66 -4.557854612430839 -0.5656758480456054 61.8735210598568 -3.703384 -2.049159 62.00632
67 -4.676991805054304 -0.5659780128462601 62.77953426060568 -3.776035 -2.078109 62.91678
68 -4.778922628921491 -0.5846847136463379 63.67517189036502 -3.84394 -2.112094 63.81519
69 -4.880784739975625 -0.5895409973781144 64.55524432321639 -3.912602 -2.145353 64.69786
70 -4.981223125039648 -0.5767015592884964 65.4211444187443 -3.978228 -2.173835 65.56672
71 -5.120980286896247 -0.5777718660488226 66.26777088498442 -4.046625 -2.201409 66.42163
72 -5.202865803854531 -0.5902243753094394 67.10986238451615 -4.114442 -2.230822 67.26455
73 -5.385983884978511 -0.5716841704551799 67.92101784354323 -4.179994 -2.258366 68.09328
74 -5.463948998679591 -0.6030792613530075 68.73630836053279 -4.244856 -2.28331 68.90994
75 -5.58279739893845 -0.5976925835563449 69.53505297861057 -4.313021 -2.307845 69.71424
76 -5.655012653901147 -0.6041191119683464 70.32877821995056 -4.381935 -2.329476 70.50799
77 -5.696857273902387 -0.6208440992698233 71.10688398064553 -4.44551 -2.355391 71.28437
78 -5.8975804131970575 -0.5954246192034706 71.83597063188108 -4.514875 -2.382091 72.03735
79 -5.974461138271373 -0.6025048716086451 72.565895127677 -4.58021 -2.409731 72.76791
80 -6.057092139090041 -0.6031653243539555 73.27710792269399 -4.644343 -2.432982 73.48065
81 -6.0809220893607225 -0.6307462643958871 73.9744487076037 -4.709494 -2.459523 74.17539
82 -6.1497753012302985 -0.6474496896832825 74.65076033208678 -4.77573 -2.490277 74.85147
83 -6.2660816490434925 -0.6669314253982717 75.29997542913927 -4.837515 -2.525955 75.50744
84 -6.421899103850677 -0.64995430412388 75.91421541823769 -4.891889 -2.556654 76.13828
85 -6.4524038655391 -0.6572134434277862 76.52762174521835 -4.937677 -2.585469 76.7501
86 -6.539656042271406 -0.6648124929269059 77.11791897402023 -4.985837 -2.616742 77.34409
87 -6.61747842544118 -0.6803788191008954 77.69691993835814 -5.039038 -2.646048 77.92534
88 -6.6516182323349 -0.7076525770160896 78.26784491867643 -5.092732 -2.675699 78.49464
89 -6.768272401162456 -0.7027254338298032 78.81249201074355 -5.133801 -2.70184 79.04953
90 -6.830688595275811 -0.7207454218302667 79.35267921641845 -5.159772 -2.729207 79.5923
91 -6.931800329964205 -0.7322707206748865 79.87483451713736 -5.183357 -2.7568 80.12304
92 -7.0629784483984475 -0.7151256461285022 80.37011292045297 -5.208269 -2.780022 80.63455
93 -7.084033088662934 -0.7159327163152891 80.87169403082899 -5.235209 -2.801727 81.13538
94 -7.175116683406076 -0.7168095509133781 81.35121624630995 -5.248892 -2.822088 81.62286
95 -7.19505218196975 -0.7189938657008935 81.8254287702767 -5.236828 -2.839863 82.09701
96 -7.151177752829748 -0.711672964311321 82.283553387494 -5.207469 -2.859306 82.55594
97 -7.195565009036694 -0.707053127612573 82.73639098274785 -5.163543 -2.878004 83.00846
98 -7.140746231385536 -0.7080239720085386 83.18321461172911 -5.10562 -2.895751 83.45454
99 -6.927118786194787 -0.6817286445037348 83.56436096616753 -5.02956 -2.911918 83.8853
100 -6.789196665052218 -0.6786591053031189 83.98081226554193 -4.934649 -2.926167 84.31338
101 -6.644217407349532 -0.6855562774963592 84.3875673204149 -4.817297 -2.942364 84.72869
102 -6.557440938065298 -0.6815325757007368 84.79147989791704 -4.680938 -2.961855 85.1182
103 -6.431902099695838 -0.7024610153340498 85.18820736318806 -4.519193 -2.980545 85.50171
104 -6.231984209928851 -0.7258744251509831 85.53033632153104 -4.336344 -2.995233 85.85373
105 -6.03687591041821 -0.7245999841306769 85.88320591848742 -4.130089 -3.006846 86.20001
106 -5.821188823082268 -0.7108736675230751 86.21605901260992 -3.903866 -3.018353 86.52588
107 -5.576685451456437 -0.7086008789596184 86.50509638395789 -3.65638 -3.030941 86.8121
108 -5.315442450535877 -0.7105081192590789 86.79099759819361 -3.393066 -3.048142 87.09558
109 -5.061967510898311 -0.709199833827794 87.06542038779018 -3.115393 -3.063358 87.34503
110 -4.775153684412415 -0.7118414403684484 87.32696908770552 -2.817803 -3.074584 87.59401
111 -4.476012274081421 -0.7435905261883645 87.56490535481666 -2.508137 -3.08446 87.8201
112 -4.160082335280311 -0.7598737866543965 87.76819565228243 -2.182602 -3.093149 88.00813
113 -3.831166713497491 -0.7746112057732097 87.95860509123423 -1.847638 -3.103538 88.18799
114 -3.4974170351165395 -0.7795475813473285 88.12054654800737 -1.511055 -3.116572 88.34349
115 -3.1551516118111955 -0.7772520830552396 88.28624699444974 -1.165582 -3.127427 88.50204
116 -2.801759957240228 -0.8007628997617 88.42705179836548 -0.8110714 -3.138031 88.64159
117 -2.4429915678519345 -0.8101330784837146 88.54077974005642 -0.4500223 -3.146259 88.74795
118 -2.064637932558713 -0.810798122711051 88.62861027545554 -0.07268361 -3.150458 88.83995
119 -1.6941867988367114 -0.8052585676413369 88.73548942060677 0.3020916 -3.156586 88.93047
120 -1.319706846799863 -0.8033991743967838 88.82780160827342 0.676345 -3.166835 89.02315
121 -0.9495614536487087 -0.8066957717046533 88.94604745307215 1.050891 -3.185174 89.12503
122 -0.5655723994408799 -0.8151809040332383 89.03235468261259 1.434583 -3.205997 89.21056
123 -0.16598241719310353 -0.8270426758616402 89.09189902889597 1.83291 -3.222114 89.27715
124 0.24071911126335355 -0.8435930163396972 89.15135248951216 2.240743 -3.234217 89.3295
125 0.6610349419897982 -0.8541824078232796 89.20730990058297 2.66275 -3.232193 89.3721
126 1.087382738306344 -0.8433525288281646 89.25877871426637 3.089762 -3.233114 89.41899
127 1.5318238658899281 -0.8327106845361771 89.33090084975402 3.53677 -3.247013 89.47222
128 1.9969615840036552 -0.8370614615557759 89.38604189699907 4.002128 -3.269703 89.52059
129 2.4703624584274393 -0.8500504076670148 89.4286952391743 4.475771 -3.292077 89.55606
130 2.9556099018761968 -0.8470591911258291 89.47894029277214 4.962461 -3.311658 89.58341
131 3.453135526299016 -0.8357690014778599 89.50311583629026 5.460049 -3.327578 89.60332
132 3.968068883145369 -0.8231961959611553 89.50814966409693 5.974572 -3.344693 89.62101
133 4.498436848932023 -0.8107491851138547 89.51964801607858 6.504623 -3.36274 89.63826
134 5.044322885465842 -0.7928669073668129 89.5297293579028 7.050381 -3.379767 89.65473
135 5.607972701321184 -0.786253699916047 89.55296036990086 7.614093 -3.394968 89.67153
136 6.191993359393908 -0.77011937213069 89.54760821601492 8.197957 -3.409306 89.68785
137 6.7948514765064285 -0.7584762379023029 89.56900119892721 8.800912 -3.4262 89.70167
138 7.414053727157173 -0.7446621722379664 89.58479805490792 9.42023 -3.442284 89.70786
139 8.053183478144117 -0.7336019412994552 89.61337712520339 10.05978 -3.460292 89.71666
140 8.706852043682341 -0.7368426535442065 89.655560882117 10.71458 -3.477648 89.71954
141 9.380435910032604 -0.7166452234584146 89.66903004733095 11.38837 -3.495197 89.72145
142 10.065740922346158 -0.700585754511468 89.70521648396213 12.07462 -3.511618 89.72018
143 10.772328932767898 -0.6859045448208705 89.73904411455119 12.7819 -3.529809 89.72729
144 11.495120940088091 -0.6569133924906219 89.75080775619016 13.50501 -3.549541 89.73868
145 12.231930467703874 -0.6502181410186089 89.8116977827818 14.24395 -3.570045 89.75239
146 12.986182195514376 -0.6320822861881853 89.89850549792534 15.0026 -3.595307 89.77631
147 13.7552838584094 -0.6353621628757496 89.9659968582763 15.77368 -3.621398 89.80526
148 14.54005653088697 -0.6002595434243816 90.03015138922356 16.56055 -3.645849 89.84339
149 15.334892167342565 -0.5858139178635152 90.06078701917278 17.35473 -3.669719 89.88363
150 16.13588304392592 -0.5723704947651608 90.12324576236884 18.15651 -3.696455 89.92948
151 16.940372921489725 -0.550122041067743 90.15791719133337 18.95996 -3.726996 89.97884
152 17.750927328091542 -0.5363248347794882 90.15320739027419 19.76819 -3.758629 90.03338
153 18.564807074409 -0.5134946116712517 90.20458131494478 20.58193 -3.789412 90.08278
154 19.38320446902474 -0.5114443302141306 90.25518641205086 21.39947 -3.828201 90.13241
155 20.195094184871554 -0.5083853841779449 90.37350319628845 22.21735 -3.869642 90.18269
156 21.0112363771362 -0.52113374349172 90.44240072780637 23.03432 -3.908789 90.22769
157 21.825464085445685 -0.49627356207281365 90.53117034301843 23.85148 -3.948711 90.27374
158 22.63779316366825 -0.5847220862832667 90.55312634374876 24.6666 -3.991884 90.31732
159 23.45072503627653 -0.5796815610662334 90.59710166781957 25.47837 -4.031552 90.365
160 24.256298978510326 -0.5757381505514024 90.70446790104215 26.2888 -4.070675 90.41153
161 25.066829993974604 -0.5928456031327006 90.77251843859058 27.10009 -4.110043 90.45782
162 25.876505733209395 -0.6148523610508274 90.82746771851781 27.90992 -4.149285 90.49922
163 26.688527432661537 -0.6397457551459806 90.8745060328826 28.7218 -4.189372 90.53737
164 27.498397752421848 -0.6111195141373565 90.9412853050937 29.53344 -4.227712 90.56802
165 28.305779038141406 -0.6285228653118624 90.96718803471293 30.34032 -4.26442 90.58889
166 29.10704545764457 -0.6349409339920157 91.01264859401437 31.14204 -4.298961 90.60259
167 29.908820172797686 -0.6297170639784944 91.02609428132361 31.94324 -4.332533 90.60409
168 30.70639223726118 -0.6537940554823902 91.04690312215057 32.74069 -4.3668 90.59833
169 31.499122424547277 -0.6580889067394772 91.05674958562885 33.53267 -4.400925 90.58651
170 32.29150607409117 -0.659909589877586 91.04393471655344 34.32424 -4.430514 90.56241
171 33.07880374192849 -0.6673469598552145 91.05354856670422 35.11039 -4.460151 90.52962
172 33.8587642773343 -0.6749154303311439 91.0299323485454 35.88915 -4.490465 90.49003
173 34.63518257539118 -0.6805406739161446 91.02100864404171 36.66363 -4.51981 90.44253
174 35.40395542200398 -0.7034841506228267 90.98969380735919 37.43083 -4.548257 90.38673
175 36.16510147325854 -0.7060200895568043 90.95547996990538 38.18958 -4.577147 90.32361
176 36.91825640001256 -0.719679274529723 90.90537768057627 38.94049 -4.607065 90.25165
177 37.664344697525536 -0.7296652361478679 90.86090744723131 39.68363 -4.635152 90.17629
178 38.40370525365871 -0.7293166905328554 90.81918640009208 40.41876 -4.66402 90.09176
179 39.13005237648416 -0.7524231317500302 90.72391496871063 41.14574 -4.69221 90.0029
180 39.85037926011181 -0.776888366896185 90.65475577848609 41.86324 -4.72176 89.91031
181 40.5648366933561 -0.7732856324481702 90.5813558653562 42.57483 -4.746579 89.81611
182 41.265309548626796 -0.7792077616226785 90.49158901228134 43.27463 -4.770015 89.72399
183 41.95468343056666 -0.7697962411455396 90.4444334804482 43.95946 -4.793116 89.63442
184 42.628361145479914 -0.782538446099661 90.3709553398133 44.63116 -4.815263 89.54649
185 43.28075399106695 -0.7792863169185987 90.27217205736312 45.28497 -4.83706 89.46022
186 43.91824007087958 -0.8073299949217264 90.18978232014913 45.9228 -4.858683 89.37856
187 44.53812147169628 -0.8188462931137435 90.11611488455873 46.54259 -4.880596 89.3065
188 45.14027722874257 -0.8315530251235895 90.05913485895637 47.14397 -4.902936 89.24451
189 45.724530156674916 -0.8191191290787493 90.03103849386022 47.72631 -4.926346 89.19325
190 46.28597900269606 -0.8191863765244815 89.97310114076822 48.28879 -4.950044 89.1528
191 46.82897241031552 -0.8296788790074344 89.94570903974528 48.83147 -4.973119 89.12695
192 47.36465574718827 -0.8398059041213116 89.94565944932383 49.36647 -5.001409 89.12113
193 47.8909323697021 -0.8324388068351619 89.98937988886888 49.89376 -5.029978 89.13018
194 48.41338708907221 -0.8282768035955707 90.02843098536988 50.4167 -5.056479 89.14842
195 48.935920562047 -0.819503564101884 90.08046705315645 50.93941 -5.083698 89.19154
196 49.45317323539907 -0.8296476677850817 90.15059530457198 51.45679 -5.111122 89.25586
197 49.949937663081215 -0.8174695672878577 90.28235261675582 51.96384 -5.139956 89.33556
198 50.44254426192166 -0.8207276931149239 90.42956739996708 52.46407 -5.168307 89.45093
199 50.93987949188197 -0.8142720628614442 90.56878080600026 52.95984 -5.197886 89.59271
200 51.409897709947224 -0.8237189635156853 90.7311335818798 53.43056 -5.228395 89.75037
201 51.87216079892096 -0.8091111331449774 90.91907022448395 53.88945 -5.254058 89.94526
202 52.31564105248633 -0.8181596124202022 91.13665979941896 54.33154 -5.281038 90.16419
203 52.71010299754102 -0.8135045800544501 91.38442240294569 54.73889 -5.307765 90.3886
204 53.10039412141283 -0.8193929481865287 91.66396340829664 55.13319 -5.33687 90.66097
205 53.41690001955025 -0.8184404535464833 91.99197622077075 55.49149 -5.362113 90.9416
206 53.74022515162683 -0.8215146235271933 92.34331201146477 55.83593 -5.389737 91.27112
207 54.058954460128824 -0.8279136743097593 92.69704164555688 56.15845 -5.418165 91.6203
208 54.32346425854936 -0.831688601429243 93.06403461757237 56.44855 -5.448053 91.96615
209 54.58444722178256 -0.8470226100404413 93.46357383369256 56.72244 -5.479109 92.35602
210 54.843350095817705 -0.8496688152894284 93.86533791887082 56.96793 -5.510534 92.76492
211 55.04622657107404 -0.8424732500391636 94.27489867527858 57.17528 -5.539453 93.17127
212 55.22967583169489 -0.846987842780946 94.71977457105854 57.37005 -5.564449 93.61062
213 55.412776590363315 -0.8480547618760792 95.16593081342515 57.53992 -5.590987 94.0612
214 55.569831158106794 -0.8604940753907832 95.60879666813874 57.68438 -5.612666 94.50798
215 55.68201899494091 -0.8676921096079638 96.08661243543183 57.81242 -5.628018 94.9816
216 55.81094686475437 -0.8548260649899612 96.54811188576437 57.9272 -5.638494 95.44688
217 55.940912162667075 -0.8490064266861544 97.02222506509234 58.04176 -5.648502 95.92488
218 56.02807393153283 -0.8481805142914111 97.50689494660129 58.16224 -5.661977 96.40217
219 56.14342971539068 -0.845633784683959 97.98936189929634 58.27731 -5.680139 96.88437
220 56.29746674643864 -0.8337887824783508 98.47259209497194 58.38327 -5.692607 97.38035
221 56.39022476823407 -0.8219295626226314 98.98230718000082 58.48694 -5.69871 97.88806
222 56.52902107462009 -0.7983923723869666 99.48878482585542 58.58946 -5.712881 98.40345
223 56.60470664097189 -0.7965245552384557 100.01946370026639 58.69673 -5.73231 98.9283
224 56.712842145051454 -0.7930931872383189 100.55448091919968 58.81399 -5.756138 99.46087
225 56.845036244526234 -0.7930369011537252 101.09508087526416 58.94036 -5.778487 100.0024
226 56.97861021776975 -0.7746489394246937 101.64335655797441 59.07451 -5.797891 100.5505
227 57.12908094418349 -0.7766381292901817 102.19994120235225 59.20976 -5.818562 101.1106
228 57.269887303701296 -0.7887088792387384 102.78067605258857 59.34323 -5.84477 101.6926
229 57.44713860579875 -0.7877814210592572 103.36317183603262 59.47979 -5.872668 102.2853
230 57.633251362741404 -0.8018942490623989 103.95798783993463 59.63546 -5.900971 102.8883
231 57.76507841406437 -0.8000928509642138 104.57763710840864 59.7988 -5.928075 103.4998
232 57.92829319975307 -0.792173582323812 105.20337052285747 59.96454 -5.953554 104.1244
233 58.118638009739094 -0.7815641922177824 105.82772819330684 60.13424 -5.97519 104.7544
234 58.29230960595421 -0.7817426831756698 106.46638015518363 60.30914 -5.99825 105.3923
235 58.46089091196765 -0.7669888808713069 107.11060056327727 60.48079 -6.023068 106.0354
236 58.63520512492114 -0.7664000998331439 107.76660814295856 60.64973 -6.049018 106.6923
237 58.809605136151994 -0.7582885860661622 108.4372006835248 60.81912 -6.075562 107.3637
238 58.9877853152349 -0.7572668566706933 109.12818685789591 60.9951 -6.103151 108.0547
239 59.14134615568244 -0.7769918215087498 109.84140216496607 61.17722 -6.135437 108.7607
240 59.322533103355894 -0.7741972499421028 110.55844058380535 61.35508 -6.168814 109.4778
241 59.50575439563689 -0.7587470181744631 111.27862511386844 61.52759 -6.198021 110.2002
242 59.67664740264534 -0.751654543565099 112.00788679535222 61.69627 -6.225332 110.9295
243 59.87100559741773 -0.7314298872513787 112.74364287535619 61.87414 -6.252301 111.6692
244 60.07009999036514 -0.7248667123891892 113.49133273614181 62.05312 -6.282018 112.4214
245 60.276046701719316 -0.7138928491978436 114.25337710505549 62.23417 -6.31524 113.1891
246 60.45039721401492 -0.7129987793028 115.03210309291148 62.41758 -6.351409 113.9649
247 60.63900893936466 -0.7091957836850692 115.82171534579889 62.60024 -6.387404 114.7551
248 60.81241182185415 -0.706776828867727 116.63401014381125 62.78483 -6.419328 115.5643
249 61.02508954503868 -0.7047939590035549 117.43758650239339 62.97372 -6.450506 116.3732
250 61.202741143510764 -0.6678241187875908 118.25816081489879 63.15739 -6.483943 117.1926
251 61.37299730715372 -0.665162278204052 119.0798248612768 63.33463 -6.517585 118.0121
252 61.54586432811727 -0.6770689421782934 119.90577150497249 63.51246 -6.551031 118.8364
253 61.72280591423824 -0.6853344258868111 120.73626525415068 63.6913 -6.583319 119.6659
254 61.92687789064696 -0.7012643851996485 121.56785782477462 63.87033 -6.619743 120.5026
255 62.11959531817062 -0.7162216099210862 122.40741375165102 64.05736 -6.658079 121.3427
256 62.29502890476126 -0.725383842867492 123.25090256106841 64.25325 -6.695256 122.1809
257 62.47582287832788 -0.7276591679339224 124.0956721294821 64.44981 -6.728166 123.0215
258 62.67872446438558 -0.7161836111322797 124.95190401388746 64.65586 -6.752867 123.8767
259 62.876272154960574 -0.7231523035984262 125.80250833335558 64.8645 -6.784235 124.7241
260 63.10682489579222 -0.725821892980934 126.6429183517017 65.06629 -6.818192 125.5712
261 63.30354944585864 -0.7253861204256303 127.49467499001598 65.26209 -6.849345 126.4226
262 63.49543221774511 -0.7216190045510382 128.34832879925435 65.45904 -6.878751 127.2746
263 63.675993090804 -0.7341589164085838 129.19896639110343 65.65809 -6.913045 128.1205
264 63.85633269212875 -0.7430884523331005 130.02667190199858 65.86477 -6.955017 128.941
265 64.03851431671319 -0.763273616560414 130.8434674184976 66.08066 -7.000709 129.7485
266 64.24511478225811 -0.781481110347598 131.6562794765446 66.29836 -7.046839 130.5573
267 64.4542227216008 -0.7822755547258883 132.48379565153212 66.51051 -7.092137 131.3828
268 64.62974494167447 -0.8074817104791293 133.33545999878905 66.72265 -7.134533 132.2254
269 64.83801155408457 -0.8134939949101695 134.1715478478307 66.93208 -7.177765 133.0601
270 65.03281437748586 -0.8115376085577877 134.98146575440109 67.13546 -7.203471 133.8675
271 65.26019284648557 -0.8230385720360645 135.76892335232645 67.33397 -7.221705 134.6626
272 65.43674439391785 -0.8200179276178114 136.5733386653648 67.53946 -7.240417 135.4599
273 65.63209407869094 -0.8244056489543636 137.38006187623793 67.74822 -7.275568 136.2625
274 65.81964441871193 -0.8327033982591524 138.19142036581175 67.9399 -7.307651 137.0723
275 65.97789357337827 -0.8256190342352998 138.998093631876 68.12659 -7.329594 137.8726
276 66.14485355197831 -0.8364100925800575 139.79837191404206 68.31148 -7.347445 138.6688
277 66.34602191725207 -0.834628289443285 140.60599371252923 68.48738 -7.375994 139.4818
278 66.51038614882691 -0.8267621127943092 141.39150495951665 68.65535 -7.400654 140.2662
279 66.66996183187037 -0.8333270571279237 142.1960810040091 68.8308 -7.431426 141.0669
280 66.83992823941173 -0.8463311814689962 142.9979697869451 69.01055 -7.461305 141.8662
281 67.02541351146435 -0.854525293015827 143.79026402950183 69.18789 -7.492154 142.6598
282 67.20027320321367 -0.8680345093894113 144.58128413215618 69.35983 -7.522327 143.451
283 67.36848415924598 -0.8812557786891658 145.36618921279003 69.53255 -7.548491 144.2346
284 67.50731734699684 -0.8784928208089559 146.16489806235143 69.69416 -7.579826 145.0284
285 67.67222774909493 -0.8667189600985792 146.96404992775862 69.84462 -7.612956 145.8298
286 67.80625441239907 -0.8875168141069443 147.77133137214352 69.99277 -7.64599 146.6342
287 67.94089004430141 -0.8734579590236632 148.57752789067982 70.1315 -7.668862 147.4395
288 68.03943131934739 -0.8782983990868292 149.38282110304243 70.25738 -7.690397 148.2407
289 68.12786872990254 -0.8834391468905561 150.179910147325 70.37981 -7.71208 149.033
290 68.22470668737115 -0.8798100181372203 150.97153596292085 70.50797 -7.73271 149.8199
291 68.28845860259689 -0.9008435518615376 151.7742963601535 70.63407 -7.751909 150.6153
292 68.39910439985822 -0.8922584314516867 152.5826303433343 70.75332 -7.779012 151.422
293 68.52886361438465 -0.9003784557981198 153.39453801754306 70.85703 -7.812429 152.237
294 68.63156731371184 -0.9127860077560838 154.20589253526262 70.95263 -7.841404 153.0488
295 68.7406629578993 -0.9313588004376462 155.01099633943406 71.05219 -7.868414 153.8549
296 68.86940232621137 -0.9402045651041261 155.81672746879366 71.14828 -7.891249 154.6649
297 68.95345498446879 -0.9514052033935794 156.63521170437963 71.23668 -7.916918 155.4826
298 69.01458479227712 -0.993094674445161 157.46033628519257 71.30611 -7.939937 156.3078
299 69.1157739378256 -0.9983240324817236 158.28509090138257 71.36837 -7.966304 157.136
300 69.23436041763078 -1.0048793608043358 159.10181114903594 71.43075 -7.990297 157.9586
301 69.26127765610622 -1.0113115380932018 159.9252332832376 71.4907 -8.012612 158.78
302 69.3180203362003 -1.0210605122514589 160.74719608281163 71.54565 -8.036337 159.6018
303 69.36141979295746 -1.0248034954116743 161.5664763244599 71.59206 -8.062682 160.4205
304 69.4035204648757 -1.0379326604066241 162.3841662741814 71.62754 -8.085177 161.2383
305 69.42339840221445 -1.0528927166288484 163.20149601057057 71.66501 -8.105358 162.0549
306 69.49696586031736 -1.0784971736653282 164.03325043630701 71.70556 -8.124046 162.8891
307 69.53762861325532 -1.0846477095359746 164.87259116575365 71.73958 -8.140372 163.7286
308 69.5805320598024 -1.0929894118073553 165.70760599630373 71.7754 -8.158203 164.5638
309 69.56525818578987 -1.0963944154658398 166.53137888839154 71.81125 -8.173449 165.3868
310 69.6107434885671 -1.0961823569451683 167.34565625286353 71.85566 -8.188372 166.201
311 69.61831831249695 -1.1048577669820632 168.1640063221567 71.88912 -8.197125 167.0187
312 69.60658534361055 -1.0943110474699205 168.99184414996395 71.90149 -8.209715 167.8465
313 69.64585937724172 -1.102864064380515 169.82573526495742 71.91447 -8.225974 168.6811
314 69.72634448164374 -1.1045287714265184 170.6583381607276 71.93066 -8.240659 169.5173
315 69.77356511823795 -1.0960289337152607 171.49804446529993 71.9442 -8.251269 170.3582
316 69.77010562827705 -1.1166674088019914 172.34093416064343 71.95036 -8.265898 171.2012
317 69.80912042586337 -1.125182627696824 173.17684003346972 71.94712 -8.281895 172.0379
318 69.81998269477432 -1.1175610842159043 174.00595708509093 71.94423 -8.295895 172.867
319 69.82114925856727 -1.120915344929604 174.83847073961198 71.9461 -8.314995 173.6993
320 69.78237116217107 -1.1183463878809825 175.6904989117305 71.92242 -8.332767 174.5517
321 69.73568807890118 -1.121397931490647 176.54991201828577 71.88077 -8.350218 175.4112
322 69.70074914031905 -1.1253381945907142 177.4053665869786 71.83806 -8.369208 176.2661
323 69.6449067948313 -1.1158276305756314 178.2486836318956 71.80048 -8.380943 177.1104
324 69.62147590406393 -1.1309163408402774 179.08661184696263 71.7593 -8.392488 177.9477
325 69.58701212122975 -1.1446677536280354 179.9253042348231 71.70504 -8.408732 178.7853
326 69.54949009537607 -1.175769358575079 180.7716103893597 71.66001 -8.427651 179.6316
327 69.52707049471688 -1.191952703513438 181.62973796300412 71.62938 -8.451315 180.4893
328 69.48524629080111 -1.1999549819953048 182.49178653473018 71.58675 -8.471918 181.3511
329 69.45599376961003 -1.2123629439777328 183.35588063827413 71.53819 -8.495182 182.2141
330 69.39938106865759 -1.225122054199843 184.2105924815062 71.49582 -8.51899 183.0694
331 69.36602278768547 -1.2290102790718516 185.0600232582514 71.45164 -8.543212 183.918
332 69.33341415413987 -1.2429822379164213 185.90504395352477 71.41963 -8.567846 184.7628
333 69.28721612733021 -1.2652148261936715 186.75268682929106 71.38986 -8.596086 185.611
334 69.23330790429958 -1.2763504482586894 187.61319874620557 71.34131 -8.625507 186.4714
335 69.18937624872025 -1.2810059616798202 188.47642932326008 71.28399 -8.65918 187.3332
336 69.1365871697132 -1.292567160365216 189.3255705306853 71.2292 -8.688115 188.1818
337 69.0981660678038 -1.3071155190938604 190.16462158685968 71.18264 -8.712856 189.0202
338 69.06451039983882 -1.3237339260574494 191.00136604053944 71.13685 -8.736466 189.8562
339 69.01462017994417 -1.3344065041773612 191.8409079017448 71.07577 -8.761375 190.6947
340 68.97618148660165 -1.3475027824019021 192.68323895889912 71.01964 -8.788561 191.5357
341 68.91838009592112 -1.362184252899706 193.5209203553503 70.96425 -8.81671 192.3732
342 68.85700323237796 -1.3667129706888077 194.355928666634 70.90819 -8.838886 193.2083
343 68.81722154843858 -1.373915078145701 195.1891754619786 70.84733 -8.861377 194.04
344 68.76992948259272 -1.389341519156809 196.01342517458139 70.79115 -8.884907 194.8635
345 68.72113496092982 -1.3965070855883668 196.82713894733837 70.73224 -8.906076 195.6763
346 68.6738811223838 -1.4077642525649092 197.64159786461678 70.67083 -8.923746 196.4897
347 68.64047123582752 -1.4133858489874422 198.34817948900135 70.62911 -8.938874 197.1957
348 68.58714441640254 -1.423000612770643 199.05439936095868 70.58733 -8.954024 197.9026
349 68.5646813082348 -1.4222634522421942 199.7619374673599 70.54557 -8.969162 198.6091
350 68.50946240213452 -1.4245440658753301 200.46777254259456 70.5038 -8.984301 199.3157
351 68.47656381876946 -1.4206970643725891 201.17489341047502 70.46202 -8.999441 200.0222
352 68.42383555583534 -1.4393886980608077 201.88027326718984 70.42027 -9.01457 200.7284
353 68.36151637899964 -1.4564371656493165 202.58451116527004 70.37852 -9.029691 201.4342
354 68.33412554129549 -1.4654548868931052 203.29282314468125 70.33667 -9.044849 202.1417
355 68.26569687502962 -1.4614185926738232 203.9968897812229 70.29491 -9.059972 202.8477
356 68.24596380008603 -1.4725042465621776 204.70482651121162 70.25308 -9.075116 203.5546
357 68.2082020904049 -1.471400039089622 205.41161503080698 70.21128 -9.090248 204.261
358 68.16043737322393 -1.4797649568486249 206.116946336322 70.16952 -9.105362 204.9666
359 68.16044166280182 -1.464135433034109 206.82477326577788 70.12768 -9.120498 205.6732
360 68.16942150525423 -1.475773284044216 207.53181755343556 70.0859 -9.135614 206.379
361 68.18578224179079 -1.503516895825606 208.2390839612299 70.04406 -9.150747 207.0856
362 68.20761633287286 -1.5109450213795017 208.95178147375987 69.99905 -9.16529 207.7971
363 68.20179798211454 -1.5277451239352136 209.6001893847307 69.98606 -9.185709 208.4453
364 68.21516085102238 -1.547224040324096 210.2479530644526 69.98306 -9.208113 209.0931
365 68.21320909163649 -1.5444062707517023 210.89553851995169 69.99464 -9.235771 209.74
366 68.23952688991658 -1.5400736195875442 211.53133023995719 70.00778 -9.261371 210.3757
367 68.29367757604734 -1.5413652823931658 212.16766131259058 70.01564 -9.283511 211.0139
368 68.27079966253388 -1.5602875636539917 212.80315540084487 70.01951 -9.30223 211.6498
369 68.27850936626085 -1.5820713581025123 213.44904514382262 70.02608 -9.317034 212.2959
370 68.27185865128467 -1.5863042492120263 214.09781841442427 70.03039 -9.333416 212.9445
371 68.29015025348929 -1.5956227790130724 214.75503688042483 70.03031 -9.346935 213.6019
372 68.28943672376234 -1.5985671979726541 215.40581646819115 70.01762 -9.361494 214.2524
373 68.27232102238628 -1.6072644680462427 216.05621696639182 70.00789 -9.378064 214.9028
374 68.29055114093306 -1.6191256090285622 216.70983544865524 70.00644 -9.397152 215.5565
375 68.303323083361 -1.6352310054540862 217.37050317463675 70.01323 -9.415421 216.2172
376 68.31456922670633 -1.6465022466872892 218.04659612530622 70.00612 -9.429329 216.8933
377 68.3022389065405 -1.6689275114971711 218.73239338295517 69.98281 -9.452115 217.5788
378 68.29758651521122 -1.687023962573536 219.42446912542368 69.97211 -9.473975 218.2707
379 68.31403064414907 -1.6947287057981124 220.11797899994266 69.96763 -9.487565 218.9643
380 68.32832011884786 -1.6839725193871222 220.79988026074417 69.95651 -9.495411 219.6463
381 68.31906170237224 -1.6980369240114146 221.47130015506585 69.93436 -9.510323 220.3174
382 68.33587857011385 -1.6898650109516753 222.12475544169632 69.94019 -9.540496 220.9704
383 68.35118707309485 -1.67635833894569 222.77962082257454 69.96054 -9.567751 221.6247
384 68.34814599739944 -1.6907920333482538 223.46079952090966 69.97285 -9.591872 222.3055
385 68.33702619599491 -1.698848876673952 224.14743286927572 69.98119 -9.615886 222.9918
386 68.31910393390088 -1.7159024193576797 224.82837571665158 69.9843 -9.650603 223.6723
387 68.29390708265282 -1.7354752180315518 225.5098401960988 69.98163 -9.68375 224.3537
388 68.30182196547717 -1.7334579190637558 226.18470174293546 69.98542 -9.716608 225.0278
389 68.32709829269582 -1.7257827070622167 226.87027248084078 69.98607 -9.742245 225.7134
390 68.31964030643503 -1.7236607597090328 227.55655864519525 69.98187 -9.771343 226.3991
391 68.31126803604451 -1.7248137319444046 228.2476509099816 69.96949 -9.792795 227.0898
392 68.32130312382108 -1.7358779220650002 228.9314404583269 69.96118 -9.818999 227.7732
393 68.31102434457006 -1.749681419928693 229.61297442000807 69.94919 -9.840708 228.4545
394 68.30240407691642 -1.7579861891990771 230.28463855225644 69.93862 -9.863524 229.1258
395 68.29924274171755 -1.7677161835441093 230.9519514440799 69.92429 -9.884742 229.7927
396 68.27391935214423 -1.7772868287706138 231.61369288498523 69.90717 -9.909781 230.4543
397 68.26182843615238 -1.7830734731834643 232.2723739275217 69.88635 -9.937611 231.1122
398 68.23438517711784 -1.7905121224539269 232.9292780024783 69.87145 -9.964503 231.769
399 68.22657805570299 -1.8248401469600055 233.5782480056254 69.85983 -9.992889 232.4182
400 68.19620158500727 -1.845847589122069 234.20000275365945 69.84446 -10.01409 233.0405
401 68.19450501172473 -1.8522389277102127 234.81002518146857 69.8271 -10.03357 233.65
402 68.18656737408973 -1.8530319608545933 235.4079769045259 69.8102 -10.04766 234.2476
403 68.20731693865311 -1.8502279384585416 235.97837980864614 69.80096 -10.05898 234.8182
404 68.1692427283929 -1.8734699910963133 236.52465227765978 69.78279 -10.06888 235.3659
405 68.12703369439713 -1.8739758558029105 237.0546883909106 69.75496 -10.07841 235.8968
406 68.12241594216752 -1.8971270051771945 237.57636599551614 69.71456 -10.08536 236.4174
407 68.08497834376271 -1.9002072985946687 238.09178608148306 69.66405 -10.08899 236.9317
408 68.04981195728188 -1.8999092527067365 238.59976367491657 69.60296 -10.09296 237.4372
409 67.96202438102513 -1.9035986397436364 239.10433600558707 69.52087 -10.09963 237.9427
410 67.88121832428037 -1.9733550615790396 239.60098039366176 69.42542 -10.1059 238.4416
411 67.78226366801492 -1.9788996952895104 240.08204993493453 69.315 -10.11569 238.9201
412 67.63944167427363 -1.9827983106962226 240.55320866392265 69.18511 -10.12556 239.3949
413 67.48782721156539 -1.9900194960823443 240.99400805727444 69.02217 -10.13488 239.8316
414 67.30414164900526 -2.0162696905264226 241.43504593138346 68.84642 -10.14043 240.2766
415 67.13953750459552 -2.0169227843792483 241.8816632933518 68.64775 -10.14643 240.7091
416 66.9218599408645 -2.0202962707375067 242.273858306372 68.41495 -10.15095 241.0925
417 66.64412734791435 -2.019163049597742 242.640966105694 68.16609 -10.16774 241.4794
418 66.36819331269793 -2.0176459145003727 243.00381670168395 67.89906 -10.18148 241.8486
419 66.16230140543463 -1.9715059835520372 243.37444985926103 67.60937 -10.18159 242.1616
420 65.83972815986729 -1.966754602273463 243.67504798387276 67.31827 -10.18322 242.4928
421 65.54952386403782 -1.950015924461738 244.0093597752401 67.0089 -10.18416 242.8099
422 65.22057298915584 -1.9457578128781892 244.27878297951196 66.67291 -10.17111 243.0702
423 64.88749831411693 -1.9125130862239554 244.56010247829832 66.33224 -10.16386 243.3442
424 64.53109288441152 -1.888454186433773 244.7965246346572 65.98247 -10.15157 243.5912
425 64.1849854438329 -1.8797183608738044 245.0166737244303 65.62105 -10.13305 243.7845
426 63.81657885341389 -1.850544727070077 245.20889249491464 65.26011 -10.11788 243.9919
427 63.44477448998311 -1.8314705135536864 245.3826003459536 64.89784 -10.09595 244.1844
428 63.50945186644112 -1.8146810275186296 245.77878472655584 64.52042 -10.07158 244.32
429 63.1146593362928 -1.8392818701045066 245.89168828709828 64.1403 -10.04135 244.4743
430 62.71107581773903 -1.7961494337391208 246.00849550855713 63.73047 -10.01139 244.5719
431 62.27609809352378 -1.778232487060077 246.0502888242812 63.3085 -9.982249 244.6831
432 61.8331049623128 -1.7626512753376877 246.13190895195297 62.86751 -9.956809 244.7727
433 61.375675887391466 -1.730316536692538 246.2148098068482 62.40525 -9.929802 244.8251
434 60.90590177182323 -1.7241402205293679 246.2337112081119 61.93966 -9.901649 244.8844
435 60.42349923568616 -1.702632694657905 246.2544864304551 61.45894 -9.873647 244.926
436 59.92621385731979 -1.674980550630804 246.24823969252932 60.96195 -9.844318 244.9414
437 59.425146702857184 -1.6676638698112316 246.22497178620893 60.4615 -9.81181 244.9539
438 58.911864004047715 -1.651560895234034 246.18451962620935 59.94742 -9.779054 244.952
439 58.38761447153616 -1.6195099467774436 246.14841809759287 59.42184 -9.749152 244.9457
440 57.85117815554519 -1.5981286599681677 246.12702800585816 58.88559 -9.72066 244.9283
441 57.3021188020357 -1.571258930896788 246.08134275240184 58.33537 -9.69156 244.9021
442 56.7414274693517 -1.532043239441197 246.01813194805882 57.77118 -9.660943 244.8764
443 56.17731265960606 -1.4720702683369173 245.8963824582383 57.19241 -9.62949 244.8503
444 55.581263683601286 -1.4418228877179187 245.86181543630477 56.59598 -9.598446 244.824
445 54.97637695878743 -1.423012376895561 245.74594539493273 55.98115 -9.567377 244.7978
446 54.344769779618886 -1.3850939609202915 245.7002635242543 55.34817 -9.534743 244.7709
447 53.691935651363714 -1.350235021887952 245.65236282463673 54.69404 -9.501856 244.7438
448 53.02012709976627 -1.3133660577396036 245.61082024041076 54.02129 -9.467967 244.7179
449 52.338149638628984 -1.2714895190486506 245.54940597652194 53.33773 -9.428068 244.6758
450 51.650031612768274 -1.2325520452102308 245.47796304574752 52.65042 -9.376197 244.6048
451 50.93865972150561 -1.191166848547109 245.47508436505487 51.94411 -9.321575 244.5279
452 50.20008170096427 -1.142668126187663 245.42134376793564 51.20668 -9.271451 244.4614
453 49.44339736030162 -1.0895958445721319 245.3818780796858 50.45197 -9.222874 244.3907
454 48.65900402068473 -1.0400733124852524 245.3239717409622 49.66726 -9.176746 244.3343
455 47.860092992829344 -1.0170012663050987 245.26349585522166 48.86814 -9.139656 244.2845
456 47.04950316506966 -0.9839793348149171 245.22531145638962 48.05807 -9.108985 244.235
457 46.219428566694404 -0.9722758316068343 245.13108938493704 47.22454 -9.074933 244.1891
458 45.37679070183344 -0.9302172659048098 245.08809379303932 46.38186 -9.03982 244.141
459 44.51097108842289 -0.884863048379229 245.03663803485577 45.51505 -9.002662 244.1009
460 43.645314141784965 -0.8603530447816092 244.99790484389325 44.65008 -8.966351 244.0565
461 42.7771966246499 -0.8289726222400735 244.9504630133492 43.78198 -8.926032 244.016
462 41.91527088599874 -0.8049002258913864 244.94782762255107 42.92179 -8.888812 243.9692
463 41.05318633130307 -0.7673360839193051 244.9158284279663 42.06014 -8.851693 243.9267
464 40.187220645306446 -0.7343042829960655 244.85751303205615 41.19342 -8.814679 243.8841
465 39.310785865029786 -0.6922637529180831 244.81057468870915 40.31659 -8.777811 243.8403
466 38.441816154083774 -0.6598900493810964 244.77502960362423 39.44834 -8.740525 243.7937
467 37.57241182810825 -0.6415011850343008 244.7133277678081 38.57904 -8.699355 243.7424
468 36.70348316079414 -0.6160433981612286 244.6205895342243 37.70694 -8.641674 243.7224
469 35.827593766315864 -0.595715357544146 244.5794622295941 36.83197 -8.584315 243.7018
470 34.96252125620958 -0.577807199585599 244.4993923600992 35.96532 -8.533757 243.6638
471 34.09357213446805 -0.5637325437172859 244.4199757432561 35.09489 -8.481095 243.6298
472 33.2264374936201 -0.5396936530728519 244.35553128851342 34.22783 -8.428708 243.5838
473 32.34178826768882 -0.5213054327253824 244.27310555398455 33.34194 -8.373309 243.5406
474 31.47509563522081 -0.48776147739869447 244.18443977937727 32.47295 -8.324969 243.489
475 30.597111143663415 -0.45683537631347676 244.0988364249958 31.59247 -8.284474 243.4415
476 29.732369298243597 -0.4297534360256438 243.96890896131254 30.71981 -8.245801 243.3929
477 28.865608231663792 -0.40374399456010723 243.90404306413166 29.85195 -8.2145 243.3482
478 28.004339804014922 -0.3866061387409866 243.8165682782665 28.98709 -8.189127 243.315
479 27.143207962582387 -0.35926661750708483 243.7533284642669 28.12453 -8.151992 243.2849
480 26.284605231795005 -0.33393022616716006 243.68870850640315 27.2642 -8.118056 243.2585
481 25.434999361946467 -0.3175208893699686 243.64646289898917 26.41452 -8.084825 243.2298
482 24.584187541487843 -0.3026591199026171 243.5932847610265 25.56309 -8.045766 243.2081
483 23.745256580717616 -0.2919706202890037 243.54389819668813 24.72405 -8.010156 243.1749
484 22.90298936931319 -0.2783268214855016 243.4844605642638 23.88069 -7.985757 243.1391
485 22.071513737334236 -0.27326174367458594 243.4166694907514 23.04725 -7.958451 243.1145
486 21.23479252049691 -0.2702218734934726 243.37926661974484 22.21039 -7.933477 243.091
487 20.40557142053505 -0.2419082182492874 243.34877811324233 21.38123 -7.910159 243.0551
488 19.58735081396386 -0.2462457380138003 243.22828486673635 20.55536 -7.887252 243.0172
489 18.768216506939094 -0.23142741254510563 243.18949015883237 19.73633 -7.865476 242.9795
490 17.95975622128226 -0.21820950071921028 243.11426494764208 18.92549 -7.84405 242.9405
491 17.15060904265665 -0.19068563662770166 243.07887475250726 18.11645 -7.824628 242.898
492 16.349346397942945 -0.16670222130308762 242.9850946726835 17.31107 -7.802514 242.8504
493 15.544316529996546 -0.15816009829486086 242.88964287306865 16.50231 -7.778565 242.7995
494 14.744099424666713 -0.15526267146356582 242.81790309509094 15.70147 -7.748232 242.7426
495 13.950488374204824 -0.14349681602477246 242.70069464755167 14.90179 -7.72312 242.6828
496 13.159704879667629 -0.1337613476310895 242.60210738109862 14.10837 -7.697842 242.6121
497 12.375529608519958 -0.11126861574930458 242.51054060549762 13.3226 -7.672823 242.5362
498 11.592632374757935 -0.07313578558638961 242.4660168721913 12.542 -7.650837 242.4553
499 10.825048108786524 -0.043118474247160504 242.3594781423646 11.77083 -7.627257 242.3767
500 10.063882228321933 -0.009957509994620542 242.27719589821433 11.00912 -7.604613 242.2959
501 9.316738317114181 0.026796169285277907 242.1718732193006 10.25808 -7.58108 242.2181
502 8.576426112669143 0.05429405161754118 242.07674923248888 9.515117 -7.565821 242.143
503 7.850438216945003 0.09102699970722627 241.9977556881535 8.787789 -7.550347 242.0695
504 7.144465101203427 0.12191868233464725 241.8931692937488 8.077281 -7.534341 241.9973
505 6.453509203306087 0.16230211964020758 241.79503242407557 7.381882 -7.513435 241.929
506 5.773364852881015 0.22383876213870274 241.74166931284822 6.700094 -7.496876 241.8648
507 5.111865655993404 0.2519749282485088 241.6337243064668 6.032146 -7.478381 241.8054
508 4.464808481524929 0.28845162283955733 241.51866341816162 5.376557 -7.462505 241.7488
509 3.8293344599201173 0.33084330833654296 241.4636869544419 4.739786 -7.443521 241.6958
510 3.207671348421938 0.36951076927370263 241.38729439951624 4.11442 -7.425036 241.6471
511 2.6005091036857033 0.40234639424707663 241.32547547154545 3.50502 -7.403702 241.6056
512 2.005766779484845 0.44018253720170547 241.26664747143943 2.907815 -7.383011 241.5665
513 1.4371612857081946 0.49687392611237985 241.38617761670574 2.325909 -7.36385 241.5237
514 0.8889008609317243 0.5208344967993579 241.2414354966775 1.760074 -7.344447 241.4841
515 0.36017224757700617 0.5601238731763264 241.10115551227523 1.213038 -7.327049 241.4491
516 -0.1649503818142778 0.5871878236931636 241.0421162838198 0.6848531 -7.310814 241.4221
517 -0.6729452321368173 0.6147239781266371 240.9611821748667 0.1703349 -7.299518 241.3995
518 -1.1676170586579797 0.6395187530602109 240.93962957559665 -0.3247848 -7.285113 241.3788
519 -1.6396073287098911 0.6849711208083464 241.01691520249565 -0.8046972 -7.27066 241.3618
520 -2.0939410933692058 0.707469660538472 240.92976015979275 -1.267287 -7.253762 241.3461
521 -2.537536943918654 0.7336339593697981 240.85636975003797 -1.717128 -7.238023 241.3305
522 -2.966604459227167 0.7501388868126178 240.83084518823793 -2.147061 -7.227306 241.3224
523 -3.3776867947350104 0.7779840483711982 240.80589177982964 -2.559693 -7.217072 241.3183
524 -3.7747781757305585 0.802272050494391 240.80191311813124 -2.957329 -7.203941 241.3176
525 -4.1466680359499355 0.8304423227510739 240.86306725692816 -3.335045 -7.191538 241.3211
526 -4.489418052164786 0.8274189600832541 240.7569366164378 -3.693693 -7.183816 241.329
527 -4.834131190933713 0.8263631102113043 240.7564473658672 -4.038108 -7.172216 241.3375
528 -5.158957513758699 0.8280346895070624 240.75443408231683 -4.362696 -7.164628 241.3477
529 -5.459261748227801 0.8337327309131921 240.77598524019893 -4.663567 -7.156169 241.3569
530 -5.708239739885081 0.8659265416146187 240.89937253226674 -4.943153 -7.153234 241.3655
531 -5.957124480360134 0.8961700030974883 240.93082402261615 -5.195608 -7.148566 241.3751
532 -6.178772871104209 0.9200366992111345 240.97944905710642 -5.423479 -7.145945 241.3865
533 -6.370771759275526 0.9303782302407559 240.9489393609601 -5.61774 -7.146376 241.3993
534 -6.540960051916206 0.941790505358707 240.94407421824053 -5.787975 -7.145318 241.411
535 -6.686638821454556 0.9484949354654625 240.96948228827222 -5.935611 -7.14152 241.4211
536 -6.803851343569947 0.9707586013814997 240.95837917072225 -6.055183 -7.140534 241.4288
537 -6.803851343569947 0.9707586013814997 240.95837917072225 -6.148943 -7.141362 241.4357
538 -6.803851343569947 0.9707586013814997 240.95837917072225 -6.224444 -7.140925 241.4423
539 -6.803851343569947 0.9707586013814997 240.95837917072225 -6.292219 -7.144182 241.4481
540 -6.803851343569947 0.9707586013814997 240.95837917072225 -6.347609 -7.147305 241.4535
541 -6.803851343569947 0.9707586013814997 240.95837917072225 -6.391909 -7.151484 241.4576
542 -6.803851343569947 0.9707586013814997 240.95837917072225 -6.421901 -7.154462 241.4586
543 -6.803851343569947 0.9707586013814997 240.95837917072225 -6.441034 -7.157278 241.4574
544 -6.803851343569947 0.9707586013814997 240.95837917072225 -6.44834 -7.158324 241.4564
545 -6.803851343569947 0.9707586013814997 240.95837917072225 -6.445881 -7.158426 241.4562
546 -6.803851343569947 0.9707586013814997 240.95837917072225 -6.44144 -7.1594 241.4561
547 -6.803851343569947 0.9707586013814997 240.95837917072225 -6.441119 -7.161211 241.4563
548 -6.803851343569947 0.9707586013814997 240.95837917072225 -6.441162 -7.161957 241.4591
549 -6.803851343569947 0.9707586013814997 240.95837917072225 -6.439927 -7.160925 241.4626
550 -6.803851343569947 0.9707586013814997 240.95837917072225 -6.435729 -7.162727 241.4683
551 -6.803851343569947 0.9707586013814997 240.95837917072225 -6.435232 -7.164249 241.4733
552 -6.803851343569947 0.9707586013814997 240.95837917072225 -6.44044 -7.166143 241.4828
553 -6.803851343569947 0.9707586013814997 240.95837917072225 -6.449325 -7.162294 241.488
554 -6.803851343569947 0.9707586013814997 240.95837917072225 -6.462353 -7.157896 241.4935
555 -6.803851343569947 0.9707586013814997 240.95837917072225 -6.480607 -7.15323 241.4981
556 -6.803851343569947 0.9707586013814997 240.95837917072225 -6.502415 -7.152502 241.5018
557 -6.803851343569947 0.9707586013814997 240.95837917072225 -6.528339 -7.151255 241.506
558 -6.803851343569947 0.9707586013814997 240.95837917072225 -6.560264 -7.15051 241.5077
559 -6.803851343569947 0.9707586013814997 240.95837917072225 -6.603855 -7.149296 241.509
560 -6.803851343569947 0.9707586013814997 240.95837917072225 -6.662736 -7.149164 241.5123
561 -6.803851343569947 0.9707586013814997 240.95837917072225 -6.742488 -7.14747 241.5161
562 -6.803851343569947 0.9707586013814997 240.95837917072225 -6.841205 -7.146762 241.5229
563 -6.923335227766949 0.9757156867067552 240.95915181959157 -6.960563 -7.146072 241.5303
564 -7.060058246756351 0.9848260245212821 240.9834229916343 -7.099251 -7.145097 241.5417
565 -6.902220313632996 0.975116365235856 240.98735078413245 -7.256774 -7.142968 241.556
566 -6.724746566627928 0.96281782273069 240.99913868370058 -7.433982 -7.138124 241.575
567 -6.917616785174087 0.9887747048716767 241.00811546694828 -7.627305 -7.130703 241.5979
568 -7.120358191724924 0.988385122757114 241.0604696243435 -7.83498 -7.122577 241.6234
569 -7.341923236098349 1.0117444366111472 241.08399608145186 -8.055734 -7.117187 241.6612
570 -7.582303010305325 1.0320911098835868 241.09426151431887 -8.293171 -7.114535 241.705
571 -7.835618793331094 1.0390804383751318 241.10553655512933 -8.540863 -7.111017 241.7596
572 -8.088319845376715 1.0468760054921908 241.16559866115603 -8.793327 -7.102833 241.8206
573 -8.346757011277674 1.0600634885880835 241.23035646238242 -9.050632 -7.098001 241.8908
574 -8.576454983260748 1.1054215029823828 241.38812408053352 -9.316724 -7.092475 241.985
575 -8.84225626988643 1.1214096388201478 241.51228854452606 -9.588231 -7.088248 242.0972
576 -9.121785699871324 1.1442656204458055 241.60919529216133 -9.863606 -7.085354 242.2077
577 -9.406543988709197 1.1326075736198717 241.75168748976995 -10.14807 -7.081455 242.3512
578 -9.70835388244616 1.1368184186123436 241.8540974512138 -10.43713 -7.076031 242.4854
579 -10.045390196859064 1.1733042227845927 241.83019549309594 -10.72766 -7.06956 242.6616
580 -10.334343482966002 1.1956727925845867 242.02299288362315 -11.01459 -7.064329 242.8586
581 -10.640844977464015 1.204815315213386 242.16671549092786 -11.29588 -7.059169 243.0471
582 -10.952189183413173 1.2130412505925752 242.35923332674838 -11.56617 -7.058609 243.2941
583 -11.22255663644544 1.2355477103262773 242.62045814756775 -11.82781 -7.059708 243.565
584 -11.449601441778427 1.247765051276548 242.88792462548116 -12.07917 -7.054224 243.81
585 -11.684291782397667 1.2575936381636987 243.20250870502244 -12.31767 -7.048075 244.1218
586 -11.909682819466218 1.2570954312126699 243.49166717312426 -12.54841 -7.040201 244.4066
587 -12.1412867119191 1.2740031448496207 243.84678990753625 -12.76645 -7.039227 244.7706
588 -12.345619658136908 1.3027265238935475 244.2387745327899 -12.96987 -7.04187 245.1641
589 -12.48941095836197 1.2867174958819503 244.62586135406224 -13.15225 -7.045521 245.5349
590 -12.705278140739047 1.2846158467084876 245.0489672475964 -13.31828 -7.056461 245.9798
591 -12.93074998425058 1.3091246079650734 245.47844483349488 -13.46958 -7.066833 246.4412
592 -13.046475660718178 1.3280731464342665 245.92863697835304 -13.60271 -7.074069 246.8869
593 -13.212931415138359 1.3466386202122322 246.40962069203553 -13.72235 -7.081737 247.3819
594 -13.355226089338062 1.3656375802023177 246.89551881281258 -13.82811 -7.091706 247.8773
595 -13.50279982239303 1.393367169856641 247.42780052055653 -13.91896 -7.107983 248.4226
596 -13.633316272075255 1.410272346575573 247.98412908033345 -13.99361 -7.126064 248.9891
597 -13.748896409682757 1.435497927803831 248.5445099535182 -14.05752 -7.143097 249.558
598 -13.79478337661061 1.4493771665985815 249.1552328192377 -14.10353 -7.161301 250.1686
599 -13.903917589606486 1.4379748105049073 249.75411144039418 -14.14237 -7.177194 250.776
600 -13.946766511009649 1.4598430584513507 250.3833101819078 -14.17621 -7.19411 251.4059
601 -14.044826503583618 1.4796315422424835 251.02854231987493 -14.21087 -7.21106 252.0577
602 -14.082660564221039 1.4903309667712008 251.69483673938586 -14.24036 -7.227459 252.7243
603 -14.127922764774349 1.5107608667111454 252.37437015275898 -14.26469 -7.244408 253.405
604 -14.080016085748495 1.5393978415886784 253.07083899324977 -14.28735 -7.262488 254.1031
605 -14.1121144389408 1.566355198521511 253.78396003067505 -14.30712 -7.282421 254.8169
606 -13.917577772439063 1.6176941889143248 254.4835028937305 -14.32889 -7.302451 255.5442
607 -13.955589955672766 1.6581271163720501 255.22801404179484 -14.34971 -7.323118 256.2902
608 -14.026026794516701 1.6782367645737506 255.9897664143752 -14.37576 -7.341575 257.0548
609 -14.110038111964428 1.6823519076076954 256.76858294420396 -14.39965 -7.358411 257.8376
610 -14.299291423470779 1.6733482668203223 257.5408393427125 -14.4226 -7.37266 258.6323
611 -14.397716116037266 1.6821052252632194 258.3438603780883 -14.44732 -7.385382 259.4409
612 -15.207530258047932 1.6686927520911194 258.4883969512174 -14.47138 -7.396035 260.2632
613 -15.216113476879336 1.6649202464031214 259.3198119165358 -14.49886 -7.409775 261.0941
614 -15.241193765089282 1.6841410554658567 260.16922834303296 -14.52874 -7.427194 261.9434
615 -15.321286351280277 1.7010471004958803 261.0306225770209 -14.56159 -7.448031 262.8078
616 -15.374712121875808 1.6949191452709502 261.9138427052687 -14.59164 -7.46886 263.6919
617 -15.403650760056617 1.7143401192556513 262.8076545529043 -14.62306 -7.489532 264.5856
618 -15.438766873482749 1.7266988709808677 263.71365947745744 -14.65282 -7.507641 265.4917
619 -15.434095309967018 1.7587413527520144 264.6257646475208 -14.68155 -7.522891 266.4038
620 -15.384969086022181 1.7761958903259356 265.5439737634633 -14.70869 -7.535572 267.323
621 -15.382454581816257 1.8043315534449986 266.47561135111715 -14.73976 -7.552162 268.2544
622 -15.416737915336535 1.8049862401632226 267.420058683976 -14.77556 -7.575616 269.1985
623 -15.462781497509463 1.8088679916698625 268.3834762929836 -14.81424 -7.605036 270.1618
624 -15.576698721087704 1.818189700506787 269.3512511739949 -14.85834 -7.636316 271.1348
625 -15.607433684463734 1.805488093395806 270.339187558993 -14.90154 -7.666176 272.1219
626 -15.644253356762327 1.791972211187644 271.343453895352 -14.944 -7.692098 273.1257
627 -15.634889666597674 1.818466918664131 272.3528031782993 -14.97353 -7.71705 274.1347
628 -15.758669156175296 1.8299543490671675 273.3534441787943 -15.00587 -7.737837 275.1423
629 -15.836149246965684 1.8373044369237421 274.3645580514954 -15.03534 -7.76151 276.1557
630 -15.844526832201666 1.8184171650939762 275.385246409313 -15.06955 -7.787226 277.1757
631 -15.887341372501945 1.8225937882921184 276.4174190041214 -15.10295 -7.816972 278.2078
632 -15.889365425498305 1.830251344060091 277.4560312315086 -15.14094 -7.847445 279.2453
633 -15.967032273303825 1.8751381144362276 278.5013855172095 -15.17521 -7.874001 280.2936
634 -16.032448368348483 1.8773846063124353 279.5532098123312 -15.21559 -7.902476 281.3463
635 -16.104814478507915 1.9036663764644908 280.6029954897826 -15.25743 -7.930494 282.3977
636 -15.9754543578569 1.8884345284133357 281.6446466444477 -15.29723 -7.955939 283.4464
637 -15.994788045604002 1.897762825466597 282.69732231405925 -15.34119 -7.990759 284.4978
638 -16.023144961451646 1.8987576706553473 283.7565589838393 -15.38588 -8.031229 285.5557
639 -16.01929220341613 1.8961752385382282 284.8223581555038 -15.43659 -8.06989 286.6196
640 -16.095502596256598 1.9014218381815764 285.88687293657136 -15.48438 -8.105104 287.6852
641 -16.16085139965008 1.9327506617745271 286.95159978623576 -15.53562 -8.139637 288.7506
642 -16.207189468411645 1.9451130296159356 288.0124724221072 -15.58579 -8.171223 289.8109
643 -16.220194642918408 1.9276286192856844 289.06942671156696 -15.63834 -8.199249 290.8664
644 -16.28732830540195 1.943993448724733 290.11690048466244 -15.68736 -8.224551 291.9147
645 -16.34946028225514 1.939642018798649 291.16143953182103 -15.73624 -8.251678 292.9596
646 -16.365116169163233 1.943717782116847 292.2014097599331 -15.78736 -8.281877 293.998
647 -16.46629003489102 1.956215707690812 293.2364749137621 -15.83486 -8.313716 295.0365
648 -16.564588197110368 1.9607569633359383 294.26901760750485 -15.88531 -8.348776 296.0719
649 -16.64385103215118 1.9635552447720483 295.3029533162906 -15.93564 -8.385496 297.107
650 -16.693084387703234 1.972167421585536 296.3360474458526 -15.99106 -8.423964 298.1391
651 -16.768982582525535 1.993092358711986 297.3617383447388 -16.04697 -8.461541 299.1656
652 -16.890946529769877 2.0083974751365616 298.3820200196741 -16.10293 -8.494666 300.1912
653 -16.8999755084325 1.99862584934603 299.40961612082407 -16.16193 -8.522851 301.2168
654 -16.975768143225018 2.0015314694643798 300.4381900944317 -16.21966 -8.545531 302.2463
655 -17.06932911731114 2.0090683006378405 301.4636855073458 -16.27711 -8.564683 303.2743
656 -17.110639680280695 2.018969062647124 302.48421282358913 -16.33433 -8.585233 304.2939
657 -17.1678533808803 2.0257814168415247 303.5045107393324 -16.38971 -8.606509 305.3141
658 -17.30457720493695 2.0233110487583263 304.5187141562394 -16.44631 -8.631852 306.3356
659 -17.387939626662476 1.962793262351126 305.5364761770834 -16.50343 -8.662702 307.3565
660 -17.4938225856832 1.9625266701324402 306.55475831909644 -16.55969 -8.692187 308.3783
661 -17.4731044640509 1.9540819760609176 307.5778593257224 -16.61304 -8.722646 309.3998
662 -17.569988596080385 1.9309482190025988 308.60481611800054 -16.66632 -8.754727 310.4297
663 -17.692948431683497 1.9480665080556168 309.62785545616373 -16.70935 -8.785016 311.4589
664 -17.72929163947111 1.9682642126460326 310.6596099984779 -16.75029 -8.813019 312.4903
665 -17.763805117735597 1.9734256311727292 311.69549338139404 -16.79627 -8.839964 313.5254
666 -17.82424985457606 1.9982899869019755 312.7325795275837 -16.8393 -8.86701 314.5633
667 -17.869824694953163 2.010015754245897 313.777740069367 -16.88389 -8.894774 315.6082
668 -17.93548175506204 2.032389202660402 314.8246960412244 -16.92691 -8.922586 316.6562
669 -17.92942652146338 2.0647764811926166 315.8786555698285 -16.97227 -8.954986 317.7092
670 -17.989177900842826 2.077533653901168 316.9383635838378 -17.02224 -8.983779 318.7691
671 -18.04588692864052 2.0988589142322525 318.00080011189357 -17.06905 -9.017426 319.8317
672 -18.153802391173784 2.125040944257874 319.0579824598591 -17.1184 -9.048416 320.8931
673 -18.226244394928674 2.144499767981037 320.13021991597935 -17.17214 -9.08471 321.966
674 -18.30050779897605 2.155764158914972 321.2089823712053 -17.22368 -9.122043 323.0455
675 -18.351163447172013 2.1682459000161156 322.2917991852925 -17.2817 -9.164148 324.1272
676 -18.41676625028544 2.179573265451723 323.37613490293717 -17.33875 -9.20251 325.2114
677 -18.437064525705917 2.1937796858083485 324.46054417105347 -17.39586 -9.238189 326.294
678 -18.49630045696538 2.2114598672153494 325.5422981187002 -17.45438 -9.272285 327.3754
679 -18.566090955784993 2.210961048228601 326.6186308537678 -17.50894 -9.305503 328.4521
680 -18.573120819051496 2.2001154483689436 327.6926744957965 -17.56163 -9.339167 329.5244
681 -18.65752697044157 2.2070536570311137 328.76064732015675 -17.61419 -9.373015 330.5939
682 -18.761057548393765 2.224503168200386 329.82558327307305 -17.66713 -9.40848 331.6621
683 -18.82100339225786 2.238722983781274 330.89481407953355 -17.71901 -9.442686 332.7313
684 -18.86715502171925 2.238522710164801 331.9670627632304 -17.77586 -9.476537 333.8025
685 -18.92524354616207 2.2577146814825744 333.03778089435593 -17.83594 -9.508603 334.8728
686 -18.985176237490784 2.278158442593776 334.1048709051848 -17.90043 -9.541916 335.9393
687 -19.035276647526 2.291667175901648 335.16158994150413 -17.95961 -9.572257 336.9952
688 -19.08989372954205 2.2976948075395396 336.21389523945373 -18.01787 -9.602235 338.0469
689 -19.148364756444934 2.328016462250842 337.2648199464202 -18.07196 -9.634547 339.098
690 -19.273844922524646 2.356175596745808 338.2953273508041 -18.12844 -9.671642 340.1343
691 -19.326624800323714 2.361034299036854 339.3253571768342 -18.18459 -9.708592 341.1635
692 -19.29578989249135 2.351006325451219 340.3446833665109 -18.23973 -9.742058 342.1813
693 -19.401138006497956 2.3787480422658436 341.351433284961 -18.29564 -9.773282 343.1919
694 -19.451264322746578 2.3993347956971007 342.3520178573623 -18.34619 -9.800677 344.1923
695 -19.520678700345417 2.4137052467024134 343.3433638680818 -18.39821 -9.82937 345.1844
696 -19.537742110008356 2.4411711427454272 344.3293149114476 -18.45308 -9.855773 346.169
697 -19.58754577671173 2.455714041102449 345.30525725775266 -18.51181 -9.882062 347.1442
698 -19.66542280795583 2.4586815579943413 346.26608710913587 -18.57248 -9.908893 348.1059
699 -19.768134182792668 2.46852793827468 347.21306490278175 -18.63261 -9.935871 349.0562
700 -19.846025105563857 2.4801582384558913 348.15271350579866 -18.69263 -9.964349 349.9968
701 -19.787770547011146 2.467348953848612 349.0815410470353 -18.75506 -9.993081 350.925
702 -19.857553225387615 2.4526284697093184 349.9974047507414 -18.81771 -10.02007 351.8411
703 -19.931373808794213 2.455258324610698 350.89310975119 -18.87668 -10.04361 352.7376
704 -19.982156037432855 2.4557023754712137 351.7753612229221 -18.93231 -10.06499 353.6193
705 -20.050990878694535 2.456073352070053 352.64378167264954 -18.98645 -10.09002 354.4884
706 -20.142088467539466 2.4735312906277334 353.49115211790235 -19.03898 -10.11649 355.3388
707 -20.11482726939466 2.4766071662174083 354.32558109155144 -19.08444 -10.14361 356.172
708 -20.106872638252824 2.46340724939818 355.1373550604241 -19.12487 -10.17245 356.9824
709 -20.144379932634994 2.477997631645198 355.9256116398537 -19.1617 -10.2038 357.7702
710 -20.233700018513126 2.4823617459847798 356.69620134518635 -19.19084 -10.23706 358.5447
711 -20.30580550156162 2.484901781816614 357.43854423902474 -19.22093 -10.26248 359.2895
712 -20.312489054654637 2.50421454181669 358.1620918915116 -19.25385 -10.28902 360.0121
713 -20.312951287059363 2.512158470824626 358.8600235664147 -19.28152 -10.31346 360.7091
714 -20.337990604346356 2.5224455256889287 359.5292295215526 -19.31045 -10.34004 361.3777
715 -20.288441826708375 2.539787231232046 360.1729817790892 -19.33791 -10.36798 362.0224
716 -20.357162536758384 2.5413589048235794 360.79602707989187 -19.36488 -10.39159 362.6482
717 -20.45869694500101 2.5657635203272795 361.39366985779935 -19.39005 -10.41291 363.254
718 -20.398642971298877 2.5908217958316717 361.97856820030967 -19.41263 -10.43387 363.8417
719 -20.421349621004982 2.5987029415865814 362.54224466575835 -19.43538 -10.46051 364.4048
720 -20.49423399432146 2.598134769814351 363.0794847596708 -19.45834 -10.48547 364.9459
721 -20.541994354173685 2.592215105739736 363.58888947942125 -19.48219 -10.50845 365.4565
722 -20.559048403594563 2.602576167901241 364.07992286880454 -19.51293 -10.52766 365.9466
723 -20.623191704377504 2.595865421757671 364.54846777705865 -19.55244 -10.54957 366.4174
724 -20.64433056633663 2.643109138700443 365.0065622104722 -19.59573 -10.57038 366.8759
725 -20.693446838075058 2.6618150753900824 365.4534746071263 -19.64989 -10.59195 367.3221
726 -20.77390358059095 2.6457703894585225 365.88495789606935 -19.71691 -10.61419 367.7556
727 -20.801170094014406 2.6560638459620556 366.3293102388098 -19.79756 -10.63599 368.193
728 -20.909940221804213 2.66818814499096 366.7615116260978 -19.89223 -10.65635 368.6282
729 -21.007836354322 2.668949469135747 367.178251113576 -19.99201 -10.67197 369.0442
730 -21.069960296099765 2.669145899291873 367.61736251512826 -20.11145 -10.69258 369.4708
731 -21.225586378601584 2.659159940039348 368.03323051421324 -20.25209 -10.71488 369.8915
732 -21.429755756203807 2.6673322769206917 368.38768431354316 -20.4131 -10.73262 370.2672
733 -21.55336468187201 2.6734106116569785 368.8051392570305 -20.59635 -10.74732 370.6619
734 -21.84035716404433 2.6676623367797285 369.13655663151843 -20.79175 -10.75976 371.0542
735 -22.055551069916877 2.6845199379114066 369.4647246189264 -20.99448 -10.76923 371.3905
736 -22.324897484887885 2.678898392461808 369.8059582917505 -21.22593 -10.77923 371.7584
737 -22.59118568838781 2.682392811157601 370.1633680455552 -21.48733 -10.79175 372.1192
738 -22.880312781526072 2.7059381017206534 370.4467778721416 -21.76792 -10.78903 372.412
739 -23.189413630511726 2.7449594024599775 370.796471739038 -22.07385 -10.78485 372.7666
740 -23.580657293527434 2.7691952376124043 371.0674156621006 -22.40006 -10.77442 373.1138
741 -23.951896833180403 2.775734153868262 371.29002561734166 -22.74041 -10.76969 373.3813
742 -24.330139472194556 2.797515746074681 371.6054802725182 -23.11657 -10.76253 373.6999
743 -24.7005832147814 2.825115825192198 371.86984442082684 -23.51416 -10.74819 373.9226
744 -25.099907059317665 2.8483892043267405 372.17167557744995 -23.9314 -10.72974 374.1995
745 -25.559181360036714 2.863625750484578 372.39074478582984 -24.37041 -10.71168 374.4566
746 -25.99615100791179 2.8547299558410204 372.58216980450186 -24.82872 -10.70388 374.5891
747 -26.486257434413602 2.847026985151325 372.74946474687664 -25.3119 -10.6949 374.7754
748 -26.990416598190965 2.8600328019328183 372.8766512607417 -25.80661 -10.68257 374.9355
749 -27.48749156284177 2.8666138313217724 372.99556499993776 -26.31378 -10.66974 374.9978
750 -28.031078094870594 2.888483306464418 373.0378454546878 -26.84913 -10.65755 375.1027
751 -28.587545072593674 2.90848403973131 373.0889011015109 -27.40599 -10.64986 375.1528
752 -29.15185587441357 2.920050359385991 373.0656077548422 -27.96897 -10.63684 375.108
753 -29.722954742654522 2.9170103128124594 373.02143828902325 -28.54132 -10.62462 375.0885
754 -30.30472757998494 2.938817309441337 372.98054134485204 -29.12195 -10.60557 375.0327
755 -30.90397797751809 2.943600746532012 372.9191239964401 -29.72223 -10.58472 374.9866
756 -31.514812851456607 2.9748859651730304 372.8875356144763 -30.33161 -10.56036 374.9304
757 -32.130722072459704 3.001990684864074 372.8314932425259 -30.94654 -10.53899 374.8624
758 -32.747297748776845 3.0224522128482305 372.7732092889314 -31.5615 -10.51891 374.7889
759 -33.36253401422886 3.057141792519446 372.6884060340712 -32.17858 -10.49498 374.7144
760 -33.98981373033703 3.0949777376416447 372.6122359545389 -32.8073 -10.46742 374.6461
761 -34.63578229236679 3.1535429692148482 372.54376117801513 -33.45603 -10.44538 374.5824
762 -35.30316738351823 3.210283387831775 372.4929812774248 -34.1246 -10.4301 374.5193
763 -35.985671990151054 3.2544601726215103 372.453130053973 -34.80652 -10.4195 374.4543
764 -36.67323820784264 3.292941146015815 372.3946397652413 -35.49402 -10.40427 374.3853
765 -37.369561248258414 3.3386735954059565 372.3131987837953 -36.19251 -10.38614 374.312
766 -38.07805662730891 3.3876312565787576 372.23972719692944 -36.90223 -10.36462 374.2372
767 -38.79892187446722 3.4332626254229726 372.1657608794817 -37.62426 -10.34508 374.1631
768 -39.53356791197921 3.4919682670788137 372.0983766431524 -38.36035 -10.32578 374.089
769 -40.28336846597879 3.5375220159730603 372.0266470468646 -39.11122 -10.30501 374.017
770 -41.0540710722419 3.603631197158181 371.96589195356154 -39.88459 -10.28617 373.9571
771 -41.83410538856735 3.696289835042884 371.8600985876068 -40.67409 -10.26296 373.8909
772 -42.63137072917499 3.763719000587241 371.78188039726865 -41.47522 -10.24075 373.8277
773 -43.450360397308714 3.822814615543164 371.7486499611719 -42.29422 -10.20926 373.7678
774 -44.27925985647541 3.905471406258007 371.72810687372487 -43.12535 -10.17746 373.7174
775 -45.12821245325444 3.9882016518012806 371.6716631628752 -43.97811 -10.14326 373.6686
776 -45.9997257170581 4.070146925454529 371.66323720060524 -44.85127 -10.10567 373.6186
777 -46.87892477596835 4.130575320232534 371.5864738160012 -45.73389 -10.07084 373.5706
778 -47.76739853462864 4.199733762535968 371.5117500116936 -46.62626 -10.02954 373.5291
779 -48.66123316040305 4.268238050324016 371.4554751408332 -47.52284 -9.991003 373.4909
780 -49.5591465270261 4.333577114822346 371.4216693408705 -48.42205 -9.953142 373.4503
781 -50.46146919261554 4.398853994775625 371.3696218971664 -49.32645 -9.914375 373.4089
782 -51.369024992199826 4.4784003986314795 371.31923585203964 -50.23736 -9.876888 373.372
783 -52.28164463529142 4.5563248068395605 371.2645606854211 -51.15358 -9.841602 373.3369
784 -53.20120476746444 4.632269900489979 371.22581216811585 -52.07555 -9.806627 373.2968
785 -54.123923832442436 4.700557953381058 371.18905825411395 -53.00011 -9.773933 373.2575
786 -55.041738167814295 4.769728696671477 371.16906100043883 -53.91919 -9.738669 373.2173
787 -55.95774316517376 4.829290486599109 371.1202681800849 -54.83668 -9.701954 373.1742
788 -56.87409711611345 4.893969202669245 371.07387723629495 -55.75461 -9.666145 373.1277
789 -57.78496470615764 4.961571316692321 371.01346563727884 -56.66814 -9.629948 373.0824
790 -58.697038576681486 5.023211294010316 370.9485664592188 -57.58298 -9.595395 373.0404
791 -59.6014435173175 5.082347887318258 370.88953006845776 -58.48949 -9.561552 372.9954
792 -60.50953564226476 5.14575703720558 370.8345913016048 -59.39958 -9.525374 372.9496
793 -61.41609372308235 5.213682487325333 370.7783852422665 -60.30854 -9.48765 372.905
794 -62.3206087711673 5.306041365607936 370.7234844028263 -61.21711 -9.447759 372.854
795 -63.23013362673858 5.380236419048879 370.6800270486508 -62.12827 -9.413426 372.7971
796 -64.12861324759598 5.476623442139983 370.6220018323 -63.03109 -9.379269 372.7365
797 -65.02932596895185 5.549983706833364 370.5722803532813 -63.93282 -9.341901 372.6685
798 -65.91741273260914 5.623997094908102 370.4620804024355 -64.82727 -9.302409 372.5998
799 -66.81042329248547 5.696146273222143 370.4019669096242 -65.72199 -9.267669 372.5323
800 -67.69976035652415 5.803609806543648 370.38775915040276 -66.61519 -9.234586 372.4709
801 -68.58935456950746 5.8837501140422575 370.3021994967708 -67.5092 -9.200919 372.4021
802 -69.48411132542324 5.95683035965713 370.2520036933614 -68.40522 -9.171513 372.3333
803 -70.37362774161137 6.020620095169782 370.15230853249574 -69.30001 -9.143158 372.2717
804 -71.25693550549457 6.084627813762808 370.0758340398843 -70.18617 -9.112672 372.2087
805 -72.14081664381314 6.163636348216277 370.0449519587827 -71.07138 -9.081827 372.1463
806 -73.02151611584262 6.247957281044495 369.94958481533195 -71.95849 -9.051563 372.0834
807 -73.89765869177178 6.320785398703646 369.81738129273737 -72.84534 -9.021905 372.0284
808 -74.78177139219896 6.394044807969693 369.77212406744286 -73.73148 -8.989193 371.9759
809 -75.65874965936257 6.4846658037365 369.71322967082557 -74.61312 -8.955145 371.9277
810 -76.53780098451095 6.567201511656793 369.6725636808955 -75.49532 -8.920653 371.8861
811 -77.40938437642534 6.631665697678014 369.61633065231257 -76.36962 -8.885715 371.8493
812 -78.28061906155843 6.708515008210613 369.5808568766367 -77.24379 -8.853528 371.8176
813 -79.15069814103063 6.779498833750554 369.5548966181536 -78.11605 -8.82199 371.7873
814 -80.01653465691552 6.85909899018714 369.5413370516205 -78.98474 -8.793073 371.7602
815 -80.87914230903287 6.924168025842536 369.50698371158717 -79.84974 -8.767265 371.7354
816 -81.74530974025798 6.988004110368628 369.48792785825367 -80.71785 -8.739272 371.7185
817 -82.60706013688825 7.080689921096575 369.5002956930794 -81.58408 -8.709843 371.7068
818 -83.4678894792002 7.164594985312189 369.5230395131135 -82.44873 -8.680237 371.6974
819 -84.32405493746968 7.264392060004435 369.5768926373781 -83.31178 -8.648349 371.6948
820 -85.1786092707714 7.335423569605932 369.5682958761291 -84.16878 -8.617964 371.698
821 -86.02373993429467 7.391506488263492 369.5451231247261 -85.01559 -8.589614 371.7041
822 -86.84877027387954 7.4565210576876915 369.54968695327756 -85.84271 -8.562016 371.7099
823 -87.6562542521081 7.51736855597511 369.5652223036864 -86.65213 -8.5347 371.7181
824 -88.44763505208047 7.578176795353301 369.56900958342453 -87.44548 -8.511473 371.7253
825 -89.21640028864661 7.631027316504686 369.5757407168671 -88.21569 -8.488287 371.7341
826 -89.96590567049188 7.679023283541239 369.596693881359 -88.96671 -8.4681 371.742
827 -90.69313857014268 7.727859541854495 369.6113334599195 -89.69543 -8.448239 371.7483
828 -91.39288058797797 7.797324529280781 369.6902438762005 -90.40266 -8.426609 371.7553
829 -92.07558435019187 7.844470981915625 369.71206119874313 -91.08715 -8.410589 371.7554
830 -92.73207164444351 7.87299452518199 369.70073527530633 -91.74421 -8.396913 371.7538
831 -93.36356832146248 7.915936126162052 369.6959705927078 -92.37686 -8.377804 371.7472
832 -93.97543123470611 7.965576014534514 369.721013625679 -92.99091 -8.359815 371.7379
833 -94.56816427991559 8.006050924569337 369.7214907612563 -93.58457 -8.343593 371.7213
834 -95.16383946556195 8.034347210196936 369.6894459272599 -94.18117 -8.327124 371.7
835 -95.756741043671 8.075056849034269 369.68703157319527 -94.7746 -8.309292 371.6732
836 -96.34807676349673 8.119305226118538 369.67287497969374 -95.36688 -8.292758 371.6455
837 -96.93517806627332 8.148079956919405 369.6439402385444 -95.95417 -8.278958 371.6101
838 -97.49292526885183 8.145640793280458 369.4669533876301 -96.5378 -8.263858 371.5706
839 -98.0720270494511 8.168942688274932 369.44420680343774 -97.116 -8.247622 371.5277
840 -98.64494829085498 8.218908145576096 369.3784933181101 -97.6929 -8.229449 371.484
841 -99.2184558769889 8.257969976559105 369.3090252037618 -98.26993 -8.213451 371.4388
842 -99.79041244845766 8.281633534610894 369.22378934767397 -98.84636 -8.199034 371.389
843 -100.37383518719051 8.325386163549306 369.2052605614367 -99.42884 -8.186657 371.3324
844 -100.96303547432359 8.366408323550056 369.1772641268035 -100.0168 -8.171096 371.2717
845 -101.55500866085514 8.433825670266481 369.14761894693555 -100.6101 -8.156426 371.2114
846 -102.14290730544322 8.474659052910862 369.00813758911914 -101.2124 -8.141451 371.1501
847 -102.74630692537326 8.50440944334819 368.9141082928701 -101.8198 -8.127155 371.0817
848 -103.35737780820017 8.539837784881245 368.84489697604005 -102.4309 -8.112895 371.0055
849 -103.97398908089426 8.585174432371957 368.76804897293084 -103.0491 -8.096046 370.9299
850 -104.59900710789036 8.656046614021818 368.70692732918593 -103.6768 -8.07829 370.8586
851 -105.22921027898401 8.69943711632744 368.60012593676913 -104.3134 -8.060977 370.7887
852 -105.876510606984 8.731556257445426 368.5055117057362 -104.9637 -8.04239 370.7129
853 -106.54017405362737 8.782118015300018 368.4320716164383 -105.6283 -8.019412 370.6343
854 -107.21258127807839 8.834033188379243 368.3585523210715 -106.3014 -7.995103 370.5532
855 -107.9091177837046 8.893708358595816 368.27343552316626 -106.9999 -7.961767 370.4698
856 -108.61404074841785 8.93582836871892 368.1574364357425 -107.7095 -7.927113 370.3837
857 -109.32498893745053 8.969865471273389 368.03552081506643 -108.4259 -7.892215 370.2999
858 -110.04694390721446 9.017407347458892 367.9680550724564 -109.1474 -7.863187 370.2185
859 -110.77086129902716 9.08888552881952 367.8919829050332 -109.8735 -7.822793 370.1404
860 -111.50899848292698 9.1684990896273 367.74318087226516 -110.6253 -7.775619 370.0636
861 -112.2914354028565 9.294531965455782 367.7046566338479 -111.4139 -7.727221 369.9905
862 -113.09899953856527 9.364611728130175 367.6185032614215 -112.2248 -7.690621 369.9157
863 -113.9115625809441 9.42861526297157 367.5486530129691 -113.0391 -7.648582 369.8495
864 -114.7188101914258 9.45735351462306 367.43828379947377 -113.8504 -7.59755 369.7875
865 -115.53688718756203 9.509741052841377 367.35014445592526 -114.671 -7.551143 369.7225
866 -116.37291543154956 9.586858537828231 367.2528225952083 -115.5125 -7.506696 369.6572
867 -117.23438459117207 9.723893661147125 367.2714564344594 -116.3815 -7.470759 369.5879
868 -118.12489236884417 9.827267293736421 367.2289862510975 -117.2754 -7.432281 369.5175
869 -119.02427067345809 9.910930702365508 367.15954013478915 -118.1783 -7.392513 369.4551
870 -119.91990484786515 10.003885965881803 367.08979319003333 -119.079 -7.352691 369.402
871 -120.81951041535962 10.115610595196433 366.9819673054487 -119.9904 -7.316884 369.3637
872 -121.73992673659116 10.233657684828385 366.9707208695237 -120.9176 -7.287875 369.3375
873 -122.6877502102238 10.3299177284617 366.9332025326776 -121.8705 -7.268012 369.3124
874 -123.65670771531173 10.431287939445705 366.9479159533474 -122.8443 -7.242979 369.291
875 -124.62911313400355 10.523868995477606 366.89026021081645 -123.822 -7.210357 369.2685
876 -125.59723526320214 10.622238224080649 366.80387282837535 -124.798 -7.171402 369.251
877 -126.57015944483868 10.70939350870568 366.79100067732116 -125.7739 -7.12972 369.236
878 -127.54971717753357 10.802133144986207 366.80693211483305 -126.7573 -7.094259 369.2286
879 -128.5375374993749 10.893655933978104 366.8286167882545 -127.7492 -7.067306 369.222
880 -129.5291610407881 10.978582762685411 366.84580870440425 -128.7442 -7.039616 369.2162
881 -130.52093799833554 11.064214054221786 366.8386806361695 -129.7392 -7.010053 369.2059
882 -131.5173902144831 11.138223077586499 366.8142288297703 -130.7381 -6.978782 369.1913
883 -132.50816664764216 11.281209387850247 366.83251767745725 -131.7386 -6.944658 369.1754
884 -133.5039914371224 11.360163815519522 366.81351154570916 -132.737 -6.909152 369.1613
885 -134.49107117403014 11.414735743796948 366.80609772522183 -133.7249 -6.873 369.151
886 -135.4723174098361 11.516315532088436 366.7993699809284 -134.7107 -6.836596 369.142
887 -136.45779305068848 11.603003015236894 366.78013155355046 -135.6995 -6.801852 369.1313
888 -137.4485394125182 11.683301624856124 366.7517123387412 -136.6932 -6.767486 369.1167
889 -138.43397726243467 11.801325829561321 366.70216782974455 -137.686 -6.733132 369.0914
890 -139.4117858411346 11.88127798744482 366.6412605523914 -138.6679 -6.69739 369.063
891 -140.3804895491819 11.96919536847222 366.6011908160603 -139.6402 -6.665761 369.0262
892 -141.34422757180863 12.049182121166469 366.5385472294936 -140.6078 -6.63286 368.984
893 -142.3092931361436 12.143166811634185 366.4806825223439 -141.5778 -6.602139 368.9429
894 -143.2730414002681 12.22996072213517 366.43888097622533 -142.5454 -6.57532 368.9094
895 -144.23664487746723 12.33404435024117 366.3839897021373 -143.5151 -6.547679 368.8734
896 -145.20350991259983 12.425367105220797 366.3440237017123 -144.486 -6.517102 368.839
897 -146.16521758867535 12.506024667931815 366.26577322007836 -145.4529 -6.483563 368.8004
898 -147.1291526437651 12.586316434904688 366.2048891709236 -146.4204 -6.445217 368.758
899 -148.08227406891191 12.665238381648944 366.13232644859164 -147.3774 -6.403585 368.7095
900 -149.02694881607647 12.744070280144532 366.0548828166703 -148.326 -6.362759 368.6537
901 -149.97308553821088 12.823959914925826 365.9899042891068 -149.2752 -6.32144 368.5981
902 -150.92007719747207 12.919667123815938 365.913125335733 -150.2278 -6.288175 368.5407
903 -151.87335679969314 13.007387648305922 365.8573191508028 -151.1845 -6.256123 368.4837
904 -152.8227177095073 13.093320187668965 365.7943288591346 -152.1373 -6.21918 368.425
905 -153.76609373183416 13.178330220761122 365.73098386289684 -153.0839 -6.175756 368.3679
906 -154.70822709473995 13.258590328644873 365.6585359728909 -154.0295 -6.138328 368.3067
907 -155.64372199485527 13.347708329501927 365.5935956433148 -154.9685 -6.101396 368.2417
908 -156.57324011858697 13.423784513834898 365.51200404848055 -155.9016 -6.064642 368.1752
909 -157.50211822220936 13.52548782742589 365.4715316284337 -156.834 -6.028879 368.1108
910 -158.42505522436207 13.643493348958936 365.475236558407 -157.7614 -5.992298 368.0449
911 -159.34403238478777 13.72432556106163 365.41246399217385 -158.6835 -5.959485 367.9845
912 -160.25708709378011 13.817974615471066 365.3455974838227 -159.6016 -5.927697 367.9298
913 -161.16751656554848 13.901058973809038 365.2397794077481 -160.5196 -5.894364 367.8737
914 -162.08133185161833 13.993697811518043 365.193957353517 -161.4371 -5.861145 367.8205
915 -162.99126001134815 14.113705806696105 365.1842593203113 -162.3529 -5.826577 367.7697
916 -163.88808874228047 14.212957242984356 365.12736822172815 -163.2549 -5.789504 367.7206
917 -164.7748105508269 14.31166450189488 365.1164578795 -164.1449 -5.750163 367.6707
918 -165.65150079649212 14.389996685525478 365.0503543175755 -165.0253 -5.709019 367.6228
919 -166.51623138511505 14.44772423903749 364.99407833525305 -165.8914 -5.66698 367.5742
920 -167.3644698474939 14.516504565641224 364.9189816984812 -166.7434 -5.627809 367.5248
921 -168.2059768027641 14.595566791817584 364.88167084825125 -167.5871 -5.591398 367.4736
922 -169.0312246637183 14.665053780753881 364.8342312818627 -168.4147 -5.560208 367.4265
923 -169.8278465284157 14.729549331740621 364.7851229857215 -169.2138 -5.530577 367.3848
924 -170.60090003598432 14.786956899125231 364.7249965976475 -169.9897 -5.497707 367.3471
925 -171.35537776644537 14.85259298993961 364.6698291394322 -170.7472 -5.465282 367.3055
926 -172.09966460751107 14.93653644968447 364.6557661665419 -171.4949 -5.43615 367.2694
927 -172.83283995511496 14.990830960798935 364.6188925610122 -172.2298 -5.408734 367.2374
928 -173.53045007366217 15.015018861199762 364.53677839283336 -172.9313 -5.384605 367.2013
929 -174.2045445480292 15.05964807311178 364.4901813673066 -173.6069 -5.362451 367.1608
930 -174.85124211096803 15.109003696122782 364.4495743977675 -174.255 -5.340548 367.1185
931 -175.48102299666266 15.156027005725294 364.3993301257785 -174.8867 -5.317998 367.076
932 -176.09678484931587 15.218565850846247 364.36531680615167 -175.5043 -5.29466 367.0285
933 -176.70424237146625 15.29013617168516 364.36001790457567 -176.1135 -5.27718 366.9763
934 -177.29349145089444 15.348309829263723 364.3001333636827 -176.7064 -5.259521 366.9279
935 -177.8740889557379 15.40885088424051 364.28143711826135 -177.2879 -5.242102 366.8763
936 -178.43228272777716 15.451173380068516 364.1958047036718 -177.8516 -5.224067 366.8251
937 -178.9848753271504 15.51900889093932 364.16990692647346 -178.4058 -5.200726 366.7708
938 -179.51153194435327 15.545581060702695 364.0226897128893 -178.9483 -5.178101 366.7006
939 -180.0456451048216 15.58827261575624 363.9519148513519 -179.4822 -5.157679 366.6191
940 -180.57009246355446 15.624758054434087 363.8310188028698 -180.0128 -5.137863 366.5239
941 -181.08656942133013 15.679372598739393 363.73114139021754 -180.5245 -5.114952 366.3922
942 -181.58754601621575 15.713918579077125 363.54838544523 -181.041 -5.091005 366.2572
943 -182.07177304527664 15.741309126808373 363.33517325293593 -181.5484 -5.065694 366.1069
944 -182.5507164964937 15.770722007858105 363.1323103138522 -182.0234 -5.042477 365.8942
945 -183.02252142719794 15.82070628195445 362.91618680580365 -182.5069 -5.016582 365.7009
946 -183.4776577676911 15.860326233620532 362.67346515685483 -182.9767 -4.990208 365.4859
947 -183.90974816668657 15.929646774595655 362.4004214903931 -183.3992 -4.960498 365.1915
948 -184.32059276331367 15.957210015480202 362.10057728552954 -183.8309 -4.931494 364.9227
949 -184.68650350240063 15.98135089916718 361.75448964535053 -184.2427 -4.906417 364.6328
950 -185.09153620219124 16.02586926079016 361.42246767498756 -184.596 -4.880452 364.2445
951 -185.42755635461228 16.076438153952807 361.04726312899265 -184.9679 -4.85677 363.9019
952 -185.72990488456676 16.082733557141406 360.64210568209813 -185.318 -4.831999 363.538
953 -186.0485895019836 16.103083998582214 360.19291824373965 -185.6 -4.805931 363.0652
954 -186.32322207278773 16.142806096896546 359.75633938976824 -185.9006 -4.775507 362.6453
955 -186.59249198415296 16.192709084828902 359.25126510351936 -186.1231 -4.744508 362.1165
956 -186.7905294760545 16.23174803949323 358.7667206775231 -186.3646 -4.71322 361.6515
957 -186.99892416229565 16.249405378294387 358.27699834483553 -186.5757 -4.68742 361.1633
958 -187.15409872602598 16.301025189596295 357.6969394013847 -186.7261 -4.654975 360.5806
959 -187.26859780787785 16.340620136386313 357.1574558944591 -186.8836 -4.625626 360.0514
960 -187.37807001701327 16.385279531448028 356.60342107358525 -186.9996 -4.592235 359.4979
961 -187.44522290384322 16.413142999259982 355.98944886478677 -187.0639 -4.5607 358.8838
962 -187.49210753554462 16.447884683270107 355.4017613441958 -187.1247 -4.531234 358.2971
963 -187.5046661957988 16.491510367420105 354.7807790473015 -187.1523 -4.505623 357.6756
964 -187.51859649903403 16.547460421227903 354.1618290959713 -187.1797 -4.473612 357.0554
965 -187.52604219983434 16.60111726020917 353.5269986154538 -187.1955 -4.44088 356.4193
966 -187.54243743974817 16.66034439015602 352.88341943455805 -187.206 -4.412544 355.7735
967 -187.53599386965868 16.701624548379577 352.2372434279116 -187.2126 -4.393112 355.1263
968 -187.51736113162545 16.748010124883 351.57820053276606 -187.2097 -4.369286 354.4658
969 -187.50514077891984 16.810997799874585 350.9156038736446 -187.1974 -4.339156 353.8009
970 -187.47101352704018 16.90402045582604 350.24143517910085 -187.1702 -4.316768 353.1204
971 -187.40480965742344 16.9749679907226 349.5486150588504 -187.1252 -4.29869 352.4225
972 -187.35412445079228 17.045508287909946 348.8425397923876 -187.0783 -4.279837 351.7129
973 -187.3293006620066 17.126044878612863 348.1265481143464 -187.0304 -4.261203 350.9938
974 -187.2879490712568 17.207997023752135 347.3966458182783 -186.971 -4.242069 350.2608
975 -187.2164296875334 17.283330135917257 346.6555229448629 -186.9043 -4.221325 349.5157
976 -187.1250363978758 17.386934849851162 345.90827682308964 -186.8369 -4.199482 348.7591
977 -187.04771117558371 17.464329941441232 345.13940897305287 -186.7699 -4.177337 347.9857
978 -187.00012939438466 17.55985762941239 344.35701433723676 -186.7002 -4.153622 347.1995
979 -186.92315713666216 17.629942171409386 343.55774110492933 -186.6213 -4.129835 346.3977
980 -186.83553372944905 17.70041031873718 342.74761697712574 -186.5329 -4.104362 345.585
981 -186.7611826640287 17.772719577207738 341.92532511762926 -186.4415 -4.07709 344.7617
982 -186.66214639143527 17.85639491916417 341.10236930487844 -186.343 -4.043981 343.9351
983 -186.5660944944447 17.936698281773797 340.26567036782694 -186.2422 -4.015366 343.0956
984 -186.48240628328043 18.019422485579728 339.41697826475496 -186.1381 -3.987286 342.2456
985 -186.40021548473348 18.114884604916828 338.55250968912776 -186.036 -3.960565 341.3784
986 -186.3265488061459 18.219795243884274 337.6729351072524 -185.9369 -3.936593 340.4954
987 -186.21529650185573 18.314602160101398 336.78421620115637 -185.8362 -3.912968 339.6007
988 -186.10170781271952 18.400248542707534 335.88576891354523 -185.7407 -3.893331 338.6963
989 -186.01230350730643 18.492235746197615 334.9828765015001 -185.6499 -3.86895 337.7892
990 -185.93075027601753 18.58113826581976 334.06672658359844 -185.5588 -3.84331 336.87
991 -185.85099374311605 18.665230150741024 333.14823058945046 -185.4699 -3.819756 335.9488
992 -185.76769322744224 18.756631418025684 332.22263680300676 -185.3826 -3.79503 335.0194
993 -185.68905991008248 18.849863551897506 331.2955021668078 -185.3002 -3.764975 334.0884
994 -185.6030929487804 18.93295608504185 330.3651538674596 -185.2184 -3.733635 333.1545
995 -185.53420358499548 19.01394946500802 329.43304378288803 -185.1342 -3.698286 332.2208
996 -185.4764660986689 19.07614120891023 328.5075982305793 -185.0534 -3.662061 331.2957
997 -185.4042407771379 19.131596500357965 327.58512823046857 -184.9741 -3.627279 330.3728
998 -185.34247562892654 19.20247110994646 326.65261610599936 -184.8995 -3.589469 329.4393
999 -185.28795499697975 19.27580088519292 325.7273117093004 -184.8257 -3.554183 328.5131
1000 -185.22094597029493 19.347635335221035 324.7897618821681 -184.7565 -3.522351 327.5735
1001 -185.16736208449475 19.43049909365174 323.8606386982219 -184.6927 -3.489816 326.6419
1002 -185.0901751437405 19.51623798156572 322.9296845797648 -184.6267 -3.45773 325.7067
1003 -185.01058214162236 19.58998429006543 322.0000695656431 -184.5562 -3.428208 324.7739
1004 -184.94392594557084 19.664106402743617 321.06335301537825 -184.4861 -3.397748 323.835
1005 -184.87881051294218 19.74415139185067 320.12657684783267 -184.4181 -3.364575 322.8956
1006 -184.80619356603185 19.822717787360116 319.18298458234557 -184.348 -3.332388 321.9491
1007 -184.75429219988004 19.90746283340959 318.236751399961 -184.2803 -3.30081 321.0006
1008 -184.67299889715025 19.976919781525922 317.289375185768 -184.2193 -3.265983 320.0498
1009 -184.62400612221566 20.004610919941758 316.3327465120803 -184.1701 -3.231575 319.0934
1010 -184.56580106555774 20.06159547263624 315.38323685244876 -184.1277 -3.199115 318.1419
1011 -184.50777701834556 20.146074986489456 314.43201586240053 -184.0779 -3.164447 317.1871
1012 -184.4703879901915 20.23548327145883 313.47250682118334 -184.0244 -3.127592 316.2249
1013 -184.44188339676492 20.318468660128698 312.50990146669125 -183.9789 -3.092866 315.26
1014 -184.41005139268844 20.388861223687346 311.551982185098 -183.9332 -3.055122 314.3008
1015 -184.36409275448747 20.437029120420586 310.60083743388344 -183.8728 -3.008214 313.3504
1016 -184.33404683812986 20.513462221231528 309.6585478662629 -183.8124 -2.968608 312.4073
1017 -184.2840462593998 20.580142747926548 308.71306017226823 -183.7616 -2.932355 311.4602
1018 -184.21973282090505 20.660816362121377 307.7701426034396 -183.71 -2.900357 310.5136
1019 -184.16576918957355 20.734914448035816 306.82098237234777 -183.6542 -2.86823 309.5622
1020 -184.1280590732529 20.8105688849575 305.8768538269679 -183.6018 -2.83886 308.6162
1021 -184.08712353258974 20.88477579438766 304.93648748166015 -183.5521 -2.809138 307.6738
1022 -184.05549141999475 20.971759832671793 304.002592394672 -183.5027 -2.77948 306.7371
1023 -184.01834571821146 21.04636817976839 303.06255180671445 -183.4581 -2.749605 305.7949
1024 -183.9853568599977 21.122286973999383 302.12980101277367 -183.4195 -2.718396 304.8598
1025 -183.93652922735532 21.171691417163828 301.198353271619 -183.3786 -2.6898 303.9271
1026 -183.8852097006382 21.21996801558425 300.27305212727384 -183.3431 -2.662548 303.0002
1027 -183.8469202623056 21.294111952981417 299.3512206441597 -183.3166 -2.628647 302.0756
1028 -183.82906098715625 21.383252130892952 298.42364050364944 -183.2895 -2.597211 301.1445
1029 -183.78643231947797 21.457375767539588 297.494163292827 -183.2613 -2.570727 300.2119
1030 -183.72827731217603 21.50463516443098 296.57061412263835 -183.2372 -2.538212 299.2862
1031 -183.67898243116701 21.561526320550318 295.65526361703644 -183.2087 -2.505074 298.3688
1032 -183.6568507611586 21.655701602972606 294.74046056993865 -183.1788 -2.47137 297.45
1033 -183.64156364393156 21.737398272378062 293.81814329722613 -183.1531 -2.438103 296.5249
1034 -183.62944732762404 21.8212181551221 292.8979418803304 -183.1228 -2.411142 295.6017
1035 -183.59409556947978 21.908188748206815 291.9849987479374 -183.0905 -2.384435 294.6849
1036 -183.541862849849 21.988948494700495 291.0658071136357 -183.0403 -2.355767 293.7625
1037 -183.47654515422352 22.070226771332724 290.1505814855057 -182.982 -2.328667 292.8436
1038 -183.41166229223717 22.168717813412947 289.22061248198656 -182.9273 -2.297451 291.9083
1039 -183.3513338912111 22.249181710108324 288.28877392262007 -182.8746 -2.267893 290.973
1040 -183.2870765629283 22.319360834780454 287.35246423480135 -182.8171 -2.238052 290.0341
1041 -183.26751945192837 22.416606045464462 286.420955924624 -182.7666 -2.207091 289.0992
1042 -183.2098941226028 22.487534826011977 285.48994469954073 -182.7218 -2.176152 288.1653
1043 -183.16819200183159 22.58672350617473 284.55105826708376 -182.6726 -2.147003 287.222
1044 -183.07024221518589 22.69916096743408 283.60595386070446 -182.6138 -2.123569 286.2673
1045 -183.02299930232363 22.7946809178043 282.6488891252756 -182.5528 -2.097813 285.3066
1046 -182.95734632175424 22.869072079391174 281.6914387750349 -182.4948 -2.065947 284.3463
1047 -182.970036436262 22.92785378549074 280.73056265812556 -182.4419 -2.031942 283.3856
1048 -182.90357198886264 22.995536842408942 279.776154354453 -182.3929 -1.996433 282.4284
1049 -182.86435012630074 23.09048287613905 278.8162777914424 -182.3488 -1.963862 281.4646
1050 -182.80368404515406 23.173286539707068 277.84573808180295 -182.3004 -1.925579 280.4906
1051 -182.76166761466436 23.256045188374515 276.8716769561935 -182.2509 -1.885551 279.5142
1052 -182.7230643168551 23.342010851767792 275.8886019567572 -182.2003 -1.841502 278.5289
1053 -182.67365703775434 23.422796039565156 274.9191631835047 -182.1499 -1.800893 277.557
1054 -182.61693862640635 23.488820944361805 273.9473436852414 -182.0977 -1.766355 276.5833
1055 -182.5593949089406 23.566935200725368 272.9757802816835 -182.0509 -1.732915 275.6086
1056 -182.49330671023716 23.641836871003836 271.9982502450822 -182.0014 -1.699389 274.6278
1057 -182.4502974501479 23.717832433500508 271.0247177082103 -181.9452 -1.6645 273.6526
1058 -182.35165242316114 23.782516534243104 270.04680973817534 -181.8851 -1.628436 272.6701
1059 -182.32700499564683 23.863324438340605 269.0667300914873 -181.8235 -1.591806 271.689
1060 -182.26632075898323 23.927832479039665 268.0915027154837 -181.7618 -1.554957 270.7124
1061 -182.14833835664086 24.004129762008752 267.1295649021896 -181.6986 -1.518421 269.743
1062 -182.08729535519635 24.090047886556345 266.157610919332 -181.6385 -1.484133 268.7678
1063 -182.0144764904766 24.186559596662864 265.1706602989653 -181.5688 -1.45015 267.7765
1064 -181.95054682375172 24.275977799315573 264.18285834928724 -181.5024 -1.413471 266.7855
1065 -181.87284693452298 24.3538950466886 263.187451041659 -181.4246 -1.374923 265.7878
1066 -181.78232848829572 24.42909614877516 262.20881981731884 -181.3532 -1.335469 264.8055
1067 -181.71680579485837 24.497067502024763 261.220952168796 -181.2862 -1.295565 263.8162
1068 -181.6584889483612 24.572671752573406 260.24487062421343 -181.2198 -1.264596 262.8382
1069 -181.6027480161503 24.674042828369284 259.26380686383277 -181.1524 -1.242004 261.8529
1070 -181.55100551175477 24.794605607202023 258.27609273351214 -181.0843 -1.224198 260.859
1071 -181.48410953298048 24.911060150611743 257.2680089375195 -181.0093 -1.208518 259.8449
1072 -181.4122552297656 25.016075070029867 256.2596030097934 -180.9292 -1.182226 258.832
1073 -181.33583627281857 25.112950919299074 255.2561872202667 -180.8483 -1.149494 257.8248
1074 -181.26826374979646 25.19398770846947 254.2613050498453 -180.7704 -1.114211 256.828
1075 -181.2065655069773 25.264503469557447 253.27265702079396 -180.6952 -1.078985 255.8384
1076 -181.136382736529 25.347883998334062 252.28652048408003 -180.6275 -1.046652 254.8491
1077 -181.08673733475032 25.436236567871813 251.3004007899565 -180.561 -1.019212 253.8604
1078 -181.0244912290826 25.52012570678655 250.31812554033368 -180.4967 -0.9941325 252.875
1079 -180.9652037665429 25.59668681602852 249.3366021473904 -180.4354 -0.9705894 251.8909
1080 -180.91365373092142 25.689487232157123 248.35734972362926 -180.3727 -0.94663 250.9082
1081 -180.85742897596475 25.799817955932486 247.37838125926675 -180.312 -0.9223052 249.9236
1082 -180.80277994287223 25.876193523357117 246.40450565163167 -180.2514 -0.8975132 248.9474
1083 -180.766795785945 25.968925830083567 245.43948013463913 -180.191 -0.8712488 247.9795
1084 -180.72136365186208 26.05657875374702 244.47967487277458 -180.1307 -0.8440752 247.0169
1085 -180.67148483223517 26.14000017357674 243.5257495992898 -180.0771 -0.8176461 246.0599
1086 -180.62823875015405 26.235646228141313 242.57467337794367 -180.0256 -0.7912622 245.1048
1087 -180.5736321583682 26.315854850284886 241.63160754260375 -179.9748 -0.7643523 244.1585
1088 -180.51659449548538 26.38654679675868 240.69821864184442 -179.932 -0.733112 243.2222
1089 -180.49562689820755 26.4572882176719 239.77857702716346 -179.89 -0.7015608 242.3011
1090 -180.45253739923655 26.52524843687765 238.87738320175305 -179.8396 -0.6755522 241.3981
1091 -180.43917896690203 26.613956385245565 237.99090559594117 -179.8009 -0.6438624 240.5085
1092 -180.37542841009758 26.688793740754328 237.1157341747023 -179.7651 -0.6101037 239.6292
1093 -180.32101205626913 26.752209969123506 236.25140980754884 -179.7063 -0.5888265 238.7631
1094 -180.27201912252067 26.825854785459207 235.40531797623308 -179.645 -0.5708078 237.9148
1095 -180.23391355592864 26.92625740398453 234.5737886354192 -179.6034 -0.5482957 237.0777
1096 -180.20708838670657 27.00795929212192 233.74158534361877 -179.5652 -0.5273764 236.2422
1097 -180.14570207958002 27.08301152028478 232.92147164694777 -179.5221 -0.5092179 235.4177
1098 -180.11452679924204 27.15348692810946 232.11702169578794 -179.4866 -0.4890252 234.6106
1099 -180.0929466461577 27.230587810318653 231.32933259628004 -179.4618 -0.4651856 233.8196
1100 -180.07034567144262 27.299801018172825 230.56145978999473 -179.4435 -0.4403554 233.0489
1101 -180.0477430244324 27.36594350047746 229.80878266385434 -179.4262 -0.4184439 232.2935
1102 -180.03224808037933 27.429670073967678 229.0765980628756 -179.41 -0.396176 231.5589
1103 -179.98479834868937 27.489542981451333 228.36663061298623 -179.3952 -0.3719122 230.8454
1104 -179.98171589568975 27.54572836660728 227.67606755088354 -179.3848 -0.3491587 230.153
1105 -179.95387786691603 27.595448235507234 227.00684819574593 -179.3801 -0.3282832 229.4817
1106 -179.93902203057158 27.654665559115653 226.35808602633037 -179.377 -0.3078274 228.8304
1107 -179.92818712814875 27.706810717487794 225.73259074200416 -179.3729 -0.2870117 228.203
1108 -179.915942261116 27.753613598503694 225.12787337600926 -179.3672 -0.2672289 227.5967
1109 -179.90779561258313 27.801835455047126 224.54228983278662 -179.3616 -0.2485969 227.0094
1110 -179.92682839807466 27.853621017473657 223.98087378336072 -179.3532 -0.231539 226.4456
1111 -179.9130562218344 27.90497068276318 223.440221458 -179.3378 -0.2153403 225.9028
1112 -179.86859764308485 27.946310313883735 222.92306884575345 -179.3138 -0.1992051 225.3829
1113 -179.82682562105083 27.98279756082274 222.43186760270896 -179.2845 -0.1833889 224.8897
1114 -179.79037543534483 28.021670283282972 221.96550922221155 -179.2524 -0.1699047 224.4216
1115 -179.73986147737034 28.043635721851818 221.5107680501254 -179.2118 -0.1577349 223.9655
1116 -179.68968712370403 28.084459556359064 221.067163922692 -179.1595 -0.1468091 223.5204
1117 -179.61105688176306 28.11812918258526 220.63389037298646 -179.0907 -0.1355985 223.0843
1118 -179.5250158570893 28.162656486087794 220.1920755376472 -178.9955 -0.1229871 222.6423
1119 -179.41849358781408 28.20195385192347 219.77471149112776 -178.8929 -0.1104466 222.2223
1120 -179.2798333313075 28.242923594319144 219.34739635691236 -178.7547 -0.1001665 221.793
1121 -179.13039309281373 28.269196238152844 218.95506772560387 -178.6098 -0.09114754 221.3982
1122 -178.96102807910268 28.296898763043902 218.57746658920283 -178.4408 -0.08341023 221.0195
1123 -178.75308826060214 28.336484064519365 218.18884332579398 -178.2271 -0.08023768 220.632
1124 -178.5410790634154 28.368199791619155 217.8398160328015 -178.0215 -0.07354154 220.2778
1125 -178.30933742228962 28.408235217913084 217.4825746903731 -177.7993 -0.06734474 219.9124
1126 -178.0412380508177 28.444042765573357 217.10500932388223 -177.5389 -0.05918083 219.5279
1127 -177.77920184287083 28.476127917239644 216.77299142550663 -177.2817 -0.05065815 219.1907
1128 -177.5197242788581 28.519896220373123 216.42976277452527 -176.9931 -0.04192789 218.8687
1129 -177.2115597287975 28.55927513321148 216.0525009254797 -176.6523 -0.03061677 218.5186
1130 -176.88431730786257 28.6006377797278 215.73130083528454 -176.3154 -0.01959867 218.205
1131 -176.56870577595083 28.631959235967663 215.38748569560246 -175.9537 -0.008613545 217.9086
1132 -176.22491546350216 28.67279624877724 214.99950430271986 -175.5342 0.001303197 217.6015
1133 -175.79748396052506 28.705890122997065 214.741623270464 -175.108 0.008884163 217.3396
1134 -175.33835749256076 28.741236281102932 214.49864557066357 -174.6464 0.01392669 217.0988
1135 -174.80424335195536 28.78908986899147 214.25605493746917 -174.1229 0.01612814 216.8298
1136 -174.29115621323922 28.84139729363938 214.0360215542602 -173.5983 0.01603695 216.6318
1137 -173.73017707615497 28.896892612716826 213.83574972687128 -173.0375 0.01526395 216.4235
1138 -173.16319293008092 28.919366179258553 213.68588287629427 -172.474 0.01245219 216.2595
1139 -172.57037113923792 28.951211696357767 213.5732852574477 -171.8842 0.01226133 216.1281
1140 -171.92369532846266 28.99848446718482 213.46733440974967 -171.2424 0.006738538 215.9877
1141 -171.2830902460049 29.04616140971627 213.37935218392732 -170.6006 -0.0006340179 215.8959
1142 -170.62411499458807 29.095326361062007 213.3001469928506 -169.9389 -0.007785711 215.8249
1143 -169.9373637583775 29.138820254254174 213.23113220329728 -169.2517 -0.01961535 215.7481
1144 -169.2525746177435 29.187948691739102 213.1929722318035 -168.5656 -0.03513643 215.7053
1145 -168.5511661633028 29.24013340475324 213.1611815331582 -167.8625 -0.04809223 215.6708
1146 -167.851355689281 29.289707742688577 213.13805031506936 -167.1609 -0.05831758 215.6513
1147 -167.13523808532116 29.34552182197003 213.13555084184847 -166.4434 -0.07436568 215.6216
1148 -166.41115236724175 29.39672287603555 213.11598114814765 -165.7179 -0.09615531 215.5997
1149 -165.67698494367187 29.41112856399274 213.0909317391185 -164.9838 -0.1188212 215.5792
1150 -164.93991654171768 29.451112673795993 213.0914223099589 -164.246 -0.138904 215.5684
1151 -164.1956648656856 29.49035001936274 213.07533608117916 -163.5009 -0.1556038 215.5524
1152 -163.448688721967 29.526986851724615 213.0895626465754 -162.7532 -0.1745427 215.5422
1153 -162.6884268973606 29.581987940207284 213.10469016882885 -161.9912 -0.1972969 215.5327
1154 -161.91151140241908 29.647624935946396 213.11225543133747 -161.2119 -0.2213943 215.5241
1155 -161.1212211778748 29.705093673766157 213.13687678189757 -160.4196 -0.2475348 215.5174
1156 -160.31138527998982 29.752793912742632 213.15020496767102 -159.6089 -0.2795917 215.5124
1157 -159.50225682400855 29.805387212716557 213.17096853890095 -158.7983 -0.3074569 215.5063
1158 -158.692383818339 29.85152117040295 213.2020088790947 -157.9869 -0.3292413 215.4944
1159 -157.8770195250723 29.91937650384219 213.22282005041603 -157.1687 -0.3490628 215.4909
1160 -157.04335870283788 29.978587745011126 213.23429234839975 -156.3334 -0.3744766 215.4749
1161 -156.20635611927963 30.042674293790935 213.26132318344946 -155.4939 -0.3999312 215.4766
1162 -155.36653283203702 30.104414806322268 213.31054099875152 -154.6509 -0.4260836 215.4909
1163 -154.5146731029476 30.157972108648835 213.32989845007162 -153.798 -0.4491774 215.5215
1164 -153.6427911564614 30.21243701145248 213.35192046918132 -152.9246 -0.4765393 215.5288
1165 -152.76295795225275 30.273381341083475 213.3621978783246 -152.043 -0.5017483 215.5373
1166 -151.87116563688002 30.33298956079603 213.38025074498472 -151.1495 -0.5295159 215.545
1167 -150.9750595544355 30.398886085217505 213.42793800740986 -150.2503 -0.5601175 215.5562
1168 -150.08270836509865 30.462530697136916 213.45480720702187 -149.3558 -0.5823925 215.5771
1169 -149.19426310276714 30.53780434579329 213.47063147111842 -148.4648 -0.6008344 215.6092
1170 -148.2987663381942 30.609596378139734 213.5085123093014 -147.5671 -0.6198851 215.6569
1171 -147.39950077672322 30.676786124523883 213.56402174946737 -146.6647 -0.6483958 215.6906
1172 -146.4996711127338 30.751753843940886 213.61818541559254 -145.7612 -0.6795057 215.7217
1173 -145.59691640544753 30.82134589239223 213.65885744530377 -144.8559 -0.7108617 215.7519
1174 -144.69402446204023 30.899578909976714 213.68634495888767 -143.9508 -0.7389006 215.7977
1175 -143.79156139770595 30.938595362657672 213.74654386257063 -143.0473 -0.7706459 215.8453
1176 -142.89106435568056 31.000796205164765 213.78781566859675 -142.1458 -0.8040035 215.8968
1177 -142.00023874286583 31.07958114059437 213.8891062325486 -141.2479 -0.8410487 215.9462
1178 -141.1088400674923 31.147301517709494 213.95890467249296 -140.3543 -0.8685023 216.0153
1179 -140.21142450458535 31.216928327395827 214.022491189986 -139.4551 -0.8905654 216.0874
1180 -139.3128841175422 31.268146489710514 214.09858580797084 -138.5557 -0.9204463 216.1647
1181 -138.41721375280562 31.314805326781535 214.203182429344 -137.6571 -0.9524096 216.2474
1182 -137.52889642373594 31.357653255136555 214.28249875282089 -136.7684 -0.9745783 216.3308
1183 -136.64127829482865 31.39742638877559 214.36279440949627 -135.8805 -0.9967056 216.4147
1184 -135.7533887373203 31.453533236424175 214.45120173476488 -134.9897 -1.024534 216.4855
1185 -134.86658205516653 31.479809492096397 214.51675810805713 -134.1037 -1.047336 216.5623
1186 -133.99363070884183 31.521062155909664 214.61362170480112 -133.2288 -1.0716 216.6465
1187 -133.12867284717063 31.552603962166344 214.71550513953036 -132.3612 -1.094509 216.7257
1188 -132.2718328919633 31.583406514411937 214.77705290595145 -131.5054 -1.117805 216.803
1189 -131.4252229588912 31.604564669518837 214.86430412687213 -130.6583 -1.143989 216.8839
1190 -130.58531838859327 31.62124458256407 214.91646455890088 -129.8199 -1.168113 216.9542
1191 -129.76020801602564 31.65049816587497 215.00153379169856 -128.9928 -1.194745 217.0182
1192 -128.93726639515234 31.657144376558183 215.06202519392167 -128.1705 -1.23286 217.0757
1193 -128.13604570825345 31.675733981353783 215.12780285258188 -127.3692 -1.27213 217.1305
1194 -127.35198060735979 31.69145824626631 215.1982566195398 -126.5849 -1.306515 217.191
1195 -126.58867469467042 31.70050258066957 215.2503356656585 -125.8229 -1.342639 217.25
1196 -125.84155371966477 31.708928770198266 215.30166956640306 -125.076 -1.381566 217.289
1197 -125.12137077424012 31.70703735078919 215.3390926444841 -124.3571 -1.421077 217.3301
1198 -124.42112580624158 31.71661859097697 215.37714516027728 -123.6574 -1.453254 217.3657
1199 -123.74108911060722 31.723850434705735 215.409924377046 -122.9783 -1.493099 217.3942
1200 -123.08832570029477 31.720524729673865 215.45026413261434 -122.3261 -1.535093 217.4189
1201 -122.45697634750394 31.725500889818903 215.44757068486396 -121.6962 -1.572983 217.4395
1202 -121.83450931875375 31.74062912879135 215.46047259094362 -121.0747 -1.610957 217.452
1203 -121.22339356174945 31.761483701258072 215.49167087918667 -120.4635 -1.644178 217.4662
1204 -120.61748118460805 31.772947074072356 215.51646562594038 -119.8581 -1.678712 217.4794
1205 -120.01282405653951 31.79026331013203 215.5372722419224 -119.2538 -1.71198 217.487
1206 -119.41199808652928 31.797695468937498 215.5528465565702 -118.6536 -1.74273 217.4972
1207 -118.81144479770941 31.807845319718975 215.57720970287255 -118.0529 -1.765239 217.5009
1208 -118.21137157887203 31.830830919684942 215.56669285427864 -117.4528 -1.789865 217.5015
1209 -117.60814976492351 31.82868415007792 215.59209840811846 -116.8496 -1.815262 217.4959
1210 -117.00969623199242 31.835391444787142 215.55628377194873 -116.2506 -1.8409 217.4919
1211 -116.41997998863492 31.846545626488194 215.56324611924637 -115.661 -1.856427 217.5002
1212 -115.82662317090183 31.854541345391485 215.56655950570976 -115.0678 -1.864826 217.514
1213 -115.23558709741053 31.861540073575537 215.56130647565152 -114.4769 -1.869443 217.5287
1214 -114.65669763390592 31.86794986271503 215.5638713630799 -113.8982 -1.885694 217.5304
1215 -114.0822321367618 31.85837052874267 215.56552879501083 -113.324 -1.905071 217.5353
1216 -113.50993871659551 31.865739907840048 215.5657286126472 -112.7521 -1.91705 217.5543
1217 -112.94706393693336 31.893869782884547 215.6071364102975 -112.188 -1.923584 217.5872
1218 -112.37554626813241 31.92489620065796 215.63910122923136 -111.616 -1.935585 217.6231
1219 -111.803387347148 31.956710941999454 215.66090770469913 -111.0473 -1.945084 217.6962
1220 -111.23807017145202 31.9798927989638 215.7271259034575 -110.4838 -1.964158 217.7775
1221 -110.68015091121315 31.995397016774785 215.81348030791133 -109.9277 -1.97678 217.8753
1222 -110.13066081380153 32.01849660934046 215.9415167021353 -109.3774 -1.987256 218.0015
1223 -109.57127715944443 32.03203834176416 216.0085579791298 -108.8327 -1.995466 218.1458
1224 -109.03323285544616 32.08327363476081 216.16885468554187 -108.2909 -2.004646 218.3013
1225 -108.50841089797285 32.10104228838455 216.37126223709635 -107.764 -2.019178 218.4985
1226 -107.98455262748702 32.122675765037876 216.56002581518402 -107.2563 -2.021587 218.7282
1227 -107.48216940477108 32.14639647832606 216.78605536692152 -106.7495 -2.025929 218.9454
1228 -106.99294540306606 32.164924849436396 217.03166476531806 -106.2729 -2.029648 219.2153
1229 -106.52242000907268 32.170818357448496 217.30988743584598 -105.7926 -2.038583 219.4762
1230 -106.06277362444636 32.205060871019576 217.6015699824755 -105.3492 -2.045845 219.7938
1231 -105.61227915534086 32.20813436999148 217.90214874439724 -104.9255 -2.060392 220.1308
1232 -105.2123433590759 32.22133675849445 218.25230610826057 -104.5035 -2.078284 220.4538
1233 -104.81422488835065 32.23506765451071 218.62354228500388 -104.1155 -2.105153 220.8349
1234 -104.43621851871063 32.22737516807028 219.01534514237596 -103.7453 -2.129794 221.2334
1235 -104.07832398757901 32.25002516755453 219.4138121240513 -103.3709 -2.158418 221.616
1236 -103.73056650081516 32.271104673081354 219.83939586660077 -103.036 -2.189144 222.0512
1237 -103.37763170287657 32.27052547482323 220.25422074639275 -102.7308 -2.232675 222.5002
1238 -103.13965266247011 32.27281506494603 220.7211967660611 -102.4376 -2.273704 222.9327
1239 -102.8961738064404 32.3030047582521 221.19749244273007 -102.1791 -2.315727 223.4001
1240 -102.66293771181601 32.334540072637175 221.65807292759672 -101.9309 -2.34715 223.8528
1241 -102.44502931371028 32.37587602541805 222.14604563966543 -101.7237 -2.383609 224.3458
1242 -102.29866527962128 32.402382413800744 222.6601992537353 -101.5432 -2.415078 224.8487
1243 -102.1644451023406 32.42810355931464 223.16093314432408 -101.3752 -2.444928 225.3389
1244 -102.06014258279731 32.449912055399274 223.68155976458513 -101.2366 -2.472231 225.8512
1245 -101.92414318597567 32.4771896890401 224.21051917823434 -101.1157 -2.49977 226.3838
1246 -101.83375829600662 32.49209777409009 224.74075142432505 -101.0069 -2.526393 226.9101
1247 -101.72993311855492 32.51188701129078 225.26724190148408 -100.9157 -2.553482 227.4386
1248 -101.62642279779467 32.53681345796611 225.79364547958102 -100.8306 -2.570641 227.9686
1249 -101.52602937527524 32.56508688931411 226.3119170765055 -100.7342 -2.585013 228.4882
1250 -101.39108773469998 32.60464830339267 226.81727523174882 -100.6347 -2.600567 229.003
1251 -101.28555071804124 32.63589540008708 227.31459513913134 -100.5311 -2.625163 229.5011
1252 -101.14323294390876 32.64404197536716 227.81666676680328 -100.4466 -2.640569 230.0159
1253 -101.05651324282915 32.67246154606463 228.32186830548073 -100.3557 -2.656963 230.5209
1254 -100.90246204221482 32.72714124957165 228.80276712811772 -100.2521 -2.672563 231.0179
1255 -100.76587115829844 32.75906455844333 229.28673628381944 -100.1357 -2.68848 231.5079
1256 -100.62040066267116 32.789735399809615 229.7591732970263 -100.0122 -2.703396 231.9873
1257 -100.42620797232865 32.81771483238576 230.21189087592762 -99.88399 -2.718972 232.4635
1258 -100.28563765333092 32.847739975287844 230.67867821116238 -99.75006 -2.728487 232.9331
1259 -100.12424890964007 32.868724364482205 231.12756693202317 -99.59956 -2.739823 233.3861
1260 -99.95187955283633 32.89892204588024 231.5654245310188 -99.42555 -2.754618 233.8241
1261 -99.74374047403444 32.9220121039456 231.9435246911286 -99.20992 -2.762877 234.1986
1262 -99.49718341110527 32.95740960886071 232.2816921766894 -98.99629 -2.777882 234.5599
1263 -99.26370886366972 32.96059665264288 232.58570367261626 -98.77588 -2.79773 234.8729
1264 -99.03219605523583 32.97964927664085 232.90608289521637 -98.56661 -2.811248 235.2085
1265 -98.8057904088906 33.03421189557135 233.22756437812706 -98.34855 -2.820092 235.5401
1266 -98.55072524476141 33.08336927093139 233.49646020739084 -98.0861 -2.826192 235.8063
1267 -98.24191481574864 33.10810306893257 233.73424766993963 -97.80747 -2.837866 236.0797
1268 -97.93601531316949 33.13656396536701 233.94931355626278 -97.49142 -2.846074 236.2814
1269 -97.62319652998994 33.19151550334107 234.13790142043584 -97.17427 -2.873917 236.4687
1270 -97.32080241901936 33.207338946901736 234.3114142544862 -96.87881 -2.878181 236.6544
1271 -97.01947845325977 33.23938739068026 234.46545423155152 -96.56356 -2.881999 236.7815
1272 -96.70976628070991 33.27491042351822 234.61019665122674 -96.25415 -2.886378 236.9311
1273 -96.38848412767815 33.31207711058387 234.73018080056255 -95.93153 -2.889154 237.0532
1274 -96.05856196720755 33.348507526840216 234.85823531669845 -95.61348 -2.892253 237.2126
1275 -95.71869776868901 33.37877055615187 234.9768571442144 -95.28315 -2.893774 237.3588
1276 -95.36441256762897 33.414618632666546 235.07506341102587 -94.93043 -2.895213 237.4685
1277 -94.99530735001585 33.44330415193015 235.1687956970342 -94.56472 -2.904768 237.5781
1278 -94.61078842389553 33.47040914577868 235.2394153540975 -94.18508 -2.914728 237.6748
1279 -94.21321547201144 33.50763808925937 235.31654227610582 -93.78494 -2.924129 237.7469
1280 -93.80628836524923 33.562531900771276 235.37273193092622 -93.37827 -2.929392 237.8266
1281 -93.38193400708975 33.59492864152923 235.4275446303244 -92.95531 -2.934146 237.8988
1282 -92.94585266555518 33.64600347745869 235.47869056198257 -92.51885 -2.940151 237.9685
1283 -92.49392091006884 33.69189062551549 235.53978528423616 -92.0658 -2.94732 238.0376
1284 -92.02542767995226 33.738443267226025 235.5908415229704 -91.59685 -2.957697 238.1027
1285 -91.53671671343452 33.77854046956434 235.63942216552414 -91.10748 -2.970966 238.1588
1286 -91.03279843345788 33.837319206757826 235.68607514531448 -90.60052 -2.985924 238.2071
1287 -90.50814520567727 33.88200772392049 235.72004876628972 -90.07469 -3.000677 238.2483
1288 -89.9690592172583 33.93935478324448 235.76879754003062 -89.53204 -3.015435 238.2882
1289 -89.40503600963034 33.98595334241503 235.8159087461421 -88.96618 -3.031384 238.3336
1290 -88.82627496816639 34.029363600868514 235.8551291434572 -88.38745 -3.040495 238.3917
1291 -88.20429131185398 34.07853664556302 235.89810162222807 -87.76457 -3.050019 238.447
1292 -87.57996475928452 34.143114996982014 235.96602303128844 -87.13484 -3.068087 238.488
1293 -86.93425159717717 34.20763051515416 236.0132876988139 -86.48629 -3.071277 238.5401
1294 -86.26921449488776 34.27222176352563 236.03899374941136 -85.81893 -3.089892 238.5774
1295 -85.59343839812799 34.332953546974444 236.09363833442436 -85.13954 -3.10953 238.6147
1296 -84.90004187559605 34.39492086662809 236.13409044112518 -84.44349 -3.131581 238.6508
1297 -84.19597098619555 34.45575406420973 236.1784095844695 -83.73651 -3.141617 238.689
1298 -83.45964185407988 34.52536538216055 236.22811607413536 -82.99599 -3.164465 238.7136
1299 -82.72020422242862 34.593691765096395 236.2600800666563 -82.25386 -3.18894 238.7468
1300 -81.96866507458164 34.65800174544706 236.25236760682094 -81.501 -3.193174 238.7936
1301 -81.20304814093005 34.730415733481294 236.30737627675492 -80.73125 -3.204779 238.8359
1302 -80.41561856468623 34.81241795436662 236.33330458025412 -79.94014 -3.188593 238.8723
1303 -79.61850843321392 34.87789295240565 236.37556567626416 -79.14001 -3.199573 238.9059
1304 -78.82024540483177 34.9530250705289 236.4151085712577 -78.3389 -3.201263 238.9574
1305 -78.02261354045149 35.01877736186265 236.45051841234144 -77.53959 -3.204957 239.0111
1306 -77.21699698044392 35.109103330306844 236.48041376753602 -76.72966 -3.214693 239.0557
1307 -76.40122648630468 35.19162429313038 236.48877905213857 -75.91108 -3.224093 239.1026
1308 -75.5816986404179 35.26620046010167 236.54996181292148 -75.08744 -3.239402 239.1507
1309 -74.75316705936528 35.35598249542785 236.61059751504584 -74.25346 -3.253523 239.2005
1310 -73.92075328927027 35.43634897372 236.63476211516885 -73.41834 -3.272699 239.247
1311 -73.08039047426766 35.50162422020499 236.7106362147102 -72.57493 -3.292981 239.3139
1312 -72.2329677669389 35.574839915271 236.72985687327287 -71.72614 -3.314227 239.3683
1313 -71.3713846279701 35.64735762577146 236.76551150407215 -70.86221 -3.33866 239.4117
1314 -70.50331462822797 35.719317644330125 236.791846640406 -69.99191 -3.366787 239.4464
1315 -69.63173592307086 35.80762132699184 236.83691511241287 -69.11572 -3.390705 239.481
1316 -68.75637428191214 35.89573358970286 236.86132540878222 -68.23645 -3.412566 239.513
1317 -67.87643301053023 35.987924935849186 236.9081141528401 -67.35162 -3.440482 239.5488
1318 -66.98446772231335 36.07155157570156 236.95362454928053 -66.45635 -3.487813 239.5791
1319 -66.09817868279174 36.16681298361124 237.00154527769638 -65.56589 -3.534768 239.621
1320 -65.1998589422249 36.24387277657824 237.0487485366073 -64.66636 -3.602912 239.6577
1321 -64.31229680300117 36.32546445257676 237.08222872844277 -63.77679 -3.651501 239.7007
1322 -63.42536192573107 36.412517853472934 237.16140157065055 -62.88482 -3.696764 239.754
1323 -62.542291240260404 36.49600718302034 237.23239948903606 -61.99803 -3.746013 239.8088
1324 -61.65112251418098 36.58887775443869 237.29996302689045 -61.10321 -3.809388 239.8603
1325 -60.759563391464084 36.67823165246045 237.35190094244916 -60.20898 -3.87313 239.9033
1326 -59.864703713557205 36.76514069085233 237.41149327956703 -59.31175 -3.939659 239.9526
1327 -58.98526078270394 36.83074199215655 237.46979059908864 -58.4305 -3.980641 240.0059
1328 -58.119611735257976 36.915689902786596 237.52776829483864 -57.56113 -4.020154 240.0565
1329 -57.26325570128218 36.990154007756516 237.58863319665633 -56.70195 -4.060627 240.1091
1330 -56.41829696817359 37.05947975014687 237.65616101034468 -55.85398 -4.101583 240.16
1331 -55.57079042148863 37.13585814823442 237.7218989390669 -55.00292 -4.143154 240.2089
1332 -54.721833335139934 37.224926721058864 237.75666051781894 -54.15113 -4.172782 240.2676
1333 -53.87534274225175 37.29818411592609 237.79579411863816 -53.30353 -4.205374 240.3305
1334 -53.03673029486601 37.37295019314385 237.8573212837862 -52.46197 -4.242766 240.3855
1335 -52.203505040354116 37.44971091504799 237.90990324457448 -51.62594 -4.290144 240.4271
1336 -51.37725404444589 37.53806287800846 237.95035823129658 -50.79621 -4.332237 240.4708
1337 -50.54526481559728 37.62820036171368 238.00061944862347 -49.96026 -4.376671 240.5163
1338 -49.716281068710636 37.72075346375982 238.04764804682085 -49.12739 -4.421564 240.5643
1339 -48.89019624060315 37.78638804190939 238.0993613280042 -48.29973 -4.464891 240.6143
1340 -48.07580697021842 37.876233081820445 238.18435097142975 -47.4783 -4.504143 240.6616
1341 -47.273079142054904 37.985454887716685 238.27120862788348 -46.66587 -4.538667 240.7127
1342 -46.46717172344909 38.06751212235427 238.31674720796394 -45.85726 -4.571703 240.7706
1343 -45.66081846723784 38.15039974679134 238.3635562254891 -45.04822 -4.610806 240.8271
1344 -44.85672000320374 38.242872909616004 238.41147271216335 -44.24057 -4.651036 240.8863
1345 -44.061343537810416 38.32362362239599 238.486486640103 -43.44076 -4.687337 240.9476
1346 -43.27904545724044 38.40800032796732 238.55612520371872 -42.65454 -4.714944 241.0187
1347 -42.51302952631236 38.50324194802993 238.65995573023295 -41.87896 -4.728352 241.0889
1348 -41.75464368923536 38.576020163737674 238.71627220885517 -41.11857 -4.737337 241.162
1349 -41.01488243045062 38.656036626421646 238.78892639542244 -40.37476 -4.751432 241.236
1350 -40.289343510860554 38.72206592086626 238.83554821430826 -39.64902 -4.769963 241.3128
1351 -39.584113273582645 38.79461654943311 238.91302654026134 -38.93985 -4.793176 241.3846
1352 -38.8887539429336 38.853962816938584 238.96760680787216 -38.24412 -4.801646 241.4615
1353 -38.200423320370334 38.91972178451145 239.0478279261292 -37.55243 -4.809079 241.5394
1354 -37.5140469445642 38.97542631001396 239.12797653221668 -36.8629 -4.824751 241.6097
1355 -36.829189191494635 39.03446514362457 239.19731782314355 -36.17526 -4.839722 241.6749
1356 -36.14578579905919 39.10253024756534 239.2645870407862 -35.48874 -4.855125 241.7431
1357 -35.46530487382083 39.167556466430035 239.3404042896673 -34.80489 -4.857816 241.8164
1358 -34.79228105784128 39.23912953125505 239.41182042303282 -34.12746 -4.863699 241.8815
1359 -34.125328383894775 39.290342167364564 239.48889200863556 -33.4567 -4.876482 241.939
1360 -33.47038742801937 39.3548364852085 239.55622444687188 -32.79782 -4.885648 241.9976
1361 -32.82942834925971 39.412289993850486 239.60749434740126 -32.15573 -4.889678 242.0644
1362 -32.208037272622924 39.46634428281407 239.65597270026942 -31.53309 -4.898054 242.1248
1363 -31.60307341773915 39.521296457764905 239.68323731347658 -30.92804 -4.908945 242.1843
1364 -31.011044988893886 39.568576933338136 239.70905397888035 -30.3363 -4.922557 242.2396
1365 -30.440426849997685 39.62178763501044 239.74363105929754 -29.76456 -4.942867 242.2879
1366 -29.889279431769793 39.66191993149563 239.76104566074432 -29.21431 -4.965689 242.3367
1367 -29.35767089270068 39.693785794899156 239.8038315098927 -28.68168 -4.986696 242.373
1368 -28.852138557575444 39.74883439145733 239.8528853293546 -28.17242 -5.007234 242.4081
1369 -28.362672456254412 39.784815769579886 239.87390103146006 -27.68212 -5.025891 242.432
1370 -27.887874818796956 39.825248485904964 239.87766024672285 -27.20634 -5.041519 242.4537
1371 -27.430209115951087 39.86234784510487 239.89688445246844 -26.74717 -5.053168 242.4689
1372 -26.98496539786857 39.89332520116667 239.89396400396257 -26.30096 -5.053968 242.4792
1373 -26.557561580065798 39.9260575148915 239.87963328626137 -25.87211 -5.06017 242.4793
1374 -26.146235444775037 39.94890180321898 239.88637950494848 -25.46026 -5.070177 242.4733
1375 -25.752132777862318 39.9828467334287 239.86028576979348 -25.06402 -5.07954 242.4658
1376 -25.374763602171942 40.0188759244776 239.8379923825424 -24.68451 -5.088412 242.456
1377 -25.010608158702063 40.05647953671051 239.81816952951138 -24.31871 -5.104554 242.4374
1378 -24.660514384629057 40.09280353577074 239.83261159212685 -23.9679 -5.119929 242.4093
1379 -24.328692792919156 40.117779165309834 239.79911413954864 -23.63681 -5.143724 242.3685
1380 -24.01570012483699 40.150594960397314 239.76432157879808 -23.3242 -5.163532 242.3223
1381 -23.713700566772996 40.176937379084116 239.7286404385713 -23.02391 -5.190213 242.2745
1382 -23.43193791449897 40.19657776175071 239.71819596341865 -22.74508 -5.20646 242.2312
1383 -23.168898195115194 40.21619444294291 239.68836624116875 -22.48378 -5.221438 242.1869
1384 -22.932324234956216 40.22922372207151 239.66678727399966 -22.24922 -5.23478 242.1494
1385 -22.72020483971327 40.273622490459545 239.64227618025842 -22.03471 -5.248313 242.1124
1386 -22.52771931002157 40.28913092640718 239.6056021992533 -21.84323 -5.259766 242.0695
1387 -22.35629760651731 40.29592499519445 239.5803244483049 -21.67523 -5.265402 242.0269
1388 -22.196560969525798 40.32069159257516 239.5494292435342 -21.51618 -5.267841 241.9847
1389 -22.03241238318156 40.31982574495992 239.52470192159882 -21.35727 -5.27407 241.9371
1390 -21.869229490957732 40.335901487583456 239.47506489178673 -21.19397 -5.291182 241.8882
1391 -21.705237831809114 40.35028610001909 239.43239081170572 -21.0326 -5.299016 241.8351
1392 -21.57185090883275 40.38366134400387 239.34351062475804 -20.87495 -5.301724 241.791
1393 -21.42202965661979 40.40731323054211 239.28438102705502 -20.71927 -5.30205 241.7434
1394 -21.266129454659552 40.427624468180255 239.24076774005022 -20.56416 -5.302307 241.6928
1395 -21.116543048592362 40.46544273822968 239.1896347597501 -20.41009 -5.302005 241.641
1396 -20.966015110246104 40.48501520649138 239.13215300410215 -20.25737 -5.299092 241.5861
1397 -20.803790458774245 40.49014932145175 239.09896128273363 -20.10375 -5.291935 241.5245
1398 -20.649994296496722 40.52829231064769 239.01362686655293 -19.93858 -5.286906 241.4532
1399 -20.45556398912907 40.55055742703279 238.95239130735501 -19.75489 -5.289635 241.3621
1400 -20.264877199681564 40.58558155170311 238.83676466273414 -19.55122 -5.29894 241.2652
1401 -20.045336957630656 40.61113832129211 238.72176505462872 -19.33089 -5.318294 241.1505
1402 -19.809369727223892 40.66190132520784 238.58349486199268 -19.09778 -5.342702 241.0007
1403 -19.560039611878935 40.70910756838996 238.43786909860344 -18.85305 -5.382576 240.8454
1404 -19.3252344996571 40.74302108084758 238.2486664706532 -18.60355 -5.40465 240.6741
1405 -19.06222245006465 40.78475270951347 238.05057952995776 -18.34637 -5.427006 240.4655
1406 -18.804155719596395 40.83126489742613 237.84423112388203 -18.08613 -5.451539 240.2581
1407 -18.53601270850764 40.872622361761806 237.58759267407962 -17.81755 -5.481176 240.0003
1408 -18.29086986094956 40.919800036123604 237.31759680144094 -17.5544 -5.502023 239.7443
1409 -18.028317878079218 40.96788153964294 237.0500251354612 -17.29903 -5.512958 239.4659
1410 -17.765817877256037 41.02193678626194 236.7274306261747 -17.04794 -5.517479 239.13
1411 -17.53006701147951 41.079537356694985 236.40285032714164 -16.81073 -5.516022 238.8014
1412 -17.338833452066293 41.137754021303984 236.0421910040167 -16.58565 -5.514193 238.4559
1413 -17.14319221581682 41.21692686990323 235.62576268069506 -16.37144 -5.510814 238.0411
1414 -16.95644891382777 41.28074296425243 235.2274570679236 -16.16855 -5.520163 237.6457
1415 -16.780422515219094 41.345196717562075 234.76311406072617 -15.9803 -5.524629 237.1817
1416 -16.635909824375847 41.40584126119015 234.31134070909687 -15.81914 -5.521756 236.7315
1417 -16.533721278310562 41.48566203813325 233.82167574122877 -15.68153 -5.51225 236.2441
1418 -16.442829641448515 41.593424096973166 233.2859687563498 -15.55169 -5.508345 235.7056
1419 -16.305787701140726 41.658734346461884 232.75272077664016 -15.43172 -5.507429 235.1643
1420 -16.220863278514543 41.749968081788694 232.18733275644524 -15.32649 -5.502579 234.595
1421 -16.113599760816737 41.811458676269126 231.58632816932004 -15.23713 -5.494907 233.988
1422 -16.03540353375288 41.882969541413345 230.96946879465244 -15.16093 -5.481781 233.3669
1423 -16.036460451090008 41.9947383299293 230.328803647459 -15.09436 -5.468998 232.7201
1424 -16.001253846299313 42.08517153441763 229.6616273538708 -15.03583 -5.450609 232.0487
1425 -16.0308087758958 42.21525159067044 228.98353587619408 -14.98543 -5.428723 231.3598
1426 -16.004278358633968 42.29251846925946 228.27680125426446 -14.94039 -5.407624 230.6501
1427 -15.991593696305605 42.39418260581889 227.5541091445004 -14.90294 -5.38828 229.9214
1428 -15.959531674877462 42.4665171369445 226.80231607478453 -14.87945 -5.367708 229.1661
1429 -15.921713958116031 42.564406535953836 226.0332269503025 -14.86457 -5.343652 228.3904
1430 -15.917571570730528 42.670853493042145 225.24552266512794 -14.85183 -5.322829 227.5959
1431 -15.906858703656663 42.771218574345134 224.4390918363459 -14.83457 -5.296103 226.7838
1432 -15.871548704859173 42.8180767973027 223.60982476877228 -14.82178 -5.263447 225.9532
1433 -15.856003432539216 42.90295163267133 222.76097594824495 -14.81286 -5.232088 225.1006
1434 -15.837548650643864 43.03307911842024 221.8971013439494 -14.80591 -5.202901 224.2273
1435 -15.844659917923568 43.13137411124259 221.01162241567795 -14.79638 -5.167708 223.3371
1436 -15.838088841544762 43.223123707887694 220.1083817547732 -14.79054 -5.127437 222.4301
1437 -15.811672067337827 43.31655725407169 219.1863598216518 -14.77615 -5.09385 221.5037
1438 -15.803312962633793 43.40081516248094 218.24838289506988 -14.76205 -5.057931 220.5627
1439 -15.770750025161147 43.487867011396716 217.29021581981448 -14.74402 -5.024081 219.6008
1440 -15.751647489490427 43.5916502249421 216.31959244840974 -14.72619 -4.990431 218.6252
1441 -15.755458804339685 43.72703075137211 215.33378810374154 -14.70817 -4.958863 217.6308
1442 -15.728658411575346 43.847560102259884 214.33441004375462 -14.68116 -4.929982 216.6246
1443 -15.687826064397157 43.9593093392765 213.3182113033622 -14.64681 -4.902737 215.6024
1444 -15.645096772594025 44.07786817073858 212.29078042067798 -14.60524 -4.87412 214.5685
1445 -15.61205791966297 44.1911079131833 211.2467717392351 -14.55998 -4.8425 213.5193
1446 -15.556118391892904 44.30150748311033 210.1926676102342 -14.50969 -4.811522 212.4596
1447 -15.506860837643066 44.40958877166739 209.12437928942884 -14.45902 -4.783106 211.3863
1448 -15.44428409169309 44.517451767414016 208.04261743836187 -14.40526 -4.757659 210.299
1449 -15.35376734581084 44.623661446789626 206.9523064592505 -14.35348 -4.732652 209.2013
1450 -15.313036077625364 44.74345077642369 205.85317967361618 -14.30092 -4.705401 208.0965
1451 -15.237346972859921 44.84032338422687 204.7468984572877 -14.24429 -4.677533 206.9852
1452 -15.178958145951535 44.956077719855735 203.6366937169306 -14.17974 -4.652377 205.8696
1453 -15.114532453955334 45.07135049229085 202.51667877633076 -14.10941 -4.627366 204.7443
1454 -15.015682793297263 45.15158072056373 201.39120664384234 -14.0364 -4.606409 203.6142
1455 -14.938783362930833 45.283198355206196 200.26337698186788 -13.96238 -4.581422 202.4788
1456 -14.904268777770277 45.43544037816974 199.12860092798934 -13.88728 -4.560121 201.336
1457 -14.86464747871227 45.57624983058201 197.99057855558127 -13.8127 -4.535794 200.1913
1458 -14.836647052796994 45.71299867464764 196.85026529792077 -13.73912 -4.511093 199.0451
1459 -14.733185417600732 45.816901589855775 195.7037663249366 -13.6658 -4.484373 197.8919
1460 -14.675030995330182 45.941104648884405 194.5499839423556 -13.5915 -4.461457 196.7326
1461 -14.582917983867077 46.058506694543645 193.3963160849555 -13.51493 -4.432709 195.5722
1462 -14.5292598873422 46.18977072834032 192.23247395997558 -13.43473 -4.406072 194.4028
1463 -14.45632646747709 46.30785251162393 191.0643777572648 -13.35421 -4.38168 193.2295
1464 -14.384942384100516 46.43173353342819 189.89558584706597 -13.27544 -4.356643 192.0549
1465 -14.195055797672941 46.39351170158797 188.73021101741216 -13.19833 -4.332718 190.8763
1466 -14.137271255825564 46.52710343759811 187.55037124409662 -13.12607 -4.30667 189.69
1467 -13.99857682815848 46.58952150177746 186.36721399382336 -13.052 -4.285346 188.4996
1468 -13.95230383046029 46.70621665596212 185.1713093518164 -12.98336 -4.253796 187.2995
1469 -13.915764115683269 46.813379745585046 183.96883149985592 -12.91699 -4.220079 186.094
1470 -13.869490933046952 46.92141971858809 182.76293845691922 -12.85457 -4.17898 184.8847
1471 -13.88660521980239 47.078969815871716 181.55941141020867 -12.79407 -4.140603 183.6729
1472 -13.886255324166482 47.217229346740595 180.34231254800972 -12.7319 -4.10399 182.4501
1473 -13.874618412722201 47.36663083963043 179.11964256026351 -12.67514 -4.065229 181.2202
1474 -13.806243571194008 47.49810258219305 177.89401090757602 -12.62118 -4.027475 179.9874
1475 -13.751191368455544 47.602110271890936 176.6556926450125 -12.56693 -3.991746 178.7452
1476 -13.708923314925144 47.72144059842414 175.41714987203926 -12.50803 -3.960138 177.502
1477 -13.711711569511541 47.84191242538653 174.16531628351854 -12.45081 -3.92774 176.2461
1478 -13.693214179790234 47.98687441969777 172.91330144527467 -12.39605 -3.895038 174.9872
1479 -13.648453475013952 48.1203153448241 171.65093623264985 -12.34119 -3.859344 173.7187
1480 -13.614300353322957 48.24692214548985 170.38733665935933 -12.28401 -3.82379 172.4501
1481 -13.583099354812713 48.35710381213974 169.11957154951992 -12.22752 -3.78913 171.1789
1482 -13.556204725132902 48.50824736078834 167.84630966666893 -12.17501 -3.753055 169.898
1483 -13.524234945465038 48.62975092830988 166.56799495353744 -12.12392 -3.718784 168.615
1484 -13.519030348316862 48.75997076573636 165.28414315222463 -12.07148 -3.687339 167.326
1485 -13.493288286184338 48.89870170738454 163.9924172764849 -12.01825 -3.654372 166.0281
1486 -13.460579825247146 49.03042422156482 162.69781083174692 -11.9612 -3.624176 164.728
1487 -13.433443992140887 49.1727608783835 161.4079548759564 -11.90192 -3.591375 163.4318
1488 -13.40470863897002 49.317822980134075 160.1167611306223 -11.84135 -3.554551 162.1341
1489 -13.363208006566477 49.44471008822796 158.82216253543783 -11.77885 -3.523863 160.8345
1490 -13.305422181243566 49.557585848885644 157.52261828756795 -11.72026 -3.495831 159.5304
1491 -13.273764345679831 49.674568915109205 156.2165489411455 -11.65518 -3.475071 158.2205
1492 -13.24138964549926 49.8283397748312 154.91557924896605 -11.5911 -3.44908 156.9119
1493 -13.173655331990371 49.940867902249266 153.6103756359626 -11.52805 -3.427408 155.6018
1494 -13.155355124040947 50.0988973739871 152.30389205568795 -11.46658 -3.404632 154.2873
1495 -13.118145843369076 50.219082847360255 150.99703977837964 -11.40471 -3.37976 152.9761
1496 -13.058573540857706 50.352095496056 149.66978299049856 -11.34344 -3.361264 151.6424
1497 -13.00716198673318 50.48256578090005 148.35313828543374 -11.28131 -3.336424 150.32
1498 -12.951549720728265 50.600815744969026 147.03605593560764 -11.21753 -3.31279 148.9982
1499 -12.88447320905503 50.7174167477925 145.73141008423215 -11.14296 -3.265873 147.6896
1500 -12.83979954638067 50.84667143788013 144.42398606916336 -11.05762 -3.207848 146.3791
1501 -12.787565149107415 50.965318688190095 143.1130884947208 -10.97994 -3.16496 145.0648
1502 -12.719461579480953 51.07264682397716 141.80023395595555 -10.89652 -3.120438 143.7492
1503 -12.671207697430926 51.20817608189042 140.49938886049623 -10.81524 -3.079246 142.4436
1504 -12.622884310655596 51.33339754632449 139.19721432345577 -10.73215 -3.035455 141.1379
1505 -12.543641493102143 51.44911855598634 137.8908674911413 -10.65026 -2.995802 139.8272
1506 -12.486935546233122 51.56243713072998 136.58460042517174 -10.57055 -2.953729 138.5179
1507 -12.42101347612021 51.67776676203085 135.28669512922755 -10.49042 -2.907447 137.2165
1508 -12.355447518678627 51.7442722981409 133.99755059404484 -10.41078 -2.860157 135.9273
1509 -12.29336811400592 51.841058850040916 132.71150512416332 -10.33398 -2.818003 134.6391
1510 -12.255686262668684 51.93222149467405 131.42788388616543 -10.26756 -2.782459 133.3539
1511 -12.19607268108241 52.031112076389576 130.13795754122964 -10.19703 -2.76977 132.0608
1512 -12.126955496914649 52.12057173636714 128.8655324356873 -10.12324 -2.741915 130.7858
1513 -12.06887275458044 52.20908816901236 127.59980095867344 -10.05361 -2.722968 129.5177
1514 -12.009255830209797 52.31233669593863 126.35731741579568 -9.983675 -2.704977 128.2716
1515 -11.942109492495465 52.39308083641593 125.11566597068553 -9.91435 -2.693324 127.0275
1516 -11.840324817783568 52.49961632579194 123.89066357336127 -9.842207 -2.676072 125.7959
1517 -11.788255254893768 52.59104081922689 122.68346993238373 -9.768507 -2.668058 124.5864
1518 -11.776518106343335 52.66116329568383 121.49266871784563 -9.696148 -2.675813 123.3957
1519 -11.717438110006594 52.7578085676112 120.32728611045357 -9.626526 -2.673222 122.2269
1520 -11.654314208597352 52.83952017918411 119.15822521210053 -9.557928 -2.676765 121.0553
1521 -11.608808441892505 52.929878648504825 118.01992563324943 -9.493383 -2.664828 119.9144
1522 -11.565348119623218 53.022798910792 116.89941397897505 -9.430385 -2.656282 118.791
1523 -11.535145785325806 53.11196331070523 115.80435392203933 -9.369618 -2.640186 117.6937
1524 -11.489126699912175 53.192310408394086 114.72063159226168 -9.31028 -2.629674 116.6077
1525 -11.445782467700072 53.27761890212911 113.64785869676116 -9.254439 -2.616277 115.5322
1526 -11.404160656524654 53.358993768403 112.59025848375373 -9.200535 -2.603835 114.4721
1527 -11.382543450378417 53.4426687783896 111.56280311501398 -9.151332 -2.588856 113.4423
1528 -11.370918392773751 53.52961458500847 110.55951148583128 -9.105417 -2.57026 112.4364
1529 -11.358421015278175 53.62115529101301 109.57566544624993 -9.061229 -2.551094 111.4494
1530 -11.34268612619583 53.699784070254644 108.61046477913996 -9.017561 -2.534579 110.482
1531 -11.3075818610273 53.76134964559832 107.66887671108442 -8.973774 -2.518585 109.5389
1532 -11.261432363996997 53.823997415020465 106.76315197728488 -8.931383 -2.50091 108.631
1533 -11.235339761621727 53.88072040916082 105.87813615226533 -8.88896 -2.499823 107.7448
1534 -11.218019251885098 53.95326040584393 105.01975862218158 -8.850383 -2.490803 106.8841
1535 -11.19465746987246 54.010747945617695 104.17305168925323 -8.810192 -2.484177 106.0361
1536 -11.191705003896883 54.068117045468 103.36099630133191 -8.774269 -2.471963 105.2229
1537 -11.17679491603881 54.1299989889027 102.56919768801802 -8.743349 -2.45648 104.4293
1538 -11.123509369522361 54.182058834368064 101.80949475567108 -8.714586 -2.438815 103.6667
1539 -11.081349473458866 54.214853856227364 101.06176859734161 -8.679794 -2.425206 102.918
1540 -11.022676095917614 54.2566011066886 100.33245310469948 -8.637154 -2.411937 102.1865
1541 -10.970552438476236 54.30265596098372 99.63604902337616 -8.579986 -2.39846 101.4891
1542 -10.917318637388897 54.34916389674021 98.95919734801261 -8.504861 -2.388482 100.8128
1543 -10.821011397920923 54.37946526356359 98.31156549867559 -8.410845 -2.378517 100.1642
1544 -10.738942242586978 54.41708438411016 97.67315920342385 -8.297513 -2.373526 99.5295
1545 -10.63153508495587 54.464024759107296 97.0599467039877 -8.163715 -2.36755 98.91972
1546 -10.497534828534336 54.492429599112675 96.47335446056113 -8.004362 -2.365664 98.33881
1547 -10.316000869372415 54.546232877916935 95.92483926556841 -7.822238 -2.363865 97.78786
1548 -10.13572943075348 54.57548772924293 95.37320034028473 -7.618518 -2.365779 97.24366
1549 -9.92043750978699 54.609160610418705 94.84799083557172 -7.391983 -2.368503 96.72212
1550 -9.66678665881261 54.63724931129014 94.34778650694959 -7.139675 -2.371668 96.22046
1551 -9.353062527590186 54.634139314929506 93.8724541415763 -6.858427 -2.377152 95.72524
1552 -9.070751399126616 54.654639609849674 93.40401351393731 -6.558989 -2.382497 95.26713
1553 -8.815734657955911 54.69856967334447 92.92908317225128 -6.241788 -2.3914 94.82915
1554 -8.471017478778029 54.71203441520195 92.49467483588175 -5.899838 -2.396299 94.39238
1555 -8.086451616272255 54.71445083856453 92.11593397835735 -5.538427 -2.402837 93.99153
1556 -7.697883447027223 54.706588802201075 91.75408176707383 -5.158326 -2.408911 93.62076
1557 -7.298244992639686 54.695532947962114 91.38858923528723 -4.759829 -2.41455 93.2539
1558 -6.901331812179783 54.71239580139027 91.05171677599074 -4.350995 -2.417305 92.93117
1559 -6.462630641899863 54.71316545503767 90.75156859498463 -3.910527 -2.412408 92.63366
1560 -6.0103856736425865 54.71530285294956 90.45380409209663 -3.450087 -2.40785 92.34876
1561 -5.5515423470150465 54.7220433352483 90.17591467587185 -2.971838 -2.408021 92.10569
1562 -5.0651196230233095 54.73187225569136 89.92670828438806 -2.475933 -2.410053 91.87573
1563 -4.567681852244211 54.73298222111367 89.73042257786801 -1.973871 -2.417222 91.69173
1564 -4.054470862989492 54.72668764923817 89.5692456805592 -1.461824 -2.425884 91.527
1565 -3.5445491933109246 54.71906425230383 89.42494821365612 -0.9535855 -2.435403 91.37699
1566 -3.03587948103052 54.721168101415785 89.27764373402033 -0.4368032 -2.446763 91.26186
1567 -2.512713519237684 54.730135065376786 89.20604074494432 0.08493472 -2.456413 91.18058
1568 -1.984044858385273 54.725993300790236 89.13909416994557 0.6102987 -2.466161 91.09177
1569 -1.4547731322484059 54.72047108187947 89.0855909426421 1.138073 -2.48012 91.02634
1570 -0.9213489947777873 54.719561124942054 89.03038658824778 1.669864 -2.501031 90.96038
1571 -0.38216552299946416 54.71050381927992 88.98698097285978 2.20844 -2.524745 90.91501
1572 0.16111102769657704 54.71011986469404 88.95597424978749 2.751248 -2.544208 90.88197
1573 0.709418621008022 54.725236783989374 88.92575742606255 3.299026 -2.55768 90.84272
1574 1.2693439412322356 54.73846959810379 88.89206377212861 3.858709 -2.572712 90.8059
1575 1.8431630651971678 54.74136507702794 88.86119762844477 4.431705 -2.590718 90.76614
1576 2.4281158304295984 54.74662021389494 88.83508928082499 5.016199 -2.612554 90.73841
1577 3.022843137893722 54.75121450786751 88.81408501544006 5.610331 -2.632315 90.71049
1578 3.6250658879910467 54.75651332101411 88.80698970822723 6.211745 -2.650403 90.68357
1579 4.234645392624678 54.75332190908541 88.76668153567488 6.821468 -2.665408 90.64843
1580 4.860208830383756 54.75163939521171 88.75620403778171 7.446192 -2.681728 90.6185
1581 5.494964616775629 54.77564061686757 88.71515736744108 8.08109 -2.703699 90.57853
1582 6.146446621179803 54.777117780165035 88.72102238978587 8.731175 -2.727805 90.54284
1583 6.814977391232982 54.78576709763098 88.6750342237378 9.399524 -2.754209 90.50118
1584 7.491954050760978 54.812235609812106 88.6467032643078 10.07658 -2.773656 90.46928
1585 8.187177475373407 54.83206241867114 88.61855021110524 10.77161 -2.793484 90.4367
1586 8.894610409312257 54.862328883951 88.5767397811371 11.47973 -2.81297 90.40048
1587 9.621578942336612 54.8632561190999 88.55389220734065 12.20589 -2.834519 90.36536
1588 10.367792387987292 54.87088930473722 88.55790050275816 12.95106 -2.856224 90.33131
1589 11.128269928584334 54.905012229012925 88.53949000816036 13.71186 -2.879219 90.30931
1590 11.904100596968844 54.96843691014666 88.52733819787883 14.48981 -2.901943 90.29031
1591 12.698741268026103 55.000998649504034 88.52560152989749 15.28482 -2.923415 90.28642
1592 13.497856045612485 55.05634916246509 88.52462131614493 16.08562 -2.939984 90.29611
1593 14.32231760300107 55.096523454624425 88.5375911287061 16.91051 -2.960754 90.32149
1594 15.152268640854983 55.104519609573586 88.63226782887686 17.74494 -2.980526 90.35587
1595 16.002120600523572 55.1513997745989 88.69359631422944 18.59667 -3.005455 90.40215
1596 16.86085200705941 55.17354889982698 88.71756980387109 19.45362 -3.03401 90.45965
1597 17.720579052076257 55.209190874824934 88.77548878250357 20.31322 -3.064211 90.52235
1598 18.58446292121307 55.249091342305945 88.85023023402805 21.17745 -3.096855 90.59661
1599 19.453981030455665 55.267238834288285 88.9153560342835 22.04573 -3.13109 90.67111
1600 20.323334968724033 55.28194970353734 88.99613780514922 22.9146 -3.169221 90.7494
1601 21.19121722708728 55.29034675827611 89.04739885069077 23.77962 -3.210301 90.82667
1602 22.05497860258066 55.275050466271125 89.13620072390106 24.64428 -3.253324 90.89534
1603 22.912593019534018 55.27863969861574 89.16214419631538 25.49897 -3.29482 90.95836
1604 23.768970309859206 55.24497897337292 89.1686617700506 26.35325 -3.334796 91.01462
1605 24.624660211934525 55.25006243572894 89.21206342584615 27.20785 -3.371323 91.06401
1606 25.47777759096579 55.236804817368274 89.2378805250482 28.06008 -3.405154 91.09881
1607 26.33424737409889 55.24466990332261 89.23057858100158 28.91571 -3.438232 91.12023
1608 27.183805424913338 55.23110063174851 89.21910154888161 29.76478 -3.470581 91.13015
1609 28.02846690712817 55.216685314133365 89.22977021148189 30.60909 -3.500672 91.12702
1610 28.867536743506133 55.22675529441341 89.20721583448315 31.44794 -3.527684 91.11123
1611 29.707413974033273 55.22156288384884 89.17375984094579 32.28769 -3.554151 91.08555
1612 30.54401072235734 55.223196983540944 89.1226132282741 33.12438 -3.582327 91.0447
1613 31.38549971391025 55.23593113026875 89.10119513624053 33.96442 -3.611519 90.99774
1614 32.224385667963844 55.24036728929153 89.03411288206172 34.80342 -3.63864 90.9378
1615 33.06214319691059 55.251643579875456 88.95893495109331 35.64157 -3.664619 90.87112
1616 33.902910511400634 55.261172093268634 88.89425552844826 36.48132 -3.695783 90.80032
1617 34.749159913839414 55.290826210776736 88.86331772453757 37.32512 -3.725465 90.72894
1618 35.59732646620023 55.28848687915689 88.77109914857303 38.17446 -3.753578 90.65326
1619 36.45470889254736 55.321703841729935 88.70765795541351 39.03116 -3.784327 90.5801
1620 37.32013015365721 55.35208228926635 88.6403677042229 39.89617 -3.816446 90.50847
1621 38.19093817499013 55.38127923334958 88.52230403128569 40.77155 -3.849569 90.4329
1622 39.076456489793244 55.400428177425255 88.45081415221159 41.65672 -3.883158 90.36243
1623 39.96934256302636 55.42110761826785 88.3944340865077 42.54796 -3.919092 90.28996
1624 40.86031074201258 55.438420728761685 88.2720785921685 43.44429 -3.955976 90.22418
1625 41.76023944010424 55.45686993887642 88.2193333474714 44.34296 -3.993405 90.16105
1626 42.66192141977807 55.460511006651785 88.14651887198107 45.24463 -4.029977 90.09781
1627 43.56159356699224 55.452566479657946 88.08090846162663 46.14374 -4.066554 90.03424
1628 44.462811598505574 55.46266001653732 88.04665572403577 47.04273 -4.102566 89.97108
1629 45.36281281502191 55.45303452712296 87.96778316874166 47.94302 -4.1378 89.90361
1630 46.25914587516804 55.439015593497714 87.88218075215724 48.83973 -4.172906 89.82867
1631 47.14807878811973 55.42928774313224 87.75639682485549 49.73213 -4.209393 89.73697
1632 48.032888636078816 55.41052951526326 87.63653666679271 50.61799 -4.24625 89.62973
1633 48.910851152369084 55.38525767217886 87.48104605554762 51.50038 -4.280657 89.50388
1634 49.791040367270426 55.39251699351656 87.33519282698869 52.37928 -4.315191 89.35421
1635 50.66460253316079 55.367912642869406 87.1685342778826 53.25215 -4.349397 89.18563
1636 51.53585386998324 55.3636314008685 87.0153270047491 54.11543 -4.38318 88.99543
1637 52.38659267157714 55.36149872316907 86.79543550280012 54.9685 -4.412621 88.78682
1638 53.22839416991578 55.345236503162816 86.55204167839352 55.81415 -4.435513 88.55772
1639 54.067541577502865 55.346552012744255 86.30909242080378 56.65441 -4.45828 88.31973
1640 54.89934493024959 55.35166750018607 86.05049724760147 57.48695 -4.481396 88.06451
1641 55.72668464303625 55.3422406128931 85.7796523385815 58.3133 -4.506276 87.79163
1642 56.549772696660185 55.339309044292 85.4946474141888 59.13858 -4.526147 87.51373
1643 57.36916080837006 55.35211254378974 85.17846145511704 59.96701 -4.542452 87.22223
1644 58.1924420566382 55.35149794367592 84.83761301299396 60.80547 -4.550111 86.92074
1645 59.03456812830384 55.3572648991988 84.52615224061005 61.65008 -4.554028 86.61605
1646 59.86573190159363 55.3481477094185 84.19612162122728 62.4892 -4.559425 86.30672
1647 60.69033970206867 55.32981375892634 83.86291637963576 63.32202 -4.563838 85.9941
1648 61.506774855507906 55.324028886988806 83.51687345743348 64.1523 -4.568649 85.68272
1649 62.33397868875524 55.33023668373281 83.18404264978415 64.98797 -4.579089 85.37187
1650 63.1735572084516 55.35085622852747 82.8511805560007 65.83372 -4.600068 85.05504
1651 64.02614492532095 55.359255308346945 82.52468255824623 66.68849 -4.622012 84.73494
1652 64.88686002723477 55.36932395397994 82.20325657073343 67.54801 -4.642618 84.41083
1653 65.74531868258109 55.359789209270694 81.8735871395371 68.40622 -4.658949 84.08078
1654 66.6040337808829 55.367371411628696 81.52779968343162 69.26862 -4.671587 83.74444
1655 67.4686587789504 55.367258748466945 81.17840765343699 70.13521 -4.683307 83.40015
1656 68.31856852309858 55.36396439543932 80.792283338915 70.99861 -4.693642 83.04535
1657 69.17401178994224 55.3776986238677 80.4072477001096 71.85907 -4.703205 82.67153
1658 70.02266372753411 55.387529494747504 79.98945192715311 72.72096 -4.717954 82.28193
1659 70.87676736871994 55.39650148406984 79.57919105020203 73.57852 -4.736698 81.87928
1660 71.72730453011278 55.412331976827765 79.14748320233055 74.43372 -4.755133 81.45699
1661 72.58396586917763 55.44408916051088 78.70886929938158 75.29464 -4.777015 81.02618
1662 73.45778400869742 55.47515987767361 78.26648951163111 76.17016 -4.804992 80.58697
1663 74.32936491547943 55.49450211777481 77.79572569106935 77.05191 -4.831255 80.13589
1664 75.21139741492463 55.526805131156486 77.33763932844231 77.93475 -4.854281 79.6788
1665 76.09253768225827 55.547234457310005 76.87065053883371 78.81983 -4.873979 79.21929
1666 76.9670998744088 55.57306483286825 76.38682225381582 79.7072 -4.893911 78.75908
1667 77.84978788101215 55.60138251615947 75.9180832168159 80.59512 -4.918047 78.30009
1668 78.73523095368611 55.594718463378804 75.46044205518903 81.48042 -4.940816 77.84269
1669 79.61224531240721 55.60308164160883 74.99417839118344 82.36123 -4.964461 77.38417
1670 80.47154664137533 55.596159774082956 74.50566006376927 83.23781 -4.987705 76.92792
1671 81.33248468170251 55.595325599993586 74.02855963535178 84.10869 -5.01216 76.46987
1672 82.199624823823 55.590373712765576 73.56232138420101 84.97689 -5.03366 76.00608
1673 83.05781817568361 55.588447158807845 73.08488077839115 85.84043 -5.054052 75.53882
1674 83.9079683285694 55.57342541350865 72.59293212534142 86.69522 -5.077013 75.05529
1675 84.73799309725077 55.56358740490059 72.07761597123985 87.53763 -5.096609 74.56077
1676 85.5577007068387 55.54972653813517 71.56049925484292 88.36918 -5.11217 74.06297
1677 86.37648426993917 55.51505665459384 71.05298307491098 89.18892 -5.126981 73.55603
1678 87.19329624002816 55.49649486594948 70.54697766853407 89.99811 -5.1424 73.03782
1679 87.96877997401815 55.46466270398517 69.99051805004716 90.79262 -5.157865 72.50815
1680 88.73899471100998 55.4338169128453 69.43703180760428 91.57304 -5.173387 71.96849
1681 89.50316979371048 55.42255204831709 68.87821324914117 92.344 -5.186461 71.41911
1682 90.24389413255345 55.40850338050752 68.28921440495942 93.10435 -5.202598 70.85573
1683 90.98782749465633 55.38815441843212 67.71684854806652 93.85038 -5.217836 70.28594
1684 91.7340134338899 55.37674124948473 67.14654313595764 94.58632 -5.232682 69.70255
1685 92.44197761797423 55.35057170237628 66.54218715355412 95.30854 -5.243985 69.11483
1686 93.15441716611885 55.32493782624589 65.94978743012828 96.02056 -5.253594 68.52145
1687 93.85705083849638 55.30807698733432 65.3524012230826 96.72259 -5.262948 67.92319
1688 94.55147190861358 55.288170669023074 64.7609618026061 97.41618 -5.274783 67.33056
1689 95.22913516006624 55.27122597205962 64.15983691420152 98.10389 -5.288861 66.74088
1690 95.9102565968503 55.24876921803028 63.58224809074607 98.78369 -5.300088 66.16141
1691 96.56602264228698 55.2399570411142 62.998013475908564 99.45129 -5.311916 65.59079
1692 97.20517398929053 55.227701223259636 62.421540232196215 100.1077 -5.322308 65.03401
1693 97.83486476750424 55.221443653417275 61.86223570792231 100.7513 -5.332047 64.49082
1694 98.45898925933169 55.22011292720411 61.33187330966536 101.3805 -5.343843 63.96662
1695 99.07954496122535 55.207711013461136 60.83012789695215 101.9969 -5.356329 63.45978
1696 99.67858789784276 55.20192067384882 60.33937988252931 102.6011 -5.366131 62.97546
1697 100.25853319125586 55.185936536742076 59.864464452468425 103.1925 -5.375732 62.51471
1698 100.82125710835236 55.17621793250724 59.40795902875005 103.7649 -5.381607 62.07033
1699 101.36434484714438 55.145972504025 58.96583193681191 104.3198 -5.387971 61.6421
1700 101.89984175400735 55.1470018511164 58.5304209353607 104.8666 -5.395081 61.22103
1701 102.43928663849616 55.13401336246725 58.1072457273316 105.4086 -5.405058 60.80105
1702 102.97754251957251 55.112096970719534 57.6914832211776 105.9435 -5.41745 60.38059
1703 103.49386395876506 55.12330263548514 57.25290947389297 106.472 -5.42823 59.95676
1704 104.01927452310053 55.1382505252915 56.8195886164951 107.0032 -5.431921 59.53031
1705 104.53805100091348 55.165377112994726 56.378062182916594 107.5343 -5.43395 59.10283
1706 105.05947714272787 55.15623150410725 55.937955385796144 108.0659 -5.438101 58.67499
1707 105.58050048863153 55.1527430295176 55.50719130524928 108.5895 -5.44414 58.24739
1708 106.09232590889326 55.15654349666435 55.07467357610587 109.1088 -5.44724 57.82387
1709 106.59556071350443 55.15419470171102 54.640642361386 109.621 -5.443059 57.40047
1710 107.0851413712598 55.17261035542988 54.18376693635865 110.1347 -5.438721 56.97052
1711 107.60431462129175 55.17588334545985 53.742997881084214 110.6568 -5.438021 56.53321
1712 108.12739752646793 55.176655193591266 53.295426932332084 111.184 -5.441619 56.09051
1713 108.66481396197312 55.15205823778365 52.84770084241228 111.7175 -5.449228 55.63752
1714 109.19427338427543 55.149989847200565 52.3833440039823 112.255 -5.453527 55.18251
1715 109.73154197814301 55.13818471379396 51.9139545892691 112.7974 -5.457903 54.71893
1716 110.29377444036962 55.1441552787625 51.44961189653715 113.3534 -5.460142 54.24711
1717 110.84941192205576 55.13911812171762 50.965625420310396 113.9193 -5.461816 53.77514
1718 111.43531781028247 55.126494694184814 50.50502835276157 114.495 -5.458762 53.30169
1719 112.01574505701802 55.11203796702456 50.03180044817882 115.0778 -5.455029 52.83118
1720 112.59663297391009 55.10453459736275 49.55471589573921 115.6689 -5.448047 52.3668
1721 113.20359519650295 55.09820447898698 49.082139566501816 116.2817 -5.43495 51.90196
1722 113.82207656823033 55.075762591685724 48.61471918135632 116.9042 -5.427523 51.43942
1723 114.4362394174623 55.047761542656524 48.12021216338234 117.5404 -5.429666 50.97277
1724 115.07290531256109 55.03370689150554 47.652324098191464 118.1849 -5.428109 50.51552
1725 115.71591725640286 55.014685427431004 47.17969784788232 118.8368 -5.424749 50.05485
1726 116.3619838350868 54.997430749557346 46.688769137346796 119.5011 -5.427672 49.58858
1727 117.03362177675949 54.96763547285423 46.20094710218249 120.1732 -5.435032 49.10054
1728 117.70930436027916 54.942816613358985 45.696676384327944 120.8536 -5.44247 48.60209
1729 118.40627828741425 54.90780892794332 45.20277649933128 121.5468 -5.448708 48.10172
1730 119.0956799247658 54.8565565661448 44.69472897320498 122.2422 -5.453884 47.59932
1731 119.7863349934181 54.82031984378646 44.17348069621828 122.938 -5.457842 47.0837
1732 120.4704961738128 54.78354144135296 43.6245514054564 123.643 -5.464293 46.56055
1733 121.17450728303868 54.76129007537732 43.069711157774464 124.3646 -5.474036 46.02841
1734 121.89817561462452 54.733193012520324 42.52139264224945 125.0927 -5.480393 45.4853
1735 122.61711628997416 54.70635889367243 41.944674219820065 125.8296 -5.486769 44.9311
1736 123.36568660512948 54.67321833578436 41.39536920179537 126.5762 -5.488875 44.37813
1737 124.10292483395077 54.62974340232743 40.81790403755656 127.33 -5.493653 43.82078
1738 124.84785742909241 54.58864359061997 40.227442322295424 128.0916 -5.497699 43.25051
1739 125.59596629622521 54.53336111049183 39.628339251493635 128.8568 -5.501943 42.67077
1740 126.35228392884686 54.49190326419009 39.0153640511873 129.6376 -5.504398 42.08783
1741 127.11988736389517 54.44007091639017 38.422526565810756 130.4148 -5.50481 41.50532
1742 127.88425477332255 54.36177237601442 37.82523593817522 131.1944 -5.500901 40.92278
1743 128.6380788785047 54.28028094929461 37.228329043108275 131.9671 -5.49677 40.34476
1744 129.38879665992073 54.207598488078 36.62753974374761 132.7406 -5.491393 39.76902
1745 130.14187656539664 54.136829412965724 36.02514011592474 133.518 -5.486478 39.194
1746 130.89929540036363 54.073689525001114 35.415370291941095 134.2979 -5.490212 38.60985
1747 131.69737857354846 54.00797363902388 34.857526534343634 135.0764 -5.495403 38.02133
1748 132.45135608578065 53.93894239803614 34.24815512807989 135.848 -5.497469 37.43039
1749 133.20255341012424 53.87560455283428 33.641051364362205 136.6219 -5.500053 36.84905
1750 133.97504987548058 53.82136139915119 33.06149533228988 137.3969 -5.505042 36.27032
1751 134.73671248300676 53.773131057205326 32.47485199768427 138.166 -5.511037 35.69148
1752 135.4924118827518 53.71986314862856 31.87934420794107 138.9499 -5.516939 35.13111
1753 136.24775649314824 53.67729141697412 31.288930203370597 139.7334 -5.518711 34.57697
1754 137.01027365295607 53.62805281331005 30.71116549571545 140.5139 -5.515813 34.02156
1755 137.76095324712222 53.56963769643484 30.118793034337514 141.2935 -5.517039 33.46473
1756 138.4987197096824 53.51205091298157 29.523979572743926 142.0627 -5.515589 32.90818
1757 139.24695572726282 53.446934278307275 28.938828593538513 142.8327 -5.512398 32.34819
1758 140.00642746759405 53.375141805318265 28.37481071062932 143.6039 -5.509807 31.79564
1759 140.7470449519386 53.30109494470129 27.79346913073683 144.3637 -5.515093 31.23472
1760 141.48487638037585 53.234288621064 27.2154612279913 145.1188 -5.521195 30.67549
1761 142.21846954099124 53.17067446611086 26.63951607338635 145.8718 -5.53085 30.12158
1762 142.95334868990457 53.113769856905186 26.05111134656602 146.6232 -5.542701 29.5517
1763 143.68805526560303 53.05563269102774 25.458635173652567 147.3785 -5.549202 28.98277
1764 144.40398990819023 52.99692684683974 24.84827551418801 148.1333 -5.558442 28.4182
1765 145.12422838028502 52.933581504412196 24.257385948168018 148.8767 -5.56361 27.85319
1766 145.85631962467272 52.880039648302095 23.695323970450143 149.6167 -5.566991 27.299
1767 146.57458122733087 52.82353643266074 23.133682432030742 150.3476 -5.568938 26.75099
1768 147.28520604388933 52.764088557816805 22.575352634247402 151.0728 -5.577653 26.20853
1769 147.99351009477476 52.71006970636833 22.019612202312253 151.7983 -5.586083 25.67277
1770 148.69971344879372 52.63575589399986 21.487006878278947 152.5061 -5.591898 25.13714
1771 149.3772402399008 52.56034114492642 20.94576022805439 153.2005 -5.599003 24.61232
1772 150.04317930253245 52.48219362299454 20.436571856057178 153.8709 -5.607533 24.10306
1773 150.6681415333696 52.423411010179564 19.908856452637263 154.5212 -5.616276 23.60351
1774 151.29828161720414 52.373382012371465 19.395036023261103 155.1614 -5.627315 23.09991
1775 151.8857360164786 52.3421190078833 18.841633064258858 155.7951 -5.641768 22.59936
1776 152.50389839893265 52.281943923139366 18.354193050030666 156.4098 -5.661844 22.1043
1777 153.08131369583572 52.22619265181233 17.8626755281286 157.0048 -5.675327 21.63112
1778 153.6166879256691 52.175910264045555 17.37788360905427 157.5671 -5.68306 21.17512
1779 154.13549391706954 52.12846767438689 16.915273919889117 158.1026 -5.694254 20.72955
1780 154.63973538929903 52.10114637897054 16.473849695835202 158.6182 -5.705713 20.30073
1781 155.12727740833793 52.07379986760657 16.038846480201457 159.1201 -5.720431 19.88174
1782 155.6149744349168 52.05317811221918 15.62985828957626 159.6057 -5.737221 19.47009
1783 156.0833347300507 52.016198832244186 15.22447244603507 160.0792 -5.755764 19.06944
1784 156.56440687005937 51.981302287939236 14.852586927408636 160.5555 -5.769695 18.69011
1785 157.0444272992702 51.96444281779852 14.492799424963348 161.0344 -5.781742 18.32864
1786 157.4754466164595 51.970983396274974 14.089275625551373 161.5121 -5.794799 17.98182
1787 157.96982330785275 51.96682785392067 13.763130362579847 162.0108 -5.806721 17.66252
1788 158.47006412473692 51.95479346889351 13.443194396284898 162.5275 -5.819248 17.36993
1789 158.97973443632344 51.944183180121 13.176309066256355 163.0425 -5.828843 17.11344
1790 159.50927909411502 51.93382998111155 12.936343271686232 163.5796 -5.84466 16.89122
1791 160.0339782108636 51.91303265931556 12.741435383561225 164.102 -5.863518 16.69004
1792 160.56787883320575 51.88388696957051 12.550734315845478 164.6402 -5.887082 16.51101
1793 161.1045762702289 51.87307616137778 12.38205318910335 165.1817 -5.910052 16.3598
1794 161.6500511118448 51.865975637065304 12.258085587111548 165.7257 -5.932357 16.23124
1795 162.22516381531898 51.867896543807056 12.142686294462575 166.302 -5.954339 16.12414
1796 162.80588077233276 51.85083423081184 12.045385454548937 166.8844 -5.978445 16.03917
1797 163.38595589733933 51.83629893239602 11.9749730747245 167.4654 -6.003373 15.98023
1798 163.98583082962168 51.82026302634336 11.91692683542077 168.0665 -6.028742 15.94135
1799 164.58529738775474 51.80894949663744 11.87033124748909 168.6674 -6.043175 15.92211
1800 165.19181124704645 51.797616169046705 11.827927303134993 169.2753 -6.055693 15.91281
1801 165.81440046478005 51.75960885111914 11.814403228977698 169.8988 -6.074099 15.92521
1802 166.44151085697698 51.7436364093578 11.798220639450482 170.5258 -6.093598 15.9418
1803 167.07226804077735 51.70775523748723 11.790108590055654 171.1572 -6.110564 15.95774
1804 167.7073000323874 51.65922984936878 11.80656375182138 171.794 -6.127817 15.96664
1805 168.3517168898858 51.60763008802169 11.800493066376461 172.4402 -6.147256 15.97113
1806 169.0086323568081 51.56583223940992 11.774856184532815 173.0987 -6.165077 15.97268
1807 169.67522147559401 51.53050474581222 11.726013872381287 173.7678 -6.181189 15.96818
1808 170.3482029632514 51.48555295371012 11.674291517898501 174.444 -6.197603 15.95901
1809 171.02166273538097 51.43669351333468 11.625064773801583 175.1205 -6.220298 15.94518
1810 171.69672740890954 51.38884266508481 11.596723489223312 175.7972 -6.244754 15.92832
1811 172.37446812378684 51.34616251092514 11.550894899156544 176.477 -6.267177 15.90335
1812 173.0634008979058 51.32132486945961 11.50087522855408 177.1672 -6.287121 15.87215
1813 173.76518345502103 51.298377426537975 11.44059975011432 177.8705 -6.309818 15.83326
1814 174.47795824821773 51.25464780189534 11.382674414655774 178.5853 -6.342144 15.79677
1815 175.19597284204238 51.19897850079625 11.331289857384618 179.3053 -6.377428 15.75628
1816 175.9140207582481 51.14576380357578 11.236687874020745 180.0295 -6.404246 15.70949
1817 176.632414828932 51.09499145532773 11.170963803205261 180.7506 -6.426161 15.65927
1818 177.35549074375476 51.04316354505942 11.09552881214363 181.477 -6.448627 15.60401
1819 178.08488498989726 50.98152303639368 11.002423738669433 182.2109 -6.474966 15.53203
1820 178.82483596083938 50.94068178771493 10.913491522391183 182.9538 -6.499988 15.46437
1821 179.57172723157345 50.88390829620156 10.84440600554001 183.7037 -6.527412 15.41202
1822 180.32616259058753 50.83114263566239 10.777564793356373 184.4609 -6.552659 15.36267
1823 181.0772953437141 50.77642912874588 10.669602247247251 185.219 -6.574898 15.30234
1824 181.83581248226596 50.722376486147844 10.588315673471138 185.9807 -6.598723 15.23813
1825 182.59593694562528 50.67730673489672 10.534644974818713 186.7415 -6.62411 15.18121
1826 183.36426986418002 50.624722417201 10.487065144032943 187.5112 -6.64292 15.13049
1827 184.13118526625811 50.5660400858781 10.42511087846663 188.2805 -6.660596 15.07299
1828 184.89464038382243 50.51153605627019 10.34629057581335 189.0477 -6.678413 15.01701
1829 185.65639622470434 50.44407059365294 10.269424281924918 189.8139 -6.696543 14.95921
1830 186.41521476799667 50.37380306222006 10.188123282847416 190.5775 -6.715856 14.8968
1831 187.18110400482317 50.315217380820535 10.155128893198443 191.3435 -6.731426 14.8327
1832 187.94943335888146 50.27355051572402 10.088000717188942 192.1137 -6.744713 14.77624
1833 188.72797773202174 50.220287830558476 10.020810257147676 192.8943 -6.763373 14.71461
1834 189.50898576234243 50.17015962339688 9.94751154009665 193.6769 -6.782223 14.64361
1835 190.28947588648606 50.11933712725517 9.859729482224713 194.461 -6.800695 14.57804
1836 191.0690570002107 50.050260842648505 9.782762770688048 195.2442 -6.821679 14.51022
1837 191.8576998874066 49.98984435971678 9.695808658850405 196.0363 -6.843719 14.43769
1838 192.64998105958196 49.93068516541708 9.61518145134424 196.8309 -6.870881 14.36297
1839 193.4508707157139 49.859254993202036 9.546258411117014 197.6335 -6.899957 14.28382
1840 194.2581621624069 49.782289421543624 9.435005352387904 198.4476 -6.926056 14.2027
1841 195.0682010890609 49.71055742387931 9.324595173363035 199.2633 -6.95111 14.11607
1842 195.89519832994844 49.66268635191761 9.252366424553188 200.09 -6.975899 14.03013
1843 196.72149200662508 49.59648260789521 9.140728032422155 200.9222 -7.003243 13.95074
1844 197.55042473662712 49.534688077875934 9.038847546989357 201.7552 -7.033032 13.8698
1845 198.384675905101 49.47521590801681 8.945865060637656 202.5921 -7.057848 13.7853
1846 199.21525841327923 49.41275281089572 8.845728318218075 203.4268 -7.080672 13.70436
1847 200.04716754906943 49.35580932850191 8.739091367949035 204.2626 -7.105891 13.61782
1848 200.88657549694096 49.29756707005662 8.642895849829568 205.1049 -7.133726 13.53411
1849 201.73017935156315 49.24425205916885 8.558649004751423 205.9506 -7.160891 13.45887
1850 202.572241568166 49.191066740274955 8.46818158437796 206.796 -7.183536 13.3891
1851 203.41210995531534 49.132489638220854 8.359666077734532 207.6407 -7.212206 13.31007
1852 204.2414488773986 49.092956034184134 8.235990150919301 208.4765 -7.243658 13.23858
1853 205.0683511641734 49.05142935136835 8.151361561276644 209.3057 -7.272696 13.17348
1854 205.91037971898166 49.0152428544104 8.077942674595942 210.1489 -7.30156 13.11109
1855 206.76040865134257 48.96395520781859 8.006509130196868 211.0003 -7.337463 13.04697
1856 207.6105813220988 48.91093155690972 7.906396334248963 211.8545 -7.375526 12.97973
1857 208.44714612003514 48.82965181653419 7.8131377241467925 212.6973 -7.402686 12.91574
1858 209.2824543888144 48.767255905001605 7.739309261363276 213.5357 -7.424758 12.85506
1859 210.12079608762204 48.71285696458708 7.677513124930046 214.376 -7.447524 12.80054
1860 210.96613280608196 48.65746280796048 7.592158692408731 215.2247 -7.474428 12.73783
1861 211.81610423152154 48.60142753970515 7.459831218403169 216.0829 -7.501955 12.66143
1862 212.67567512735258 48.52552934986708 7.3955157507803015 216.9447 -7.527571 12.58792
1863 213.5300500872123 48.457615861694286 7.265660346299482 217.808 -7.551199 12.51318
1864 214.38384205802907 48.384320733496416 7.181689870968957 218.6649 -7.577625 12.43313
1865 215.23087685389194 48.34588787211136 7.0256122615969145 219.5233 -7.604253 12.35733
1866 216.0941506092706 48.32573300958957 6.920824754254185 220.3895 -7.631751 12.2827
1867 216.97114496609225 48.27933978861961 6.854600119902497 221.2664 -7.667763 12.20917
1868 217.84612484702 48.24807574400371 6.700045529268916 222.1519 -7.701483 12.13701
1869 218.72851678635428 48.21103026355374 6.600676470819739 223.0375 -7.731282 12.06855
1870 219.6104578150139 48.1623419203856 6.514793463098064 223.9226 -7.757379 12.00953
1871 220.49294124469904 48.12097804071382 6.413342553636327 224.8091 -7.78435 11.94495
1872 221.38537082536564 48.08364863298545 6.372663612476629 225.6999 -7.812128 11.87296
1873 222.27463789372288 48.01857947806709 6.30316522246999 226.5911 -7.846308 11.80622
1874 223.16670093289105 47.95310386111977 6.245718973711801 227.4843 -7.873427 11.73678
1875 224.06044732169235 47.86485718338153 6.181850393817093 228.3808 -7.899172 11.65757
1876 224.9600930633604 47.820805343584425 6.1018476080281125 229.2805 -7.929607 11.57203
1877 225.84818141917518 47.73355037272156 5.996608621003567 230.1748 -7.962599 11.49123
1878 226.73249051299317 47.66381299480324 5.88590177044396 231.0638 -7.987456 11.40077
1879 227.62682664946178 47.62951971785024 5.790306814869886 231.9589 -8.014843 11.31023
1880 228.52991568378965 47.593559141862364 5.698880608039569 232.8634 -8.047081 11.23237
1881 229.43184098963286 47.5287566686468 5.60583653568294 233.7688 -8.077315 11.15712
1882 230.32977656344207 47.46126469652304 5.499100856607087 234.6716 -8.101966 11.076
1883 231.21712346736993 47.39049306608269 5.393506011967556 235.5637 -8.124246 10.99112
1884 232.10160888496267 47.31217639051641 5.296444270699436 236.4527 -8.151328 10.90857
1885 232.98436853101103 47.23383851026709 5.185848757916988 237.3404 -8.183767 10.816
1886 233.86733370367915 47.16955185853752 5.0962162327682385 238.2244 -8.217037 10.71992
1887 234.7447067713115 47.12206033442305 4.918995894684186 239.1154 -8.251307 10.62832
1888 235.63098294748156 47.04683004552172 4.828883231787999 240.0045 -8.29203 10.54401
1889 236.5052082258428 46.97311913275607 4.710078430246089 240.8856 -8.332096 10.46736
1890 237.37750995354753 46.91592280389345 4.680501121088906 241.7562 -8.367849 10.39098
1891 238.2485356181366 46.8712291293695 4.654104812925397 242.6249 -8.408269 10.31952
1892 239.12214787852474 46.80930304695649 4.5720989609056115 243.5008 -8.447662 10.24877
1893 239.99559361398022 46.75407433289471 4.486115883042989 244.3762 -8.492051 10.17767
1894 240.8563714328539 46.65025504360449 4.501762190315692 245.2395 -8.531326 10.10603
1895 241.70550699341013 46.58299498985545 4.436212900704586 246.0908 -8.565326 10.04291
1896 242.5552300076165 46.52581896566651 4.360355017587828 246.9424 -8.603928 9.977031
1897 243.4060252569409 46.47617742663766 4.239766523900001 247.7997 -8.641954 9.910329
1898 244.25921018443628 46.42750916867452 4.154339016840176 248.6556 -8.680654 9.850928
1899 245.10185640226013 46.373311361822815 4.0568786677355595 249.5031 -8.716152 9.79641
1900 245.93042918453116 46.293721378041596 4.0166491979614865 250.3337 -8.745963 9.735576
1901 246.74821435034093 46.24912522357636 3.9332534514908115 251.1539 -8.776984 9.672126
1902 247.55561702845395 46.19311829811813 3.8779388018795697 251.9624 -8.813807 9.616742
1903 248.35484222847023 46.14672297892044 3.8139092614434897 252.7631 -8.849214 9.56537
1904 249.14146344705074 46.11323241965999 3.7367902633153243 253.5514 -8.883502 9.508367
1905 249.9176341555411 46.074400514390604 3.658528799268708 254.3298 -8.91595 9.452561
1906 250.67988210740177 46.0190834349533 3.6091254869130003 255.0932 -8.949611 9.401473
1907 251.4196747625073 45.97064302486614 3.564376194220868 255.8336 -8.976456 9.34923
1908 252.14058623705486 45.93908321508714 3.4850423619334867 256.5572 -9.002864 9.297183
1909 252.8522827817892 45.90079311057873 3.4051250007981815 257.2723 -9.027674 9.248384
1910 253.55683060119125 45.86261351942847 3.3330475087744635 257.9792 -9.05498 9.197519
1911 254.2531015213695 45.82020475471479 3.229072003545499 258.6815 -9.085217 9.140396
1912 254.93212160975938 45.78445809557781 3.1369504564432287 259.3643 -9.115183 9.079415
1913 255.49946696655982 45.7485484273697 3.0800976598266905 259.9257 -9.134049 8.975124
1914 256.0644599827897 45.71561113319861 2.996282984105919 260.4879 -9.152938 8.870715
1915 256.62764361242 45.68847040747397 2.904831532217555 261.0492 -9.171786 8.76649
1916 257.19062497998283 45.660496404298605 2.814932821929827 261.6101 -9.190618 8.662332
1917 257.75351224293104 45.64761776709027 2.7211286333275178 262.171 -9.209445 8.558198
1918 258.31173456735576 45.616377272189304 2.6061800557712878 262.7319 -9.228266 8.454091
1919 258.8735810163292 45.5871661249289 2.511086596665618 263.2926 -9.247078 8.350028
1920 259.4299379658264 45.559569998816464 2.3894070193541945 263.8529 -9.265872 8.246051
1921 259.98444709747446 45.53367390804877 2.258354171483987 264.4134 -9.284669 8.142069
1922 260.5391254017613 45.50905952032803 2.1327703221736813 264.9728 -9.303418 8.038313
1923 261.0917702816396 45.48763223678576 1.9916864890663306 265.5337 -9.322224 7.934305
1924 261.6417506756734 45.47641825980111 1.8464836318369615 266.0928 -9.340956 7.83065
1925 262.1952342901734 45.4725493865743 1.7105432839267785 266.6529 -9.359723 7.726849
1926 262.7450847725715 45.46191981155197 1.5640583219975424 267.2122 -9.378456 7.62322
1927 263.2850321553166 45.43247143071013 1.3859568935881232 267.7717 -9.397193 7.51959
1928 263.83069048663896 45.40103518090257 1.2323072566000586 268.3296 -9.41585 7.415961
1929 264.21981500748745 45.39480858231151 1.1219811235473809 268.7197 -9.429499 7.309828
1930 264.5883794538326 45.382565666149134 1.0147433121413623 269.0908 -9.443289 7.211929
1931 264.92933566114647 45.390475264299155 0.8999019082826802 269.4389 -9.454256 7.121329
1932 265.24746831893333 45.39375480293777 0.781200127787277 269.7686 -9.463785 7.040605
1933 265.557691110781 45.382353483883136 0.7047801474219341 270.0809 -9.473729 6.972944
1934 265.8527271930849 45.36658719464136 0.6399845099892973 270.3777 -9.484841 6.915676
1935 266.13164560501383 45.34467298960095 0.610773510100625 270.6548 -9.49823 6.869143
1936 266.39935160928127 45.34207333182651 0.5629165973753169 270.9235 -9.511336 6.829242
1937 266.65748896660017 45.331278776250024 0.549794550914144 271.1802 -9.529927 6.803106
1938 266.9062162153609 45.37684465281321 0.5199841269329687 271.4334 -9.544996 6.780906
1939 267.1618487263363 45.38036589444078 0.5051209722598983 271.689 -9.559927 6.77571
1940 267.417561473857 45.361312038570844 0.540347725216973 271.9474 -9.573521 6.781844
1941 267.65750365785794 45.352467526673095 0.5693584244702622 272.1883 -9.586484 6.79891
1942 267.91412961124956 45.35059525161277 0.6228796151512807 272.4487 -9.599096 6.826436
1943 268.1755203642841 45.348088266174486 0.6491353451363543 272.7085 -9.612324 6.863175
1944 268.40812985570255 45.33230513399555 0.6947717323363176 272.9398 -9.62631 6.915555
1945 268.66485349887284 45.32048870486136 0.7385020259085477 273.1906 -9.643554 6.984555
1946 268.9255927025115 45.30989125407171 0.8007352841522434 273.4483 -9.662857 7.056585
1947 269.1540013652666 45.30427696555528 0.877045070371763 273.6741 -9.67712 7.139266
1948 269.41784790389795 45.28858278502056 0.9729930810316916 273.937 -9.69374 7.237626
1949 269.6608094760606 45.28449436237993 1.0389601478874901 274.1601 -9.711016 7.353067
1950 269.94927204714105 45.278444402551564 1.1419004824153915 274.4355 -9.72674 7.486302
1951 270.22758394168164 45.27179355890153 1.2795765848768665 274.7081 -9.734573 7.63491
1952 270.48215162252706 45.276424679725224 1.410243264604015 274.9354 -9.744474 7.808509
1953 270.76023920122884 45.25725143754983 1.6134928832856956 275.2061 -9.760267 8.021776
1954 271.0401189852686 45.305310498812375 1.8186040962567287 275.4581 -9.77804 8.264455
1955 271.3645756182984 45.273822988211684 2.1590653724029965 275.651 -9.79447 8.694219
1956 271.6605997951446 45.24734748572435 2.5224418523401786 275.8414 -9.810775 9.123003
1957 271.8997758151438 45.183715082599846 2.919964671866196 276.03 -9.827008 9.551308
1958 272.11539169772095 45.16734104026519 3.3318504435494347 276.2154 -9.843049 9.977662
1959 272.3465296966872 45.139150142410756 3.7339265015037038 276.3997 -9.859061 10.40388
1960 272.5738726658176 45.10958252557535 4.135474090461271 276.5818 -9.874937 10.8286
1961 272.7841820502405 45.08843828425948 4.543312300523617 276.761 -9.890639 11.25127
1962 272.97367013831195 45.06798080108008 4.95950913960457 276.9388 -9.906249 11.6728
1963 273.1184613521328 45.042587883347935 5.391149231330678 277.115 -9.921765 12.09308
1964 273.256897979335 45.02131667818684 5.822513575755281 277.2893 -9.937146 12.5115
1965 273.4303910368564 45.00066848589791 6.238316331593975 277.4617 -9.952392 12.92799
1966 273.5810361077461 44.97117132409703 6.659679225479193 277.6324 -9.967501 13.34241
1967 273.714378247919 44.93759618675634 7.083808506221106 277.8014 -9.982477 13.75473
1968 273.8526095955174 44.91808941020989 7.50515415916045 277.9693 -9.997356 14.16535
1969 273.9292986421658 44.889090615937484 7.937605740277806 278.135 -10.01204 14.57286
1970 274.03312724614096 44.87116364220079 8.36438750934626 278.2922 -10.02657 14.98313
1971 274.141354164604 44.83483529225014 8.98144985150452 278.402 -10.04318 15.60076
1972 274.2646450450639 44.804751070972685 9.606832851693644 278.5111 -10.07051 16.2289
1973 274.40384366418044 44.76468927335282 10.24357448635208 278.5999 -10.10274 16.87504
1974 274.2989336062822 44.66464078690499 10.89842260760713 278.6755 -10.13097 17.54087
1975 274.3568927614204 44.61221774432385 11.583493025259349 278.7489 -10.14776 18.22626
1976 274.4373566382425 44.58153494666039 12.2990797608507 278.8166 -10.1709 18.94345
1977 274.53107388386417 44.516031268729805 13.040647871040607 278.8871 -10.20698 19.68959
1978 274.6223457704801 44.4701187453036 13.79395421317918 278.9518 -10.24079 20.44628
1979 274.64891949141725 44.434711060198374 14.561436155697061 279.0064 -10.26544 21.2127
1980 274.71951354076185 44.40763503240648 15.35059921072189 279.0503 -10.28186 22.00409
1981 274.75907390135626 44.35966728900492 16.17031580312598 279.0817 -10.29864 22.82539
1982 274.8322509933495 44.30762557418536 17.00117887435134 279.1188 -10.32374 23.65989
1983 274.8957612099792 44.24475959151122 17.85065538115187 279.1531 -10.34729 24.51304
1984 274.96731162123297 44.19743960028326 18.71128841792165 279.1989 -10.37467 25.37629
1985 275.04469601828 44.1351908815131 19.58836325315814 279.2569 -10.40958 26.25637
1986 275.1218879428146 44.070909583488316 20.475995555415587 279.31 -10.44057 27.14755
1987 275.2024695922825 44.01815860166071 21.38023970589997 279.367 -10.47041 28.05463
1988 275.28236763126563 43.96044099481825 22.30463416089578 279.43 -10.49615 28.98177
1989 275.3724347718826 43.89355416311998 23.228760437779204 279.492 -10.52519 29.91016
1990 275.49689569739706 43.839717120259266 24.153358573314883 279.5555 -10.54802 30.84221
1991 275.60690416762714 43.78429725741954 25.08180559080184 279.6233 -10.57151 31.77604
1992 275.7242331552748 43.7184526832862 26.020959464730254 279.682 -10.60332 32.72243
1993 275.84168132733987 43.655519767862586 26.96518103149031 279.7476 -10.63896 33.67308
1994 275.9676943411216 43.59962073893402 27.92589296163506 279.815 -10.67413 34.64065
1995 276.1043477735079 43.53533369445055 28.89613542758292 279.8916 -10.7157 35.6187
1996 276.27161322591235 43.47447176397861 29.872986151517303 279.9697 -10.75207 36.60789
1997 276.4030716207879 43.42480487065404 30.854103649182182 280.0476 -10.78236 37.59549
1998 276.5613494118328 43.367971333078515 31.8352687895987 280.1173 -10.81541 38.58797
1999 276.713936494486 43.30118278626693 32.807896259250946 280.1964 -10.85174 39.57091
2000 276.8702520004086 43.24926709522033 33.78797345852215 280.2713 -10.88964 40.56118
2001 276.9938483418088 43.148253555773444 34.78050394986277 280.3408 -10.93233 41.56315
2002 277.1345817515155 43.08014778051 35.7824080145656 280.4126 -10.97462 42.57375
2003 277.2720474973623 43.010642097276815 36.79184447552638 280.4856 -11.01262 43.59155
2004 277.3955869417291 42.94603130678936 37.79638802432757 280.5539 -11.0483 44.60279
2005 277.5382431049516 42.89004670833365 38.80456437097053 280.6232 -11.0805 45.61968
2006 277.65770900508096 42.84132481900575 39.81760615698262 280.6912 -11.10898 46.63824
2007 277.79435721640317 42.784062718037276 40.84051367750199 280.7575 -11.14183 47.66917
2008 277.9310141022249 42.73228109783095 41.85002848762925 280.8247 -11.16933 48.68662
2009 278.0587216028849 42.68313160061686 42.85576164035852 280.8942 -11.19345 49.69895
2010 278.17766002865466 42.63317326902315 43.8694739289196 280.9667 -11.21703 50.71799
2011 278.3097392135427 42.576256763098726 44.87306037042457 281.0372 -11.2477 51.72891
2012 278.42184840626106 42.50595829056097 45.88408151128506 281.1096 -11.28176 52.74541
2013 278.58470836786285 42.444020509089796 46.89077157765775 281.1898 -11.31856 53.76325
2014 278.68125422928426 42.39283806623802 47.918668315655346 281.2698 -11.35809 54.79308
2015 278.79849625607676 42.329128444780686 48.941281258946844 281.3237 -11.39973 55.82211
2016 278.9449530052042 42.26659195152716 49.949718582803186 281.3875 -11.43904 56.84029
2017 279.06612611065157 42.21789266094126 50.965313221235576 281.457 -11.47506 57.86125
2018 279.1997610505485 42.14864013138844 51.99135124401507 281.5355 -11.51657 58.89446
2019 279.34093489710386 42.08713913559489 53.004419532268685 281.6092 -11.55132 59.91592
2020 279.479796503189 42.0262617332127 54.02758493391917 281.6941 -11.57887 60.9464
2021 279.62107328952317 41.97680985893572 55.049075852514896 281.7904 -11.60922 61.97385
2022 279.7491416857005 41.92210527952108 56.065263582903135 281.8928 -11.64024 62.99394
2023 279.9261600979818 41.86584392623901 57.07002085525315 282.0 -11.66955 64.00966
2024 280.07658118713925 41.80727587344889 58.08204695083025 282.0889 -11.70038 65.03015
2025 280.2066255290843 41.7480004429278 59.106994178234935 282.1681 -11.7337 66.06144
2026 280.34054398329545 41.69635472478329 60.13385426637693 282.2464 -11.76324 67.0949
2027 280.47607060307894 41.637610245717454 61.15466157121429 282.3171 -11.7941 68.12345
2028 280.63189366241556 41.57554225966401 62.15808612133563 282.3862 -11.82862 69.13786
2029 280.7601227481485 41.510191075726816 63.16850065504447 282.4545 -11.86542 70.15552
2030 280.89814161886227 41.43469239410662 64.17974748114602 282.5238 -11.90562 71.17579
2031 281.0280107161826 41.36245801863311 65.2014095967014 282.5814 -11.94809 72.20572
2032 281.15856374980217 41.29292246868845 66.21472456516213 282.6307 -11.9836 73.22797
2033 281.2714437598031 41.228837768260625 67.22525130909978 282.6806 -12.01441 74.24511
2034 281.3926231899447 41.16206732658348 68.23343741733018 282.7411 -12.04708 75.26042
2035 281.5406426034275 41.09699803783311 69.2329767010973 282.8004 -12.08175 76.27062
2036 281.6866388205888 41.02369635998206 70.23460892696603 282.8649 -12.12188 77.28264
2037 281.83313022678163 40.956488296652374 71.24354145857312 282.9456 -12.15944 78.30048
2038 281.97168396970375 40.89573087414757 72.25180941464075 283.018 -12.19137 79.31696
2039 282.1080420579808 40.82794008161389 73.25283892904532 283.0985 -12.23081 80.32553
2040 282.2441260881996 40.765605280838095 74.24325341552642 283.1854 -12.26467 81.32284
2041 282.38279237302714 40.699153618428284 75.23641579420126 283.2718 -12.29917 82.32352
2042 282.51125537692116 40.63059656534968 76.24575454150252 283.3571 -12.33753 83.33901
2043 282.6728388467569 40.56279160234012 77.25982245094798 283.4417 -12.37684 84.36387
2044 282.8219019270969 40.5033589723877 78.2621464120885 283.5256 -12.40882 85.37498
2045 282.9538699849014 40.45330249189567 79.24643416649775 283.6047 -12.43749 86.36577
2046 283.1186800798807 40.39024225414155 80.2218638061988 283.6838 -12.4711 87.3533
2047 283.2632221131382 40.3195858133315 81.20307052554685 283.7655 -12.51326 88.34335
2048 283.41893522443223 40.23907074046551 82.1946709314627 283.8524 -12.56371 89.3453
2049 283.5924932930337 40.17219272984069 83.189023988439 283.9401 -12.60724 90.35215
2050 283.74833656500476 40.112472247087126 84.18611290975997 284.0338 -12.64165 91.35817
2051 283.940501070111 40.0664619837801 85.17471936839134 284.1298 -12.6703 92.36134
2052 284.10435851608975 40.01057243964259 86.1590947028311 284.2313 -12.69838 93.35526
2053 284.27983149513136 39.951394295759734 87.13669329668893 284.3305 -12.72971 94.34479
2054 284.4464526939235 39.88775740909973 88.12254227156755 284.4303 -12.76707 95.34096
2055 284.6141826282886 39.818192994104486 89.11723953831972 284.5419 -12.80761 96.3451
2056 284.7809884085666 39.757181503744285 90.10728954625357 284.6672 -12.84708 97.34234
2057 284.97457946517443 39.71671728465852 91.08931376579972 284.793 -12.88414 98.33546
2058 285.2016305666577 39.66348751381501 92.05787593691274 284.938 -12.91595 99.32058
2059 285.41253983651933 39.602189755878044 93.02980233163525 285.0835 -12.94839 100.3058
2060 285.6093903032458 39.54869744552905 94.00081466630616 285.2372 -12.98065 101.2855
2061 285.83850900799314 39.51156052878484 94.96045588126599 285.395 -13.01542 102.2595
2062 286.04606203738166 39.45488318803802 95.9221898835439 285.5419 -13.05481 103.2332
2063 286.2587072225919 39.39563917076548 96.87915630642625 285.6886 -13.09108 104.2036
2064 286.49372717639284 39.3439664031162 97.82178866259639 285.8441 -13.12913 105.1632
2065 286.70283094709976 39.306773484424944 98.77747800619886 285.9984 -13.16767 106.1292
2066 286.90723540507076 39.23669668876026 99.73355555026676 286.1578 -13.20807 107.0955
2067 287.12942634758247 39.17075956841388 100.67863634090118 286.3219 -13.25071 108.0537
2068 287.3540312175087 39.115121334812336 101.61803263734218 286.4851 -13.28753 109.0066
2069 287.557179883679 39.05813951223647 102.55860417286148 286.6417 -13.32242 109.9571
2070 287.7639618192219 38.99507476236048 103.5019644173896 286.7938 -13.35867 110.9122
2071 287.98208779930496 38.945832903338925 104.43504365037727 286.9362 -13.397 111.8603
2072 288.17213641031975 38.905026491440324 105.3686165142713 287.077 -13.4318 112.8028
2073 288.35381228984033 38.84472255496277 106.29400305304615 287.2169 -13.47199 113.7365
2074 288.54313102176184 38.78719578985045 107.21241376810738 287.3536 -13.51254 114.6651
2075 288.7269462624255 38.732105783926734 108.13171845108634 287.491 -13.56 115.5929
2076 288.92972845718566 38.69036600394795 109.04587842568354 287.6309 -13.60737 116.5185
2077 289.09127299527745 38.640800213183546 109.9601574276838 287.7744 -13.6507 117.4361
2078 289.26801829704743 38.606784742185006 110.85652069675217 287.9206 -13.68599 118.3379
2079 289.4055001250216 38.575264175430405 111.73821689910778 288.0587 -13.72267 119.2193
2080 289.68614066437664 38.55296884924456 112.56768230417346 288.19 -13.76306 120.0844
2081 289.8397765582483 38.52283929011527 113.41497765072087 288.3171 -13.79791 120.9359
2082 289.9856704183157 38.48767683537565 114.25777837821894 288.4488 -13.83618 121.7809
2083 290.18865173787304 38.44093338806466 115.09077227984379 288.5773 -13.87237 122.6291
2084 290.2401243823448 38.39636371538655 115.93339758402617 288.7102 -13.90798 123.4632
2085 290.5298599265705 38.384651830576985 116.71026942787587 288.8464 -13.93832 124.2806
2086 290.6759517526228 38.3431437625085 117.5103030123246 288.9881 -13.96658 125.082
2087 290.86166584774196 38.31348148814697 118.28527883694997 289.1349 -13.9957 125.8653
2088 291.0078377516351 38.28172403968605 119.05085946306289 289.2853 -14.02651 126.6301
2089 291.1488816443624 38.234198814290195 119.80410225053276 289.438 -14.05307 127.3821
2090 291.4001040004393 38.24184845884157 120.51314211376007 289.5906 -14.0782 128.1183
2091 291.6183122599573 38.213522985216514 121.21312055815818 289.7435 -14.10606 128.8354
2092 291.75896608467554 38.15879056540083 121.90571461113095 289.9024 -14.13734 129.5255
2093 292.057097085077 38.139794034737136 122.51259404011364 290.0588 -14.16961 130.1828
2094 292.25013400907915 38.11602022173704 123.14036935452734 290.213 -14.19655 130.8211
2095 292.4086873086321 38.06351420007808 123.75588285274682 290.3682 -14.21879 131.4393
2096 292.6127319289982 38.0386528200237 124.34091614161287 290.5237 -14.24517 132.039
2097 292.7858425443902 37.98612991587992 124.92245148316907 290.6836 -14.27296 132.626
2098 292.97223094777587 37.940672835696496 125.47719456410343 290.8457 -14.30013 133.1895
2099 293.1475803034303 37.92611753698611 126.0165363584704 291.0103 -14.32375 133.7319
2100 293.34321260400833 37.91754000212253 126.53365954153824 291.1662 -14.34499 134.262
2101 293.48687833306025 37.826438863134015 127.05279804557253 291.3078 -14.36365 134.7893
2102 293.65513976740573 37.80727664342589 127.56248699880562 291.4387 -14.38105 135.3099
2103 293.8438906946454 37.7492454262444 128.06709623266747 291.5808 -14.39899 135.8325
2104 294.06858194991923 37.73455957494597 128.56653934812215 291.7267 -14.41589 136.3603
2105 294.2249085015618 37.718320237332506 129.090671004832 291.8558 -14.43191 136.8918
2106 294.3728977172361 37.72800570352351 129.6154555079271 291.9617 -14.45144 137.4264
2107 294.4945035096982 37.69998566649465 130.14197864014884 292.0425 -14.47554 137.9609
2108 294.6358758221358 37.6996296666027 130.65870481806138 292.1239 -14.49602 138.49
2109 294.78135686250914 37.66771456883839 131.17256381265676 292.194 -14.51375 139.0201
2110 294.8319329970582 37.63951768273371 131.68796067705162 292.2216 -14.53151 139.5377
2111 294.8683893234435 37.61589561856331 132.21748308257457 292.2395 -14.54607 140.0685
2112 294.8422140371027 37.592218879005614 132.7524933609701 292.2379 -14.56311 140.6044
2113 294.83355938884125 37.573895568865915 133.28260275512284 292.1809 -14.57853 141.1316
2114 294.7864988755524 37.55569656065444 133.82852298353455 292.1276 -14.59807 141.6769
2115 294.7281538652799 37.519143441341654 134.42892860621376 291.7623 -14.60962 142.1582
2116 294.6733569352461 37.4991449362235 135.02722146581672 291.396 -14.62098 142.6347
2117 294.58392311186685 37.43937537015095 135.61684012758658 291.0295 -14.63229 143.1088
2118 294.39982426899974 37.402991500089605 136.18238360041101 290.6625 -14.64343 143.5781
2119 294.2021970905765 37.39117987114244 136.74147617357764 290.2955 -14.65447 144.0439
2120 293.9640062150331 37.361087837720554 137.28033916992496 289.9287 -14.66542 144.5058
2121 293.68590702855005 37.332443914547525 137.79670346985543 289.5624 -14.67631 144.9646
2122 293.37166810379983 37.30080802024322 138.28766170887724 289.1967 -14.6871 145.4195
2123 293.0515886015147 37.2853215217421 138.7714846919827 288.8319 -14.69782 145.8707
2124 292.6826979576594 37.26622519615402 139.2144131802571 288.4681 -14.70847 146.3181
2125 292.2758739322577 37.24199644822812 139.6173824472365 288.1056 -14.71907 146.7619
2126 291.87265403297596 37.24762829580768 140.0208908480364 287.7451 -14.72969 147.2039
2127 291.459617604601 37.238219964295645 140.4080216587883 287.386 -14.74024 147.6415
2128 291.02644053376446 37.22662708009848 140.76722098066605 287.0291 -14.75079 148.0766
2129 290.5790860727409 37.211536786327 141.10212753500053 286.6742 -14.76132 148.5084
2130 290.1261490742826 37.20304389068937 141.40138231449666 286.3994 -14.78195 148.9762
2131 289.58880504675886 37.20813825891647 141.77633694854848 285.8334 -14.78774 149.3063
2132 288.98393133804416 37.20935645942697 142.1052455621378 285.2184 -14.7978 149.6157
2133 288.3837848613148 37.23731232624689 142.49174541515143 284.5719 -14.80978 149.9194
2134 287.7599978750492 37.24876365670652 142.84096453733167 283.9252 -14.81823 150.2242
2135 287.12934201834264 37.26601062204574 143.20184199712693 283.2644 -14.82401 150.5268
2136 286.4829929217701 37.28508128824168 143.5489344163048 282.5986 -14.81969 150.8355
2137 285.8358027742427 37.31122716667426 143.91115117252184 281.9257 -14.83474 151.1481
2138 285.201425870456 37.353742176970314 144.318584419007 281.2436 -14.83739 151.4721
2139 284.530572603333 37.38145795362919 144.68827155675268 280.5534 -14.84138 151.8054
2140 283.8641621788263 37.41439791816744 145.08703751536123 279.8546 -14.83845 152.1458
2141 283.17173386775147 37.44300676762372 145.46821401169174 279.1422 -14.85001 152.4892
2142 282.47693433754193 37.48011762453675 145.87790063732135 278.4185 -14.8643 152.847
2143 281.7540746163288 37.523671177738784 146.25741287566308 277.6855 -14.88056 153.2088
2144 281.03295055492896 37.56833072816232 146.6694936259125 276.943 -14.89145 153.5835
2145 280.33408404296796 37.624046699250165 147.15091885315465 276.187 -14.90243 153.9729
2146 279.5684962666729 37.64191953320809 147.55005547662324 275.4205 -14.91059 154.3706
2147 278.8167487680818 37.68604141850529 148.00775553397506 274.6402 -14.91202 154.7801
2148 278.0408448720282 37.744785359009974 148.45338191463802 273.8488 -14.91226 155.2017
2149 277.25942237430917 37.765206859043246 148.91551681095606 273.0503 -14.91816 155.6341
2150 276.4636418477798 37.8112905173253 149.37761536801503 272.2412 -14.93058 156.0747
2151 275.6833712003215 37.85973498456392 149.87986175457144 271.4235 -14.93703 156.516
2152 274.87252220586663 37.897538951042314 150.36812508844977 270.5906 -14.9386 156.9672
2153 274.062566956417 37.94334952681143 150.86891779759867 269.7527 -14.93865 157.422
2154 273.23928655797135 37.99119922042648 151.3603410417132 268.9095 -14.9374 157.8809
2155 272.4324226213477 38.03289987856386 151.87286021578097 268.0716 -14.93337 158.3428
2156 271.6338074594311 38.082934268585795 152.3953440170342 267.2366 -14.92951 158.8076
2157 270.83023492618184 38.133340277699965 152.92943727195552 266.3931 -14.92764 159.2788
2158 270.0072163843484 38.19322651059267 153.43672535707898 265.5431 -14.93282 159.7433
2159 269.1885695967388 38.233531655823484 153.98044516433663 264.6843 -14.9519 160.2224
2160 268.3624975543328 38.261240038646726 154.51326781698617 263.8317 -14.96713 160.7122
2161 267.5391115580286 38.29676255081229 155.06398503536565 262.9761 -14.97995 161.2125
2162 266.7565335631975 38.340150826306164 155.60952350326292 262.1606 -14.97143 161.7093
2163 265.9670949616023 38.38434006649631 156.16970700477188 261.3431 -14.95873 162.2294
2164 265.18914275910544 38.41373066468189 156.74455020058144 260.5331 -14.95181 162.7589
2165 264.4298512610065 38.469914214099354 157.34371814205483 259.7251 -14.94049 163.2934
2166 263.6623392651791 38.50281895105906 157.93009104989304 258.9277 -14.92164 163.8391
2167 262.87630305260456 38.511744155362074 158.4940003423768 258.1366 -14.90177 164.3956
2168 262.10270046535777 38.540813247535446 159.06870701093501 257.3499 -14.88677 164.9528
2169 261.33946477507067 38.563669993845316 159.65652650118693 256.5679 -14.87254 165.5157
2170 260.58459346184844 38.58566346665283 160.25330836294884 255.7909 -14.85131 166.0834
2171 259.815234877517 38.5760099659793 160.83624395213533 255.011 -14.82236 166.6515
2172 258.992564456843 38.54957466387072 161.35751924154627 254.2206 -14.78342 167.2198
2173 258.22687218023214 38.563543430822214 161.96784798631276 253.4213 -14.76026 167.7851
2174 257.4479119310982 38.577060643888906 162.56573517100574 252.6195 -14.72574 168.3511
2175 256.6680469115129 38.585794778368914 163.16775969386345 251.8124 -14.69464 168.9153
2176 255.87471548980142 38.58397913933526 163.76340321953978 250.9912 -14.65667 169.4706
2177 255.07052512015935 38.58396036071912 164.345129021806 250.1643 -14.61797 170.0182
2178 254.27328210602732 38.57682143232047 164.92785985934503 249.3429 -14.5761 170.5648
2179 253.47779018109196 38.577987793362375 165.51218698225182 248.5162 -14.54374 171.1031
2180 252.66589705803534 38.5715107385173 166.07869905881668 247.6823 -14.51402 171.6359
2181 251.85288950076333 38.575139726538275 166.67311410301096 246.8297 -14.48307 172.1711
2182 251.0284798225002 38.5738929856172 167.2442478881464 245.9791 -14.45692 172.7018
2183 250.20164528645856 38.5539424542466 167.8071409230178 245.1263 -14.42624 173.224
2184 249.37091002778075 38.540487774278 168.35493875112266 244.2688 -14.40057 173.7284
2185 248.5404923317339 38.52893534692473 168.90495980491465 243.4072 -14.37066 174.2274
2186 247.71404632105927 38.5161586469278 169.45189393648548 242.5488 -14.34179 174.722
2187 246.8432842592365 38.44830271842392 169.91943672464174 241.6878 -14.312 175.2111
2188 246.01077025270695 38.41234465900138 170.4596586399642 240.8196 -14.28753 175.6926
2189 245.22768243373417 38.426677483142285 171.07698048505685 239.9455 -14.26868 176.1723
2190 244.3702184883739 38.37561098466211 171.58653006658952 239.0666 -14.25265 176.6464
2191 243.56592177339746 38.34780922270327 172.1708224162828 238.1863 -14.23471 177.1088
2192 242.6898925628208 38.3092025960059 172.6337689474194 237.3097 -14.21372 177.5718
2193 241.86712194742236 38.30153622683129 173.17824632584805 236.4351 -14.18734 178.0277
2194 240.98001350441712 38.24360413192477 173.60139335092146 235.5599 -14.16623 178.4782
2195 240.1316015239006 38.221979893207376 174.08861594236802 234.6932 -14.14473 178.9321
2196 239.28617879833052 38.191145964645635 174.58240532817848 233.8286 -14.11729 179.3917
2197 238.465619586064 38.18176503250311 175.11586393920345 232.9645 -14.10097 179.8511
2198 237.62968481786044 38.15329309926328 175.61286322212644 232.1043 -14.0914 180.3056
2199 236.8111867775483 38.12483400317441 176.11972484422355 231.2512 -14.08309 180.7526
2200 236.04051750275985 38.10979215514779 176.6945313108756 230.4022 -14.06977 181.2038
2201 235.2133428155022 38.09400580302259 177.19041921428393 229.5516 -14.06684 181.6586
2202 234.38389046260602 38.07966401212238 177.67060016445666 228.7077 -14.06108 182.1131
2203 233.5759147562847 38.069112080554426 178.17857438352164 227.8697 -14.04863 182.5698
2204 232.7906321234356 38.06167619609647 178.70158853607188 227.0432 -14.03677 183.0248
2205 231.97172168521132 38.064813371777376 179.17811633158442 226.2149 -14.01951 183.4845
2206 231.17474528211025 38.04933404397719 179.66965395599468 225.3932 -14.00774 183.9336
2207 230.38977433643308 38.030252151384 180.16132073941378 224.5795 -13.99773 184.3764
2208 229.60792908719392 38.027394981872725 180.64482415917885 223.7699 -13.98644 184.8117
2209 228.82184405624733 38.01460913307066 181.11520156753528 222.9616 -13.96843 185.2426
2210 228.03028202634923 37.998094641291274 181.5629599532578 222.1602 -13.95469 185.6726
2211 227.24773162667432 37.97832412871354 182.015625409087 221.3673 -13.9405 186.1071
2212 226.49770745312185 37.97581780931194 182.4945245215835 220.5869 -13.92145 186.5343
2213 225.75598075235382 37.97875168401816 182.95747204198614 219.8147 -13.91172 186.9443
2214 225.02172075518175 37.96979976761208 183.39500228065023 219.0592 -13.90122 187.344
2215 224.29894404836915 37.9638135070868 183.82714940973253 218.3174 -13.8901 187.7425
2216 223.5287465066464 37.912131563136064 184.15126363572963 217.5792 -13.87919 188.1373
2217 222.82126781372787 37.91762703698437 184.58464499115854 216.8437 -13.87317 188.5212
2218 222.12571282074708 37.905100992702216 185.01708307869723 216.115 -13.87181 188.8953
2219 221.45179896627818 37.89633418965024 185.4347994278136 215.4108 -13.86559 189.2597
2220 220.80490237578965 37.88285169018216 185.845594542101 214.7303 -13.85704 189.6122
2221 220.1909477764165 37.85410582364982 186.2726370073967 214.0622 -13.84865 189.9494
2222 219.538369722547 37.86075886653904 186.61294923393015 213.4036 -13.84168 190.2779
2223 218.82462796805183 37.90793138171909 186.68113110910056 212.7616 -13.84026 190.6006
2224 218.23974351506527 37.917807783422084 187.06404446972405 212.138 -13.83654 190.9167
2225 217.62940909939613 37.92040194716145 187.3705522416717 211.5271 -13.82577 191.2219
2226 217.0088321943651 37.91859486277144 187.60469725974406 210.9341 -13.81376 191.5188
2227 216.42874590877176 37.896875584944986 187.88171473182328 210.3623 -13.8046 191.8132
2228 215.9304722873792 37.90759370599057 188.23973196563412 209.8176 -13.80196 192.0958
2229 215.42731521535114 37.91074864444802 188.5463759997054 209.2935 -13.79138 192.3649
2230 214.92714345973076 37.89162170211936 188.81426845472564 208.7857 -13.77793 192.6184
2231 214.46668766492317 37.926040418104115 189.10996600276766 208.2977 -13.7658 192.8681
2232 214.09051361340755 37.95683439229987 189.47755343253036 207.8314 -13.76168 193.1133
2233 213.59413993308985 37.939704425583514 189.5706590426091 207.3857 -13.76465 193.3514
2234 213.20897325099682 37.954400260464446 189.84866589835656 206.9682 -13.75997 193.5784
2235 212.8507165057448 37.95531296946343 190.119659044107 206.5767 -13.74741 193.7983
2236 212.5001361176892 37.95094993979007 190.35346155132805 206.2106 -13.73804 194.0068
2237 212.14791872335655 37.934209608709715 190.5398495768148 205.8653 -13.7288 194.2062
2238 211.82102823533558 37.93749533166057 190.72690073683816 205.5399 -13.71886 194.3956
2239 211.50383170719186 37.931233503906206 190.8740432668787 205.2423 -13.71347 194.5792
2240 211.2309181845743 37.92585403695429 191.03510338425036 204.9738 -13.714 194.7476
2241 211.00076456666343 37.93050190488199 191.20921348615792 204.7297 -13.71641 194.9016
2242 210.7889497285758 37.92454268668372 191.35317167343595 204.5148 -13.71967 195.041
2243 210.5698657231568 37.92035714342997 191.45814281136074 204.3163 -13.72167 195.1811
2244 210.48115343354823 37.92221274297907 191.68057286176474 204.1223 -13.72114 195.3215
2245 210.3332640800343 37.936167554900045 191.86597514017978 203.9306 -13.72379 195.4618
2246 210.17376378441892 37.94380545017199 192.04365030545173 203.7374 -13.7246 195.6023
2247 210.0028736657477 37.958591601388065 192.20954287904306 203.5463 -13.72293 195.7452
2248 209.80082464634964 37.95926042157373 192.34709742400554 203.3726 -13.71801 195.9171
2249 209.65677663027984 37.96749624343759 192.5500478869382 203.2102 -13.713 196.1058
2250 209.47124189687366 37.959155983265546 192.70717707474287 203.0429 -13.71067 196.2824
2251 209.24463295549216 37.965098304766116 192.80044555281103 202.8747 -13.70872 196.4607
2252 209.0869147735059 37.95561981674225 192.98003353942406 202.6968 -13.70926 196.6206
2253 208.91278823946115 37.95327047840633 193.15476147294055 202.5157 -13.70786 196.7881
2254 208.6990214729573 37.948886111156 193.2786944102991 202.3296 -13.70617 196.9507
2255 208.52075714659105 37.95319024102492 193.4679383040216 202.1442 -13.7043 197.133
2256 208.34482201568497 37.95860942845752 193.68146882109264 201.9454 -13.70466 197.3255
2257 208.1395527532065 37.96040485810282 193.90398693364511 201.7259 -13.70537 197.534
2258 207.91002762405134 37.960284314270936 194.15245629082116 201.4737 -13.70834 197.7594
2259 207.62805875826007 37.96221730894876 194.38887858388162 201.1953 -13.71162 198.0
2260 207.3304272048388 37.96247409702366 194.65132249420898 200.8951 -13.71056 198.2595
2261 207.09922394790593 37.99314813806504 195.00025473704392 200.5732 -13.70783 198.5288
2262 206.77240003549124 37.99534426049038 195.30194573279996 200.2274 -13.70269 198.8085
2263 206.44703324099976 38.00675379085026 195.64199185343548 199.8632 -13.70194 199.1068
2264 206.08547892975773 38.006380696312995 195.9856629388104 199.482 -13.70715 199.4285
2265 205.71565712635538 37.99496751241461 196.3561061832643 199.0768 -13.71403 199.76
2266 205.31859352146063 38.003371501812246 196.7305857450967 198.6508 -13.71219 200.1013
2267 204.88903365328238 38.00097293415472 197.10367670736176 198.1987 -13.70683 200.4467
2268 204.44835905354768 38.007313975934935 197.4830083310603 197.7307 -13.69801 200.7917
2269 204.00947028999244 38.01775798756729 197.88402647073227 197.2529 -13.69486 201.1456
2270 203.54546830688625 38.02758781772877 198.2820435495273 196.7611 -13.68933 201.5088
2271 203.07469922276442 38.0443866033537 198.6922711599299 196.253 -13.67872 201.872
2272 202.59256843026725 38.04933353043098 199.10434855173693 195.7323 -13.66522 202.2339
2273 202.07546551149045 38.05285500353616 199.5113943341984 195.1849 -13.653 202.599
2274 201.54280400702365 38.056859392812 199.91980166594658 194.6237 -13.64311 202.9671
2275 200.9358055931838 38.05032175319692 200.3947622720648 193.9554 -13.63086 203.3509
2276 200.32907246329933 38.04309031131508 200.8682394235187 193.2881 -13.61862 203.7342
2277 199.68574923978255 38.03770258853438 201.29262968038987 192.6198 -13.60636 204.1179
2278 199.05193801216134 38.01853362469196 201.73064779207758 191.9516 -13.5941 204.5017
2279 198.42208136281104 38.00027305842913 202.17404832273687 191.2835 -13.58184 204.8853
2280 197.77988304613802 37.98810115218705 202.59984217468966 190.6153 -13.56958 205.269
2281 197.15566936247004 37.98436393540749 203.05159090787254 189.9472 -13.55732 205.6527
2282 196.51089597064876 37.955535291429676 203.47257391238185 189.279 -13.54506 206.0363
2283 195.88138470526093 37.93163474050627 203.91479488985277 188.6116 -13.53281 206.4195
2284 195.24418132374888 37.918804988791265 204.34776616564426 187.9435 -13.52055 206.8031
2285 194.5948806086022 37.8958237385152 204.76209839507587 187.2753 -13.50828 207.1867
2286 193.9607138124803 37.887730303471216 205.19795609376385 186.608 -13.49603 207.5698
2287 193.32113525010155 37.866611870454314 205.62708357742392 185.9399 -13.48376 207.9534
2288 192.70228013682166 37.84968766949241 206.08417998715507 185.2726 -13.4715 208.3365
2289 192.0508433974579 37.835649966596215 206.49538582418134 184.6045 -13.45923 208.7201
2290 191.4151952804208 37.83259193754222 206.91119794926365 183.9471 -13.44679 209.1004
2291 190.7069906986768 37.839364238566155 207.37705615347994 183.2041 -13.43628 209.5084
2292 190.01512697333482 37.83871726717103 207.8866065642186 182.452 -13.42599 209.9238
2293 189.29925504887467 37.82922780671977 208.3762173749755 181.6952 -13.41608 210.3474
2294 188.56705520292041 37.806838385754475 208.8573580976476 180.9299 -13.40242 210.7743
2295 187.83410434652427 37.792524484276534 209.3419828332241 180.1626 -13.38372 211.2023
2296 187.1071236055922 37.78261007321624 209.83740169678015 179.3913 -13.36666 211.6252
2297 186.37856984530603 37.779387633786044 210.33176098834548 178.6193 -13.34759 212.0481
2298 185.6398196759459 37.77207347302338 210.80059298418482 177.855 -13.32749 212.4736
2299 184.90477367522263 37.76670707318613 211.2813452150413 177.0882 -13.31082 212.9016
2300 184.16814407660038 37.763975704384315 211.75993097847152 176.3215 -13.29865 213.3302
2301 183.4316002838508 37.75357051307193 212.24191411277783 175.5541 -13.28287 213.7612
2302 182.71565095922494 37.74186169234506 212.74286076680892 174.7915 -13.26848 214.1877
2303 182.00417645559233 37.72630296263931 213.25216986893713 174.0245 -13.25105 214.6087
2304 181.29172901556547 37.730483988052576 213.7570827848203 173.2609 -13.23227 215.0319
2305 180.56635872259835 37.73118946070443 214.23195183970716 172.5056 -13.21744 215.4573
2306 179.85685551467697 37.71381120183733 214.71991164150225 171.7547 -13.20315 215.8789
2307 179.15161706784318 37.68688613638317 215.20520826374246 171.0068 -13.18941 216.2961
2308 178.48033154710754 37.69558894216754 215.7340909083075 170.2629 -13.17494 216.7166
2309 177.75122700357525 37.6851904207705 216.18719399840214 169.5153 -13.16501 217.1385
2310 177.05106810883828 37.65792105117216 216.67001916054923 168.7701 -13.16245 217.5493
2311 176.3358765357301 37.63613897442777 217.0922057247454 168.0394 -13.15694 217.9446
2312 175.66242304737423 37.59954662804739 217.54523169718814 167.3275 -13.14619 218.336
2313 175.01961350575397 37.58135960259503 218.01121382013608 166.6357 -13.13813 218.7259
2314 174.3691137344289 37.56078099082872 218.43987285508555 165.9531 -13.13633 219.1019
2315 173.71858508844159 37.53751334721577 218.8334887286356 165.2855 -13.13005 219.4665
2316 173.12504407794037 37.49087770758542 219.26872860602444 164.6404 -13.12098 219.8238
2317 172.52228114254075 37.46554646457264 219.65551598939655 164.0103 -13.11339 220.1651
2318 171.9238679224064 37.43378203538401 220.0053638669187 163.3948 -13.10511 220.4854
2319 171.3848672957789 37.40315127000955 220.40102863766245 162.8 -13.09912 220.7923
2320 170.81252489959545 37.36806639255005 220.70814888985143 162.2184 -13.0952 221.0836
2321 170.27319446074668 37.34895948968226 221.0312825651222 161.6533 -13.08579 221.3597
2322 169.7525165212976 37.32499793169718 221.33226733086622 161.1099 -13.0779 221.6184
2323 169.23012105102663 37.32067558311882 221.6068139659633 160.5745 -13.07197 221.8666
2324 168.71170290143655 37.31020666622898 221.87083861699944 160.045 -13.06665 222.1078
2325 168.20122853293398 37.29430662142009 222.14698534933015 159.5105 -13.05916 222.3344
2326 167.66844235864502 37.27841389569569 222.38735947305315 158.9597 -13.0475 222.5303
2327 167.13016354773023 37.24721501876264 222.6046491136213 158.4078 -13.04181 222.7128
2328 166.58439688757096 37.2273853142984 222.80437674585946 157.8455 -13.03627 222.8609
2329 166.06191434358036 37.23357218752929 223.03208899723106 157.2935 -13.03293 223.0029
2330 165.51379554272464 37.20454210304728 223.16155741207973 156.7418 -13.02324 223.1194
2331 164.96677083545424 37.19722745874878 223.30981979441094 156.1813 -13.01146 223.2029
2332 164.42411249492645 37.20825685176078 223.41967666513537 155.633 -12.99975 223.2797
2333 163.87545937848577 37.20192600957131 223.5120679843007 155.0797 -12.98801 223.3373
2334 163.30815363558503 37.18662685358879 223.5578993709049 154.5111 -12.9757 223.364
2335 162.7439137084706 37.1700774364912 223.59970605749436 153.9455 -12.96146 223.3808
2336 162.17376058096286 37.17281338171596 223.62060880125873 153.3752 -12.94579 223.3752
2337 161.58682139976824 37.19145507720254 223.6671677195019 152.7869 -12.92888 223.3501
2338 160.99506511250524 37.21789726966327 223.70220626174563 152.1943 -12.90903 223.327
2339 160.38755793476892 37.242355578905666 223.7154719207118 151.5876 -12.88729 223.2912
2340 159.76758048820847 37.27078418026614 223.72942689405699 150.969 -12.86332 223.245
2341 159.139164857389 37.301888418192114 223.7350585390041 150.3433 -12.83453 223.1852
2342 158.49648795331984 37.318138231735944 223.69820292700507 149.7033 -12.80137 223.1223
2343 157.83875410575027 37.35258026122683 223.72249371468027 149.0484 -12.76027 223.0606
2344 157.17079247699508 37.39343976793169 223.71674699191814 148.3828 -12.71981 223.0039
2345 156.4824285931976 37.41150601428658 223.70495959925117 147.6974 -12.68253 222.9478
2346 155.78259652614722 37.46150651094104 223.7217821544158 146.9992 -12.64604 222.8867
2347 155.0666899368078 37.501101402268816 223.73651035936822 146.2857 -12.60905 222.8246
2348 154.33784863846793 37.518279673483164 223.7600576401519 145.5594 -12.57239 222.768
2349 153.58764255017365 37.52746414743555 223.79617800178406 144.8114 -12.53739 222.7091
2350 152.81398697278323 37.53328874038589 223.77781236567685 144.0411 -12.50132 222.6439
2351 152.02711700778272 37.57826324533075 223.82624394303144 143.2551 -12.46716 222.5763
2352 151.220940050662 37.60296616255722 223.82819619507552 142.4524 -12.42912 222.5073
2353 150.40948739550174 37.62418196820556 223.831930900427 141.6445 -12.39462 222.4364
2354 149.58798083362075 37.669490393912305 223.83066324652702 140.8253 -12.36158 222.3675
2355 148.74647414745473 37.6937664794488 223.86433366691153 139.9857 -12.3258 222.3071
2356 147.8796645616811 37.72338103689964 223.89753276325345 139.1198 -12.2907 222.2589
2357 146.99646061957512 37.71579139631722 223.89702630076442 138.2383 -12.26035 222.2126
2358 146.09859308894457 37.72666952801279 223.91039569081005 137.3423 -12.22648 222.1626
2359 145.18931468037945 37.76387694626118 223.94801073227646 136.4334 -12.18824 222.1176
2360 144.26135048727895 37.78172339933757 223.99343611434304 135.5059 -12.14967 222.0757
2361 143.32300859521914 37.78759741608083 224.03298567733518 134.5688 -12.10689 222.0299
2362 142.37455773411924 37.82846160755814 224.08942458265537 133.6194 -12.0638 221.9953
2363 141.41855001480732 37.827028922560835 224.13311839148108 132.6636 -12.02327 221.9695
2364 140.44985952390994 37.81582274819048 224.16887778886027 131.6955 -11.98937 221.9321
2365 139.47086716818512 37.81742410801195 224.2446845080814 130.7148 -11.95903 221.8936
2366 138.47682308751908 37.813227279120206 224.2858157908233 129.7209 -11.93204 221.858
2367 137.46607915771713 37.81756087239789 224.330780897715 128.711 -11.90519 221.803
2368 136.44356559014733 37.820877038835846 224.37803859101265 127.6893 -11.87237 221.7498
2369 135.41615057625432 37.825574921941254 224.4171664841519 126.6632 -11.8311 221.6993
2370 134.39871935281437 37.81202721430682 224.44770197313224 125.6473 -11.78857 221.6501
2371 133.38886588432158 37.795918037647944 224.48670102697187 124.6384 -11.74693 221.6057
2372 132.3789285412969 37.771221376357815 224.50608214369143 123.6299 -11.71079 221.5549
2373 131.36337227514127 37.75365697823859 224.5425461065966 122.6154 -11.68307 221.5
2374 130.3367900919616 37.73875341687656 224.55122363140026 121.5907 -11.65845 221.4404
2375 129.3111108868604 37.73028304804957 224.59760553600572 120.5664 -11.63185 221.3745
2376 128.2861937200094 37.71038606886197 224.61278755870663 119.5438 -11.598 221.3095
2377 127.26039487344414 37.67523699331161 224.64455205576374 118.5197 -11.56188 221.243
2378 126.24919349518247 37.646563649424124 224.67699656765646 117.5108 -11.5245 221.1714
2379 125.24710217988891 37.62268287320061 224.67889573593766 116.5115 -11.48765 221.1021
2380 124.24946948688283 37.5911091874027 224.725791717754 115.5151 -11.45162 221.0361
2381 123.24983873207347 37.57739476726352 224.7477357902906 114.5179 -11.42118 220.9683
2382 122.24676470165075 37.55274607296218 224.77159001969952 113.5168 -11.39041 220.9036
2383 121.24467149043656 37.541047143392966 224.75252415529948 112.5172 -11.35672 220.8376
2384 120.25086825596635 37.51983194034064 224.76035310261 111.5259 -11.32203 220.7722
2385 119.26792571454867 37.48841757781848 224.7724565111642 110.5452 -11.28441 220.708
2386 118.29190259731648 37.45156972155588 224.7724673346431 109.5712 -11.24841 220.6447
2387 117.32390774425275 37.43736253070484 224.86245373511682 108.6011 -11.22102 220.5858
2388 116.35884629100464 37.400337341516035 224.9046210022814 107.6362 -11.19656 220.5323
2389 115.38655679945026 37.383842679112114 224.92636402702618 106.6654 -11.17178 220.4773
2390 114.41202239078376 37.369224830940944 224.9709771746381 105.6915 -11.14687 220.4242
2391 113.43728624318787 37.34999444243112 225.0146062741894 104.7172 -11.12293 220.3737
2392 112.47690407598174 37.29591254588126 225.04024166921224 103.7569 -11.09404 220.3198
2393 111.51556720699946 37.26095337683574 225.03032404676645 102.7971 -11.06032 220.2638
2394 110.55898754831632 37.21773690066584 225.05908638987484 101.8406 -11.03196 220.2186
2395 109.60694631475066 37.17856211359317 225.06751399620836 100.8893 -11.00563 220.1704
2396 108.66086960606305 37.13184075546723 225.11238359475408 99.9429 -10.97856 220.117
2397 107.71217018883455 37.0890033737182 225.13321834637657 98.9947 -10.95124 220.0673
2398 106.76452439784588 37.038795943685045 225.1279682234379 98.04753 -10.92193 220.0164
2399 105.82505213649364 36.98515662954782 225.1458839463808 97.1087 -10.89294 219.9567
2400 104.8976735959552 36.922407849566554 225.124558908055 96.18155 -10.86098 219.8951
2401 103.97504065624511 36.869021100264895 225.08996051559362 95.25961 -10.82502 219.8316
2402 103.05797419724577 36.808925397926195 225.10238077480042 94.34372 -10.7924 219.7619
2403 102.15425354440127 36.7233921147283 225.140559547537 93.43862 -10.76804 219.6865
2404 101.28244798493427 36.66817545301358 225.10583434557276 92.56677 -10.74452 219.6263
2405 100.41899799546319 36.61607149259158 225.08380513789947 91.70406 -10.71985 219.5641
2406 99.56944058615841 36.56306379103329 225.0789639117289 90.85546 -10.69919 219.5006
2407 98.72534324194349 36.511631828187355 225.04679925275187 90.01191 -10.674 219.4376
2408 97.89983050727182 36.47058995209419 225.0415740636058 89.18744 -10.65382 219.3826
2409 97.1000437093474 36.427133882103824 225.02399171885997 88.38861 -10.63021 219.3263
2410 96.31760771020872 36.39789002347937 225.0445166910782 87.60818 -10.60537 219.2647
2411 95.5632156733524 36.340050528608536 225.01392957351462 86.85337 -10.58478 219.2079
2412 94.83255731040111 36.30168422660119 225.01776917239982 86.12368 -10.56501 219.1578
2413 94.12181242711905 36.259809860334855 224.98796164921978 85.41269 -10.54111 219.1163
2414 93.43035033528105 36.2299437285499 224.98797658876367 84.72207 -10.51592 219.0786
2415 92.75839588629367 36.197612107988064 225.01313277483962 84.04997 -10.49659 219.0453
2416 92.10878353728765 36.16236344087856 225.01719503847642 83.40009 -10.47658 219.0227
2417 91.47892620233641 36.1259727345599 225.04824053737306 82.76889 -10.45391 219.0137
2418 90.86356607022513 36.11757166081291 225.0839817945959 82.15288 -10.43065 219.0163
2419 90.26931169930612 36.087147842192685 225.1273331037363 81.55702 -10.4104 219.0383
2420 89.68752594866308 36.05668161253473 225.18973403320953 80.97264 -10.39008 219.0755
2421 89.10990473267633 36.045097353657255 225.28991691392395 80.38801 -10.36871 219.1151
2422 88.53239913479885 35.98599025047725 225.3547814494871 79.80795 -10.34835 219.1809
2423 87.95269913452854 35.92411930377326 225.38113522987166 79.2293 -10.33041 219.2545
2424 87.39673416839678 35.943168424916735 225.52980217111192 78.66476 -10.31093 219.3662
2425 86.83638623204433 35.92061950759303 225.6320489150849 78.11041 -10.28769 219.497
2426 86.30531879165187 35.886114400565624 225.8331900251147 77.55609 -10.26351 219.6228
2427 85.77569836653365 35.87687857813242 226.0359486512729 77.01629 -10.24585 219.796
2428 85.23345602572478 35.85610414510543 226.1993859507688 76.47664 -10.23081 219.9684
2429 84.73709216797462 35.82420368353121 226.4636267198994 75.96056 -10.21989 220.1937
2430 84.24283659919924 35.8314538432964 226.72545900346634 75.46148 -10.20937 220.4461
2431 83.77181943640348 35.82133153090873 227.02650420014575 74.96605 -10.19899 220.705
2432 83.32114328856443 35.83559331823779 227.37044512194936 74.50344 -10.18687 221.0328
2433 82.92246849658476 35.8326537576237 227.786294645363 74.06909 -10.18099 221.4112
2434 82.52810492909424 35.83002172067226 228.18573183631753 73.63537 -10.17688 221.7675
2435 82.16641790155208 35.82844351895027 228.63789652665395 73.24704 -10.17531 222.197
2436 81.85262756799442 35.815606002169474 229.1011852592265 72.86285 -10.17148 222.604
2437 81.5320447093428 35.83952677579754 229.58812850872047 72.50725 -10.17451 223.0666
2438 81.20864473124753 35.83873171381163 230.0721605566723 72.1689 -10.17618 223.5403
2439 80.93528937956873 35.84974308721693 230.57987857630943 71.84185 -10.17024 224.0153
2440 80.68303156228988 35.861974021432026 231.15298574418463 71.55033 -10.17198 224.5696
2441 80.44489888337789 35.85350686696727 231.7400165717648 71.28157 -10.1765 225.1433
2442 80.24927508092132 35.83889296281654 232.32137624169204 71.02342 -10.18054 225.6999
2443 80.09162804185847 35.82295683239354 232.94539923872165 70.7974 -10.18818 226.3027
2444 79.93379720521816 35.80499776669687 233.57985890801888 70.60149 -10.19211 226.9267
2445 79.82909900590602 35.7951868481764 234.21033661558556 70.42167 -10.20149 227.54
2446 79.74253872673056 35.78115653154414 234.87850033622914 70.26524 -10.21211 228.1954
2447 79.68667170466478 35.76252943343007 235.5359853881971 70.1277 -10.22504 228.8409
2448 79.65935917919556 35.73546531236764 236.21904211512657 70.03455 -10.24406 229.5184
2449 79.66804584047411 35.70316471096681 236.90789439730682 69.95561 -10.26536 230.2032
2450 79.6433324581424 35.65961363999672 237.60386389566938 69.8783 -10.2848 230.8964
2451 79.67155311180997 35.622069085821074 238.31972524702056 69.81376 -10.30134 231.6107
2452 79.69648689821209 35.59690226428714 239.04565628774654 69.76113 -10.3178 232.3354
2453 79.71167427958564 35.56317065126469 239.77572866239845 69.71324 -10.33202 233.0647
2454 79.7518354032594 35.52146103111946 240.51051384442962 69.67008 -10.3491 233.8003
2455 79.81780238370614 35.487572074897294 241.2421701538652 69.63999 -10.36057 234.535
2456 79.86520573890998 35.46668771624787 241.9830328809471 69.62499 -10.37864 235.2773
2457 79.90512865959448 35.42720170163131 242.7270605720001 69.60369 -10.40114 236.0228
2458 79.9654836053918 35.40492962794276 243.48753466482077 69.5821 -10.42199 236.7854
2459 80.02850339910644 35.39058431715379 244.25948762514835 69.56092 -10.44222 237.5595
2460 80.08757978013014 35.36153856343244 245.04062815379595 69.54591 -10.47452 238.3426
2461 80.1592575604629 35.32066902833823 245.82751640520635 69.53554 -10.5086 239.133
2462 80.2010937869701 35.29031405362742 246.61384217622108 69.52027 -10.54974 239.9198
2463 80.27352393009801 35.28420188107038 247.41180112673987 69.4994 -10.59153 240.7197
2464 80.32920936905441 35.252933274623025 248.22068708133364 69.48807 -10.63608 241.5298
2465 80.39746301043921 35.219351260552116 249.04419496542985 69.48017 -10.682 242.3555
2466 80.48114029134729 35.19758860789181 249.87849541934858 69.4694 -10.73043 243.1928
2467 80.53675355408137 35.17481250176661 250.72818679673085 69.44972 -10.77141 244.0434
2468 80.55660580227138 35.13702013826001 251.589555751362 69.42243 -10.81483 244.9043
2469 80.62522691686296 35.11599061457674 252.4604586416235 69.38453 -10.85518 245.7764
2470 80.66438688094904 35.086972815570846 253.33697228610006 69.33841 -10.88638 246.6525
2471 80.72090937699782 35.060509311210154 254.22141902529768 69.28696 -10.91134 247.5373
2472 80.73914555812993 35.03630843203795 255.118426414367 69.23258 -10.93709 248.4328
2473 80.77025487245248 34.99913025472402 256.017132715777 69.18578 -10.96374 249.3312
2474 80.76888940002077 34.968732871815476 256.91564185028665 69.14107 -10.99093 250.2287
2475 80.79708942974823 34.942653342539124 257.8338186751826 69.09464 -11.02141 251.146
2476 80.84731396701818 34.90668476675546 258.7656177814347 69.04817 -11.05722 252.078
2477 80.86628163447241 34.86096486726434 259.71394663546255 68.99988 -11.09595 253.0256
2478 80.91037268258815 34.82465622576493 260.671172763934 68.95099 -11.12932 253.9827
2479 80.91231954803618 34.78132668548917 261.6387633479903 68.90225 -11.15833 254.9496
2480 80.97179032727841 34.72468162538756 262.6179524408535 68.85691 -11.18181 255.9309
2481 81.00948790774412 34.679251571075696 263.60372649264843 68.81186 -11.20662 256.9171
2482 81.06579599044534 34.63996507325788 264.5972466579756 68.75672 -11.2429 257.9108
2483 81.11817447514063 34.59284838140752 265.59387434883615 68.7036 -11.28031 258.9078
2484 81.17965187631773 34.52633552691452 266.604267755303 68.65058 -11.3195 259.9201
2485 81.24705400021789 34.47727217739019 267.65403063763745 68.58719 -11.36666 260.9702
2486 81.29869796580208 34.4300968629507 268.7141867464376 68.51787 -11.41027 262.0295
2487 81.34520368204414 34.39182359844563 269.7670199760523 68.4622 -11.4422 263.0821
2488 81.36361493683707 34.36415990133173 270.8211686884069 68.40379 -11.46949 264.1348
2489 81.40477912388582 34.33144706569938 271.87323450055436 68.35062 -11.49978 265.1864
2490 81.44309247915047 34.26417687837745 272.93927385949286 68.28856 -11.53683 266.2528
2491 81.42108413994033 34.207684911800165 274.01225371192135 68.22673 -11.58104 267.3248
2492 81.45408898334966 34.151067358419056 275.08391683341085 68.16394 -11.61771 268.396
2493 81.52663927549442 34.11599235263125 276.1516174669119 68.09665 -11.65107 269.4641
2494 81.54077469651283 34.06504208811368 277.2273944808503 68.03033 -11.68154 270.5387
2495 81.58728569721109 34.01855304791055 278.30248116928755 67.96554 -11.7088 271.6135
2496 81.650432227621 33.96785094733585 279.3710783168106 67.90383 -11.73743 272.683
2497 81.72605102916295 33.914447964422024 280.43544281183534 67.84423 -11.76733 273.7493
2498 81.78395325574168 33.87538858617229 281.4925111799308 67.78534 -11.79767 274.8066
2499 81.89401154239631 33.830983063523384 282.5542026857821 67.72147 -11.83323 275.8724
2500 81.92952039236953 33.78713723796395 283.6161547201295 67.65981 -11.87068 276.9334
2501 81.94536833701294 33.73817129664911 284.67298001290106 67.59292 -11.91077 277.9886
2502 81.99334036258985 33.688707010768105 285.72832525555117 67.52546 -11.95025 279.0433
2503 82.00693517664475 33.63241262851224 286.78956012981666 67.45634 -11.98777 280.1032
2504 82.02863840080187 33.57640455858705 287.85414192308775 67.38662 -12.02617 281.1665
2505 82.08511237585253 33.521684310444456 288.90650794571735 67.31745 -12.05628 282.2191
2506 82.11649232797296 33.47667767183618 289.948869561274 67.24878 -12.08302 283.2603
2507 82.15673171810634 33.4149663422356 290.9896022340967 67.17999 -12.11419 284.3009
2508 82.21409111571606 33.36727917740989 292.03233188449354 67.11165 -12.14831 285.3435
2509 82.26842740502205 33.32383006559972 293.0878043019197 67.04325 -12.18235 286.3985
2510 82.33384784503502 33.27337049851973 294.14499091960766 66.97369 -12.20862 287.4563
2511 82.39114463792872 33.216997127118894 295.19668972355345 66.90135 -12.22821 288.5084
2512 82.44715020490159 33.17093907736262 296.246552768822 66.82893 -12.24028 289.5582
2513 82.48273753539834 33.111862473799434 297.29352678402944 66.75997 -12.25277 290.6051
2514 82.53489618011349 33.05692016883129 298.34055076670904 66.68814 -12.25402 291.6524
2515 82.57000490553986 33.00145079673419 299.38531154035917 66.6192 -12.27164 292.6968
2516 82.61380136330186 32.940465588204525 300.43001753375063 66.54974 -12.28572 293.7418
2517 82.67073644272887 32.878339949183164 301.4695074437097 66.4788 -12.29898 294.7822
2518 82.7170764052237 32.81151240769253 302.50486392201765 66.40794 -12.31508 295.8182
2519 82.80495904905494 32.77323791399004 303.5347942060879 66.34676 -12.32714 296.8507
2520 82.86368418924354 32.720211344554 304.56100894767155 66.28919 -12.34465 297.8782
2521 82.93768610084936 32.6950128635202 305.5855307522869 66.22145 -12.36302 298.9033
2522 82.96411985849302 32.645857318990856 306.6035631804044 66.14628 -12.38715 299.9198
2523 83.02928763314557 32.61199146285996 307.6280111581638 66.07807 -12.40214 300.9445
2524 83.12617112763692 32.57039909143166 308.6522400979688 65.99903 -12.42256 301.9709
2525 83.19060200189384 32.54031172058406 309.6739577539569 65.90919 -12.43954 302.991
2526 83.23359012160856 32.503426188375975 310.69334214753826 65.82627 -12.45262 304.0085
2527 83.26765584321356 32.465738704477886 311.70076445852254 65.74479 -12.46723 305.0138
2528 83.30612901717558 32.41352385183289 312.70512065557045 65.66126 -12.47957 306.0167
2529 83.3474779604291 32.389932957217326 313.709395368178 65.57359 -12.49164 307.0182
2530 83.36196374973593 32.33451481064479 314.71987699979655 65.48054 -12.50702 308.0259
2531 83.38561783012244 32.280550434103446 315.736028690562 65.38313 -12.53112 309.0388
2532 83.40341139887344 32.23267413955592 316.734379627924 65.27471 -12.55384 310.0323
2533 83.41554784105335 32.182324080199365 317.735901081161 65.16792 -12.57651 311.0292
2534 83.43827930269926 32.14307651987018 318.7415880440175 65.04766 -12.60101 312.0284
2535 83.46881567229352 32.09240700807723 319.7500677095074 64.92447 -12.63184 313.0306
2536 83.46929922423875 32.04674802306908 320.75021054103973 64.79958 -12.65875 314.0236
2537 83.43551440410738 31.989423249086514 321.74085446229327 64.67468 -12.6826 315.0083
2538 83.4110336912099 31.93268832486045 322.73523129306164 64.54061 -12.70404 315.9953
2539 83.37337757008117 31.883683625349725 323.7284117801673 64.39547 -12.72666 316.9795
2540 83.35557766766061 31.834462263213723 324.72295785913155 64.24186 -12.75115 317.9632
2541 83.3220114141772 31.788935049770586 325.71770306895326 64.08999 -12.77584 318.9476
2542 83.2962877813351 31.7391014391737 326.70996844241347 63.94426 -12.79599 319.9305
2543 83.2709166083592 31.696279679937255 327.70461706153367 63.80681 -12.81874 320.9166
2544 83.27586140900502 31.652130049343498 328.7002580741808 63.67172 -12.84441 321.9037
2545 83.27625470036651 31.613211037627686 329.7023350322778 63.54101 -12.87181 322.8976
2546 83.2539518351241 31.563280310258996 330.7068708936916 63.4201 -12.89752 323.896
2547 83.24940364471746 31.5146928141808 331.7124721530826 63.30426 -12.91743 324.8959
2548 83.25007215769851 31.47937071954042 332.7218170400368 63.19056 -12.93434 325.8993
2549 83.24792182704013 31.444655536086298 333.7302300863208 63.07559 -12.95117 326.9016
2550 83.26009019923168 31.39259161015458 334.73126964000227 62.96758 -12.96731 327.8981
2551 83.28665211125993 31.349682385903083 335.7323691282668 62.86847 -12.98511 328.8954
2552 83.27159267032249 31.300946383256477 336.73667093359455 62.77719 -13.00726 329.8966
2553 83.31585591607382 31.26917914512131 337.7511498834781 62.69908 -13.03326 330.9092
2554 83.36996679677573 31.22978789079591 338.7634876570361 62.64298 -13.06157 331.9218
2555 83.4186397439579 31.187529928447315 339.7732653553592 62.59494 -13.08971 332.9321
2556 83.43813407324537 31.137407829676096 340.7697275668054 62.55359 -13.10731 333.929
2557 83.46677216591286 31.106434149713667 341.7765845722426 62.5014 -13.12676 334.9352
2558 83.4754426380737 31.060079321408963 342.79221031670033 62.45476 -13.14928 335.9506
2559 83.51364286686216 31.008236781161497 343.8045846352906 62.40233 -13.17243 336.9634
2560 83.55922539914685 30.956191846860328 344.8139884432704 62.35329 -13.19165 337.9738
2561 83.68964812917189 30.91183303813002 345.825975763389 62.3105 -13.21303 338.994
2562 83.79735759662978 30.869099163839742 346.84808671916045 62.26657 -13.24241 340.0213
2563 83.86432151660462 30.830370759491686 347.86445420398974 62.21832 -13.26965 341.0391
2564 83.93517611686063 30.79892216156773 348.86573152332295 62.1644 -13.3021 342.0414
2565 83.99722332454377 30.75666665342832 349.8589555707818 62.1165 -13.33378 343.0358
2566 84.05680301496888 30.720231507863122 350.8530639266246 62.0718 -13.35633 344.0311
2567 84.13821724812881 30.689645290466995 351.85077630950076 62.03277 -13.38222 345.0315
2568 84.23637479404972 30.64894297490152 352.84766411436465 61.9935 -13.40929 346.0329
2569 84.26642431504801 30.609580888578105 353.83469761579613 61.95688 -13.42898 347.0203
2570 84.3309833200889 30.57807516377625 354.8197998673278 61.91201 -13.44291 348.0069
2571 84.38662983459105 30.533348100620152 355.80058197409016 61.86637 -13.4581 348.9891
2572 84.44562687093637 30.49751618947865 356.77227191293196 61.8244 -13.47425 349.9622
2573 84.50308651858649 30.45165948854751 357.72626519884733 61.78986 -13.48794 350.9183
2574 84.60364824413638 30.40228715117243 358.65956981378105 61.76087 -13.49829 351.8578
2575 84.63516875629848 30.347084357612395 359.5876276321826 61.73422 -13.51502 352.7875
2576 84.67702312181736 30.30340092307074 360.5048128415234 61.70791 -13.53427 353.7061
2577 84.72029261339696 30.254864347381883 361.40874277532293 61.67929 -13.55394 354.6117
2578 84.79568923304146 30.217358830321462 362.3012299633185 61.64661 -13.57062 355.5074
2579 84.90321877701116 30.20403051582273 363.1794635313437 61.61399 -13.5933 356.3914
2580 84.98133563448035 30.166376568085525 364.0458710352926 61.5863 -13.616 357.2614
2581 85.07344205927535 30.13228809022142 364.89296160730265 61.56519 -13.64223 358.1135
2582 85.15918507487011 30.09294325770485 365.72812837976846 61.55241 -13.66753 358.9535
2583 85.23340838858847 30.05408824336022 366.5476540191849 61.5506 -13.69303 359.7769
2584 85.29560982629185 30.01950148915923 367.35737716303186 61.55571 -13.71943 360.5893
2585 85.39474641622304 29.990251419036866 368.14036870675034 61.56597 -13.74183 361.3787
2586 85.49644223731924 29.964993241701563 368.9004925849763 61.57724 -13.7606 362.1457
2587 85.5667638442051 29.93576865534602 369.63332829457113 61.58359 -13.77996 362.8822
2588 85.74190020451145 29.92327110875571 370.3269474632998 61.5902 -13.79541 363.5975
2589 85.79503569206403 29.881381686804854 371.0171939418791 61.60302 -13.80916 364.2908
2590 85.89475270492117 29.84555590418218 371.69056813172176 61.61817 -13.82908 364.972
2591 85.98050725672373 29.811636618564513 372.3628455606217 61.62589 -13.85587 365.65
2592 86.0281784867056 29.786339930951932 373.0341795775818 61.62869 -13.8789 366.3231
2593 86.07368449663382 29.74359092259626 373.7047199648405 61.63203 -13.8966 366.9963
2594 86.17856469796993 29.715834640957308 374.37274852074006 61.6414 -13.91728 367.6727
2595 86.26544038029841 29.680821876741845 375.04649390154935 61.64988 -13.94262 368.3524
2596 86.35060203177417 29.6489710520994 375.71638577744244 61.65211 -13.96674 369.028
2597 86.39941658000295 29.61517730599418 376.3784877148398 61.64391 -13.98697 369.6924
2598 86.43733641728808 29.56835962452356 377.039722954858 61.62473 -14.00683 370.3558
2599 86.48608743384189 29.547153394655552 377.6952290762633 61.59376 -14.01984 371.0126
2600 86.53528357203834 29.51785779624473 378.356784059088 61.55833 -14.03029 371.6756
2601 86.57935245795908 29.48743165501341 379.0203460499551 61.51118 -14.04429 372.3395
2602 86.592769450005 29.470007656187217 379.6997050318559 61.44542 -14.0653 373.0157
2603 86.58834896817237 29.44415726737973 380.38702443107206 61.36189 -14.08297 373.6982
2604 86.56108056680922 29.41568945939203 381.0819655482147 61.27159 -14.09856 374.3882
2605 86.57826115412031 29.395253241978406 381.7900436423099 61.18214 -14.11114 375.091
2606 86.54498794770171 29.370622313078194 382.5106975373775 61.08059 -14.12641 375.8055
2607 86.50046086374684 29.33867724212159 383.2407190004428 60.96671 -14.14594 376.5284
2608 86.4854591973575 29.31013820928437 383.985780866136 60.84972 -14.16784 377.2646
2609 86.44013731356723 29.285139896684576 384.74880529806256 60.74507 -14.18454 378.022
2610 86.4589534990836 29.26913102629539 385.5302294297807 60.63715 -14.19874 378.7962
2611 86.47523721312466 29.248534818605098 386.3319904277631 60.52298 -14.21763 379.59
2612 86.47695462997979 29.236826538476077 387.14316847718 60.41374 -14.23869 380.3936
2613 86.55913696061235 29.223040470059477 387.95844522089925 60.32454 -14.25909 381.208
2614 86.51524943764261 29.19063593033257 388.7860649927949 60.23753 -14.27425 382.0327
2615 86.52974677453963 29.170141883589427 389.6330486234342 60.1474 -14.29007 382.8751
2616 86.54942768765527 29.150129831204005 390.5029299079888 60.06557 -14.31204 383.7413
2617 86.55297563496862 29.117102150397805 391.38792101013075 59.99739 -14.34133 384.6238
2618 86.57200216688355 29.084767989513217 392.2812373945787 59.93719 -14.36719 385.5155
2619 86.6277596788568 29.055173236001902 393.1791121124114 59.88483 -14.39286 386.4137
2620 86.7041168628162 29.01310269984585 394.08793464346206 59.84353 -14.42481 387.3252
2621 86.78463178777211 28.992098786848523 395.01197032643006 59.81431 -14.45856 388.2519
2622 86.90010747137798 28.965208781249604 395.94941171499505 59.78983 -14.49961 389.1956
2623 87.0074759675722 28.92857215280113 396.90810839506696 59.76798 -14.53983 390.1599
2624 87.15124676483218 28.894787989418013 397.86675566333605 59.7661 -14.59815 391.1281
2625 87.23213821334437 28.856733141072482 398.8425800635613 59.76542 -14.64881 392.1067
2626 87.32648139933701 28.815713375523426 399.82455667941883 59.76528 -14.69849 393.0928
2627 87.42705567730351 28.78392596969172 400.8239197315385 59.76442 -14.73892 394.0969
2628 87.52945514226376 28.74972796271716 401.8432782309855 59.7664 -14.77563 395.1213
2629 87.69487971665673 28.704553319934956 402.8682722750347 59.76162 -14.81712 396.1597
2630 87.76783416277208 28.673376404468886 403.91733519323077 59.74722 -14.85438 397.211
2631 87.89607026494048 28.643567419947427 404.9677219725375 59.72862 -14.89124 398.2688
2632 87.99556394671244 28.627684322842008 406.0351592208167 59.71318 -14.92621 399.3403
2633 88.08074738624609 28.602293387019728 407.11020506598203 59.69604 -14.96445 400.4182
2634 88.14980384329671 28.56827744115818 408.18304472803163 59.67327 -15.00203 401.4929
2635 88.23689336885454 28.535716365560184 409.24749314547324 59.64675 -15.04264 402.5603
2636 88.32522780121288 28.497493141772104 410.30817295965994 59.6159 -15.08099 403.6242
2637 88.39633530933875 28.43343440883091 411.3759885573743 59.57539 -15.12563 404.6946
2638 88.4845974701583 28.40107953864731 412.45098125029966 59.52883 -15.1669 405.7719
2639 88.54485569001966 28.368024098709366 413.52784700787095 59.47664 -15.20557 406.849
2640 88.60369151445344 28.333120321894917 414.5950005162882 59.42514 -15.23835 407.9166
2641 88.68267048317408 28.305519085828585 415.6563382059362 59.37438 -15.26821 408.9796
2642 88.83002952434788 28.316622568204505 416.71072345610025 59.32089 -15.29901 410.0425
2643 88.88657900503037 28.282586627498524 417.7723722021433 59.267 -15.33264 411.1043
2644 88.96813381968366 28.258655090896635 418.8234071825139 59.20589 -15.37085 412.1563
2645 89.03333700488082 28.217481007785878 419.8722124363242 59.14511 -15.4057 413.2056
2646 89.130849512529 28.1980982595059 420.92210001788766 59.08467 -15.44272 414.2578
2647 89.15364256805995 28.158165074553335 421.97815458236767 59.0265 -15.47985 415.3126
2648 89.24279380000758 28.13983010420338 423.0283128805325 58.96893 -15.51299 416.3646
2649 89.33112566796878 28.10620791323222 424.0783889929533 58.91368 -15.54099 417.4171
2650 89.37576703796076 28.068019758976888 425.12201345086896 58.85967 -15.56518 418.4607
2651 89.40807041072439 28.04039195837334 426.158488526904 58.80686 -15.59016 419.4964
2652 89.48743758329229 28.022429818154393 427.18900601648744 58.74881 -15.61868 420.5281
2653 89.54290008588517 27.975430278653274 428.2177778993618 58.68504 -15.64958 421.557
2654 89.60150658402857 27.93326857916052 429.2450642613229 58.62784 -15.68558 422.5846
2655 89.69465902247457 27.89449659783739 430.26170381941404 58.57414 -15.7212 423.6042
2656 89.74245296359051 27.841335692386473 431.28092711856107 58.52715 -15.75751 424.6242
2657 89.81574669580907 27.81599187181453 432.29209690453985 58.48082 -15.79727 425.6365
2658 89.88127525039889 27.774755431005175 433.2895483612447 58.4372 -15.83191 426.6354
2659 89.969297704502 27.734933027448108 434.2669301783196 58.39171 -15.86596 427.6159
2660 90.01934466392899 27.693148555357606 435.2278909616215 58.34298 -15.89808 428.5773
2661 90.0725503021209 27.66067877069 436.17405891904144 58.28685 -15.93052 429.5233
2662 90.11891815053359 27.61781671860495 437.1084915073669 58.23246 -15.96625 430.4576
2663 90.16479330521632 27.577666812098794 438.0284523435933 58.17911 -16.0004 431.3774
2664 90.2102979559986 27.527816963581188 438.93182219839247 58.11757 -16.03584 432.2805
2665 90.26259630752638 27.4895109569004 439.8202280070068 58.05705 -16.06875 433.1686
2666 90.35416667902244 27.474393416723252 440.69305439698536 57.99581 -16.09857 434.0437
2667 90.3579496396157 27.443739057449324 441.55424646247747 57.9241 -16.12658 434.902
2668 90.37231646331254 27.40721889963467 442.4020981979537 57.84065 -16.15406 435.7462
2669 90.37025366831611 27.37716761130608 443.2323145419548 57.75392 -16.17716 436.5721
2670 90.37822082653892 27.355017753898203 444.0479029839442 57.66319 -16.198 437.3827
2671 90.35548649487589 27.325795580976106 444.84390726563714 57.5691 -16.21944 438.1737
2672 90.33006156774904 27.309828158447363 445.623985692783 57.47062 -16.24168 438.9478
2673 90.32832453504422 27.28213578143717 446.3933125751112 57.36825 -16.26608 439.7104
2674 90.31617232257076 27.251570871613954 447.14596919835947 57.25999 -16.29215 440.4555
2675 90.30422325950225 27.211775389774 447.87985100493114 57.14887 -16.31654 441.1817
2676 90.25629123112665 27.185823354357815 448.59438187236344 57.03669 -16.34238 441.889
2677 90.23388906938374 27.16272470427641 449.28908624719753 56.91449 -16.36661 442.5732
2678 90.1936703497523 27.135013058991497 449.9643961110429 56.78747 -16.38826 443.2379
2679 90.11794323503028 27.093098443937247 450.6090010818899 56.65685 -16.40569 443.8748
2680 90.0671646469649 27.070360873810298 451.23222891735526 56.53228 -16.42058 444.4878
2681 90.01975607520565 27.05590188754472 451.8288996289206 56.41955 -16.43657 445.0756
2682 89.99720968229862 27.029214175632973 452.4058841611221 56.32386 -16.45398 445.6454
2683 89.99042964538313 27.007357195507115 452.9581946804128 56.24445 -16.47357 446.1921
2684 90.03007031478705 26.972472769684742 453.49902831348703 56.18642 -16.49151 446.7321
2685 90.05644637096832 26.960332143402564 454.0378090203185 56.14866 -16.50757 447.2701
2686 90.07382199365613 26.934251400674913 454.5300973809314 56.12959 -16.52522 447.7627
2687 90.15796008272717 26.92752213114065 454.98000877654056 56.37354 -16.54917 448.1493
2688 90.27535136718716 26.925622460046903 455.4172397779375 56.61613 -16.5729 448.5308
2689 90.37640451780645 26.913368882459473 455.854853946111 56.85753 -16.59654 448.909
2690 90.52412728339542 26.90709078168774 456.27166407851837 57.09636 -16.61978 449.2805
2691 90.68504342513373 26.894831739808154 456.6804804108979 57.33354 -16.64298 449.6498
2692 90.91454008855597 26.896995676255088 457.0430591242239 57.5666 -16.66551 450.0094
2693 91.14491238114745 26.926094214006024 457.4017293726512 57.79766 -16.68805 450.3681
2694 91.42414001383968 26.92166311226562 457.71897191736804 58.02562 -16.71036 450.7233
2695 91.68722717553473 26.906143856558824 458.03458430013137 58.24828 -16.73191 451.0683
2696 92.02020656227978 26.899923803357137 458.2799540941995 58.46928 -16.75378 451.4173
2697 92.33500197101586 26.892138185255924 458.52314011310165 58.68323 -16.77453 451.7521
2698 92.65015708508226 26.910688325282642 458.7613065057409 58.89364 -16.79522 452.0863
2699 92.98878243532906 26.93467565640435 458.9573580127891 59.09996 -16.81575 452.419
2700 93.32620217302807 26.953070597088338 459.14009989952655 59.30076 -16.83577 452.7459
2701 93.67707573546272 26.961714107175368 459.29186138547664 59.49747 -16.85573 453.0732
2702 94.035496540488 26.988450323129968 459.40927122399734 59.69389 -16.87518 453.3957
2703 94.39018429321713 27.01190602877814 459.5160069178233 60.05191 -16.88418 453.4931
2704 94.80190757477887 27.040772029382435 459.6127028020642 60.4355 -16.89523 453.6732
2705 95.21148919070087 27.06446944214879 459.71048862888426 60.82955 -16.90196 453.8234
2706 95.60908517898105 27.090428082898168 459.78081778694803 61.2321 -16.90829 453.8636
2707 96.0531949480581 27.117746077505235 459.8100281820319 61.66843 -16.92438 453.9541
2708 96.50849046290736 27.13524008996976 459.82861513944954 62.1176 -16.93856 454.0315
2709 96.96732865881697 27.159808653177745 459.8323882384812 62.57515 -16.95047 454.0722
2710 97.44986104621148 27.19683262768444 459.8524425878117 63.05511 -16.95654 454.1371
2711 97.9503348074482 27.232868437744287 459.82147879109834 63.55579 -16.9664 454.1813
2712 98.46881880967496 27.264781568037275 459.79638738719547 64.07556 -16.97911 454.1936
2713 99.0054326996545 27.289416051473673 459.7662319348389 64.61298 -16.99897 454.2096
2714 99.54849892801289 27.3317672823372 459.6727808344658 65.16526 -17.01404 454.224
2715 100.11073006372872 27.366102359240635 459.62956385718 65.72987 -17.02729 454.2378
2716 100.69630690379907 27.394166184094445 459.5903990757075 66.31685 -17.03923 454.2609
2717 101.2967809684516 27.437986037543165 459.5618720267296 66.91875 -17.05511 454.2886
2718 101.91338384379591 27.464446150958523 459.5204478621012 67.53618 -17.07471 454.3204
2719 102.54311230627856 27.51215303716674 459.47267022457544 68.16862 -17.09206 454.3493
2720 103.18911705984895 27.536862255152354 459.4371184396557 68.81514 -17.10837 454.38
2721 103.85344995539234 27.59203625165346 459.3976288206523 69.48192 -17.12311 454.4136
2722 104.53170666821009 27.634252988006214 459.318797890242 70.16492 -17.14124 454.4484
2723 105.22725545022912 27.681905185391816 459.2843051661373 70.86176 -17.16519 454.4814
2724 105.93363923516286 27.732074363257805 459.28028083080017 71.56844 -17.19316 454.5179
2725 106.65179200213765 27.780014942701534 459.24936461128635 72.2875 -17.22009 454.5529
2726 107.3878434182346 27.83134795187487 459.2086829995816 73.02494 -17.24416 454.5937
2727 108.14526212761758 27.89279220882652 459.19139641332947 73.78323 -17.27336 454.6373
2728 108.92473564061227 27.935525306209016 459.16640672089807 74.5618 -17.30779 454.689
2729 109.719524802253 27.976414807209625 459.1421386545081 75.35567 -17.34186 454.7396
2730 110.5223008884311 28.033959342869565 459.12471119697005 76.15867 -17.36898 454.7898
2731 111.33810306598691 28.07515475724742 459.098618917855 76.97382 -17.39434 454.8427
2732 112.16882614335691 28.116779277508815 459.06729434223274 77.80419 -17.42263 454.8927
2733 113.01111115638635 28.164696093428457 459.0267165148132 78.64677 -17.45272 454.9431
2734 113.86419710037522 28.20111770406678 458.9804230622838 79.49974 -17.48584 454.9938
2735 114.7240839659305 28.243923960874092 458.943439074889 80.35896 -17.51605 455.0524
2736 115.59110567204068 28.290726723955252 458.89232737171125 81.22587 -17.54771 455.1156
2737 116.46990872661841 28.3445606553718 458.86438196791994 82.10395 -17.5802 455.178
2738 117.36975612762255 28.39133170559865 458.84139062244464 83.00244 -17.61761 455.2393
2739 118.28500887171738 28.440379401670228 458.8000301287711 83.91678 -17.66024 455.3023
2740 119.20863761480594 28.48589353962857 458.78042224549654 84.83881 -17.70174 455.363
2741 120.14117745882298 28.526626013659815 458.7456332733943 85.77095 -17.73483 455.4132
2742 121.07237035411589 28.550982082933977 458.70053037941295 86.70202 -17.76588 455.4567
2743 122.00578352092583 28.58680943766261 458.66583340434397 87.63539 -17.79453 455.4985
2744 122.94700790753542 28.622179070935044 458.6232443447917 88.57696 -17.82493 455.5371
2745 123.89589022988875 28.661742548966874 458.577097794202 89.52635 -17.85708 455.5783
2746 124.85295890054539 28.702155200575724 458.53534087336897 90.48321 -17.89014 455.6301
2747 125.81572909630137 28.741561229241096 458.4986635456472 91.44549 -17.92387 455.6821
2748 126.78289139392648 28.780361390071416 458.4583465557792 92.41235 -17.95632 455.7337
2749 127.75489438411878 28.818602409703963 458.41518943383335 93.38406 -17.98828 455.7873
2750 128.73259609853636 28.849050513258625 458.4032385545842 94.36001 -18.0248 455.8435
2751 129.70167613390763 28.8759610816922 458.3542980851202 95.32857 -18.06266 455.8954
2752 130.67091961540757 28.895649455530457 458.2563436370056 96.30089 -18.09746 455.9483
2753 131.64547978938222 28.912009475922684 458.22456377647654 97.27373 -18.13883 456.0023
2754 132.62342543218037 28.94072440875585 458.2080468135454 98.24989 -18.18222 456.0543
2755 133.60133943079634 28.971219319367524 458.14480260007326 99.22807 -18.2203 456.1087
2756 134.57869823833641 29.010384919994372 458.094191550377 100.2052 -18.25342 456.1674
2757 135.55817576639032 29.05053734689807 458.0581622962757 101.1841 -18.28197 456.2242
2758 136.5346022990208 29.062589704249334 458.02792208037897 102.159 -18.30903 456.2817
2759 137.5021656372819 29.112129313024393 457.96832614750286 103.1275 -18.33657 456.3403
2760 138.46847755257173 29.142921841836213 457.927794043705 104.0931 -18.3709 456.3931
2761 139.43550923126858 29.16332892369872 457.88360577595716 105.0596 -18.40604 456.4396
2762 140.40320127757923 29.193074522443034 457.8303557725542 106.0275 -18.44084 456.4855
2763 141.37409281720034 29.2232897991288 457.7763619076532 106.9989 -18.47595 456.5256
2764 142.33804243930336 29.28086013229377 457.6842791248616 107.9675 -18.51114 456.5652
2765 143.30872959395347 29.299148206674907 457.64825374169004 108.9376 -18.54235 456.6076
2766 144.26859608940686 29.320561400593817 457.59899905529187 109.8972 -18.57694 456.6545
2767 145.2196154493174 29.371273787437605 457.4953512994265 110.8532 -18.61336 456.7044
2768 146.16907826743423 29.394467708499626 457.4536512809691 111.8011 -18.65851 456.761
2769 147.11947249560873 29.416631763847967 457.4153718530336 112.7497 -18.70618 456.8166
2770 148.0659240462793 29.467664075178902 457.2857731823866 113.7043 -18.74798 456.8631
2771 149.0261555404184 29.495034059358904 457.24501818601345 114.6632 -18.79289 456.9174
2772 149.97436141128807 29.508741548130036 457.207003125842 115.6102 -18.83295 456.9655
2773 150.90686429256172 29.513970696293118 457.09898681954616 116.5475 -18.86475 457.0069
2774 151.83505535834672 29.55709335459714 457.0548059793813 117.4761 -18.89868 457.0505
2775 152.75904128888268 29.60301730490165 457.0154337130003 118.4001 -18.93406 457.0993
2776 153.6789427823706 29.64154967214103 456.97237211347544 119.3194 -18.97438 457.1524
2777 154.59731829105002 29.668806177774815 456.97837784893693 120.2357 -19.01741 457.2047
2778 155.50883594076578 29.70917446128155 456.9400895694855 121.1459 -19.06799 457.2589
2779 156.42350517151607 29.721821495932804 456.95555677457173 122.0572 -19.11893 457.3218
2780 157.33493495086316 29.751106312613068 456.9847410808215 122.9661 -19.1663 457.3856
2781 158.24825769277865 29.774482440012992 456.9678639996841 123.8765 -19.21379 457.4481
2782 159.1573030994791 29.805457113043445 456.9371397309786 124.7831 -19.25654 457.5153
2783 160.06083891312784 29.833703922109574 456.92115970495706 125.6834 -19.29294 457.5899
2784 160.96416703416784 29.861380501533436 456.8896680300309 126.5838 -19.32717 457.6665
2785 161.86051764331023 29.891133675526234 456.8663550673827 127.4757 -19.36016 457.7576
2786 162.75112146882495 29.930613246010896 456.8956236152266 128.3608 -19.39938 457.8608
2787 163.63930878859725 29.957053537405596 456.9149342052381 129.2416 -19.43961 457.9727
2788 164.52505950075968 29.986920289529625 456.93250887795995 130.1192 -19.4808 458.0905
2789 165.41223695734828 30.013207115658084 456.96006583339863 130.9968 -19.52025 458.2201
2790 166.30286350970832 30.040883980338016 457.0083265616642 131.8773 -19.5577 458.3602
2791 167.18853711044744 30.061899523774457 457.06944866885846 132.7527 -19.59831 458.5038
2792 168.06462018325658 30.08294310116268 457.1325789301278 133.6179 -19.63306 458.6527
2793 168.92907221681486 30.108577863755286 457.22327889166985 134.4723 -19.66674 458.8109
2794 169.79566205461526 30.138298172102157 457.30273561191956 135.3263 -19.70045 458.9774
2795 170.6667831490783 30.174378948266558 457.3843412414611 136.1843 -19.73513 459.149
2796 171.54015613635679 30.177539094297764 457.51050736476395 137.0478 -19.76674 459.3281
2797 172.41182229811338 30.182868754550874 457.6111221513022 137.9053 -19.79615 459.5119
2798 173.27346584673163 30.220351771258308 457.6811786212606 138.7477 -19.82313 459.7078
2799 174.12365392112602 30.24077754223589 457.77651346346147 139.5789 -19.85194 459.9093
2800 174.96472921214934 30.27989642814422 457.92836282959564 140.4094 -19.87662 460.1134
2801 175.8147421080652 30.328112202858794 458.07229245943387 141.2456 -19.90477 460.3268
2802 176.6685426871419 30.3194033310758 458.2177583149482 142.0823 -19.93899 460.5481
2803 177.51534734505208 30.32991316937402 458.36971905409007 142.9125 -19.96853 460.7721
2804 178.35679927772287 30.347121277769794 458.49110349670934 143.73 -19.99516 461.0046
2805 179.18170585036466 30.379721829212087 458.6482708179248 144.5361 -20.02408 461.2404
2806 179.99769310643467 30.40409434693322 458.857525300102 145.3404 -20.05968 461.4895
2807 180.82515918823123 30.430018359666676 459.01229800648156 146.1388 -20.09772 461.7549
2808 181.64250460515422 30.463295743198902 459.22639620283127 146.9351 -20.14307 462.0357
2809 182.46822954844927 30.512928461876413 459.41707953943154 147.7346 -20.18213 462.3184
2810 183.2941916919513 30.563212338505945 459.6018893047379 148.5333 -20.21462 462.6011
2811 184.09764987212284 30.62097337987337 459.84962271470835 149.3239 -20.25038 462.8908
2812 184.90326502548322 30.6401338654536 460.07293413866245 150.1033 -20.28734 463.1915
2813 185.70566788881055 30.66515773564518 460.2834096520713 150.8754 -20.32187 463.4939
2814 186.5031684546894 30.715748243913765 460.4895234271956 151.6452 -20.35285 463.7897
2815 187.30330531467405 30.767001039906578 460.70832317284624 152.4141 -20.3888 464.1031
2816 188.1020630408978 30.80615658547326 460.9572455803334 153.1854 -20.42917 464.4271
2817 188.9051982069222 30.846747299042804 461.1735927297643 153.9537 -20.46787 464.746
2818 189.69476564468044 30.87802761760222 461.4218232583113 154.717 -20.50819 465.065
2819 190.47372891277857 30.919114112172615 461.66742030006407 155.4665 -20.54749 465.3898
2820 191.26733640836036 30.949057278512434 461.8718066553961 156.2163 -20.59044 465.7191
2821 192.04256425043755 30.986633167163045 462.1391340164358 156.9634 -20.63939 466.0557
2822 192.81611956890202 31.016360488484917 462.41386005914444 157.7066 -20.69316 466.4014
2823 193.5713265960249 31.04951770295648 462.72532444765886 158.442 -20.74416 466.755
2824 194.31931902426936 31.068038340679003 463.0391040449358 159.1689 -20.79448 467.1119
2825 195.07219025133654 31.094214870549823 463.33539118545707 159.8906 -20.84541 467.475
2826 195.81195591930677 31.122580427633018 463.66620767426 160.6108 -20.89615 467.8441
2827 196.5559272373125 31.15913810723731 463.9728893438243 161.3226 -20.94383 468.2182
2828 197.2977788947549 31.189638964495213 464.273390951235 162.0266 -20.99503 468.5968
2829 198.02765269770597 31.217439773332046 464.58337059846 162.7215 -21.04596 468.9764
2830 198.7389971556944 31.228526369515734 464.91207915489605 163.4071 -21.0963 469.3527
2831 199.46342742868322 31.24313464101927 465.20965778917775 164.0863 -21.14614 469.7397
2832 200.18616935539387 31.269344293217937 465.5221367227175 164.7652 -21.19682 470.1362
2833 200.89280461775076 31.288515521638708 465.8675077002108 165.4415 -21.25193 470.5344
2834 201.5913747901474 31.32105118321 466.22433963174694 166.113 -21.30275 470.938
2835 202.2914718375397 31.368873727439315 466.5450591398783 166.7724 -21.34913 471.3359
2836 202.95450078492522 31.38744545299005 466.8996388803301 167.4102 -21.39105 471.7323
2837 203.60264645375827 31.429979344695706 467.24937393208967 168.03 -21.43463 472.13
2838 204.2370653591225 31.4541424504654 467.5929181140168 168.6322 -21.47504 472.526
2839 204.86278103231578 31.47262771356971 467.9242541304235 169.2195 -21.51842 472.9195
2840 205.47873232899659 31.520467184556995 468.24080391597516 169.7904 -21.56296 473.3119
2841 206.06420071634602 31.522794325286718 468.58280407420676 170.3465 -21.60638 473.6974
2842 206.6260481156403 31.528126171756 468.92595466756114 170.884 -21.64716 474.0754
2843 207.17809999353238 31.54061300709325 469.24714006053387 171.4059 -21.6871 474.4416
2844 207.72353878908413 31.549611110040775 469.53645451031196 171.9093 -21.72668 474.797
2845 208.2265143576459 31.549745217958833 469.8493906640958 172.3931 -21.76205 475.137
2846 208.72167190383706 31.563619329848027 470.13195768812585 172.8551 -21.79969 475.4692
2847 209.21229070067375 31.576138740561177 470.37574138353204 173.3028 -21.83433 475.7833
2848 209.67094926693895 31.58837078664252 470.6332946773185 173.7348 -21.86508 476.0821
2849 210.1047461321415 31.608143883847887 470.8885261102716 174.1541 -21.89308 476.3598
2850 210.55925831593498 31.62250780534678 471.0513073052619 174.5565 -21.92165 476.6254
2851 210.96369913817355 31.62724764503911 471.25363259119194 174.9418 -21.94546 476.861
2852 211.352198429157 31.63855981256248 471.4251787012361 175.3061 -21.96707 477.0785
2853 211.72292090108297 31.64143730157911 471.5801942077703 175.6567 -21.98635 477.2739
2854 212.07671733770573 31.637041850098342 471.71788728653354 175.9911 -22.001 477.4531
2855 212.43942427066597 31.650044127807593 471.8249624659961 176.3286 -22.01675 477.6235
2856 212.79588692365928 31.66957860765133 471.9501528454915 176.6674 -22.02875 477.7914
2857 213.14274077571505 31.678384594674213 472.06566016260444 177.0022 -22.04077 477.938
2858 213.5121996004232 31.709118061038016 472.14779520074615 177.3495 -22.05233 478.0911
2859 213.86270867371834 31.730898137510536 472.2307355691239 177.6937 -22.05946 478.1992
2860 214.2368091487095 31.749574540022962 472.2869038537742 178.0557 -22.07282 478.3098
2861 214.60990261020518 31.773835919409738 472.3273349922621 178.4188 -22.08797 478.4065
2862 214.96161887739083 31.792877553574783 472.34645143715437 178.7692 -22.1004 478.4452
2863 215.32559975991197 31.806186685197257 472.3511836855181 179.1282 -22.1169 478.5046
2864 215.68473938363644 31.819222638307313 472.34773452655276 179.4833 -22.13229 478.5578
2865 216.02191471302356 31.826769166468743 472.3409536663288 179.8202 -22.14906 478.5605
2866 216.38256819956777 31.87029764356939 472.32751095734585 180.1822 -22.16095 478.5915
2867 216.73065119869105 31.869973127385876 472.2690728660816 180.532 -22.17144 478.5456
2868 217.10437664010692 31.907976705649563 472.2148974899623 180.9112 -22.17927 478.5316
2869 217.48683211458388 31.928896674299025 472.1477471135352 181.2983 -22.18668 478.4953
2870 217.85376349903004 31.95400802357226 472.04115450757166 181.6648 -22.19406 478.3846
2871 218.2392583377261 31.965573776177276 471.9059312521555 182.0686 -22.21025 478.3237
2872 218.62973000264554 31.994461385757504 471.7703803650032 182.475 -22.22634 478.2446
2873 219.01009412447914 32.013567849327124 471.5990598619348 182.8536 -22.23521 478.0686
2874 219.39118620871366 32.031616843656515 471.40059900751385 183.2622 -22.24815 477.9351
2875 219.7777518823271 32.04615993222183 471.1694477830768 183.6426 -22.25515 477.6936
2876 220.14699655333268 32.05812374982015 470.8947858272066 184.0625 -22.26385 477.5051
2877 220.52506097753175 32.08192470768119 470.60119090701903 184.4883 -22.26981 477.2852
2878 220.92295588809992 32.09809069524781 470.26500869587466 184.888 -22.2739 476.9508
2879 221.317203739118 32.11804269417152 469.91340158245606 185.324 -22.27835 476.6519
2880 221.70830138142148 32.13567956570433 469.51916198900153 185.7594 -22.28346 476.3068
2881 222.12271432992807 32.14974356705424 469.08665713992343 186.1803 -22.28821 475.8804
2882 222.51676313265529 32.164470902456955 468.6183249989581 186.6263 -22.29195 475.461
2883 222.9246921119656 32.18948652028594 468.12570695513153 187.0774 -22.29447 475.0069
2884 223.33235185207747 32.202965784130974 467.59141642383037 187.5314 -22.29466 474.5112
2885 223.73803430243436 32.21813829239853 467.02914125368216 188.0019 -22.29351 474.0017
2886 224.1743364496883 32.24431607811672 466.45915900138255 188.4787 -22.29192 473.4645
2887 224.60084208518595 32.24875008979252 465.85234280348635 188.961 -22.28926 472.901
2888 225.0321517129513 32.257212373719554 465.2200620164561 189.4552 -22.28709 472.3165
2889 225.45835339231104 32.27015641007677 464.5548883680501 189.9537 -22.28748 471.7035
2890 225.90168675215324 32.285153231521676 463.8694538409087 190.4622 -22.27854 471.0648
2891 226.35288837490165 32.30080161335097 463.15924462653925 190.9835 -22.26966 470.4042
2892 226.8358824306115 32.3008192766192 462.4419321148423 191.5189 -22.25842 469.7252
2893 227.30227397409172 32.30154050775221 461.69458208333384 192.064 -22.25096 469.0332
2894 227.79879474815243 32.3141885845001 460.9404110038162 192.6283 -22.23395 468.3284
2895 228.29461896175061 32.33155107656523 460.1600446791462 193.2083 -22.21621 467.6084
2896 228.8076091211241 32.357314616685244 459.3603907644516 193.8022 -22.19934 466.8666
2897 229.31493772393316 32.369719788665385 458.5268504051528 194.4076 -22.18783 466.1013
2898 229.85987690340605 32.40325459595147 457.70044888592884 195.0174 -22.17589 465.3209
2899 230.38093548559516 32.40990357002815 456.84872028979584 195.6296 -22.15831 464.5323
2900 230.91811369408725 32.42629325077579 455.99787022128424 196.2448 -22.13909 463.7361
2901 231.43266117305473 32.440944020827565 455.12429743225914 196.8637 -22.12306 462.9331
2902 231.97007252955922 32.4514949667049 454.26405333559757 197.4824 -22.11544 462.1293
2903 232.50858123474103 32.4635550593531 453.4017075240413 198.1054 -22.10943 461.3258
2904 233.02936588224574 32.486031705953664 452.5286237025322 198.7291 -22.10434 460.5227
2905 233.54866583973055 32.5066073731048 451.65546776790336 199.3558 -22.09633 459.7229
2906 234.09321022637602 32.5203344951529 450.7933266920387 199.9852 -22.09257 458.9205
2907 234.61749022793612 32.53904887082176 449.9221228556104 200.6142 -22.08882 458.1214
2908 235.17847502085377 32.55557543725253 449.07520528635285 201.2443 -22.08544 457.3244
2909 235.73339600057494 32.56604903975539 448.2230272019621 201.8766 -22.0792 456.5279
2910 236.275379451253 32.57983189302826 447.3602876846994 202.5105 -22.06915 455.7302
2911 236.80987804245825 32.578583465826185 446.4959056698882 203.1447 -22.06266 454.9361
2912 237.3673191445182 32.58812556326654 445.6480041396321 203.7796 -22.05633 454.1445
2913 237.91359888320224 32.602179097254535 444.8005556720037 204.411 -22.05293 453.3583
2914 238.4728667189757 32.61726264387098 443.9583757037721 205.0471 -22.04931 452.5724
2915 239.02175569235277 32.63064873144767 443.10706369865034 205.6848 -22.05096 451.7853
2916 239.55888843444063 32.63711212560747 442.25129378984707 206.3218 -22.05089 451.001
2917 240.09829469095018 32.64740041334163 441.40171164404023 206.9558 -22.05042 450.2194
2918 240.66403855767047 32.66194503744404 440.5728663001563 207.5876 -22.04869 449.4396
2919 241.21810527217798 32.67806217148511 439.7391525186551 208.222 -22.04485 448.6651
2920 241.75963674648386 32.684080380926986 438.8984365469434 208.8544 -22.04239 447.8904
2921 242.27800064357265 32.70868945614746 438.0422375653908 209.4864 -22.03971 447.1139
2922 242.80699654850503 32.724593046696135 437.1957917889394 210.1144 -22.0395 446.3379
2923 243.34279485003705 32.74070951868854 436.3553017001187 210.7393 -22.039 445.5612
2924 243.89696470228853 32.76213993865021 435.5322399561676 211.3594 -22.03932 444.7863
2925 244.4465680818444 32.78052277745373 434.71120868458394 211.9765 -22.04187 444.0145
2926 244.995616559125 32.789743127130365 433.8887346915923 212.5952 -22.04275 443.243
2927 245.51751181737566 32.818557159136425 433.0509539008272 213.2149 -22.04257 442.4742
2928 246.07569833090557 32.83619839518623 432.23649363261035 213.8362 -22.04023 441.7066
2929 246.61458826904294 32.85066540645765 431.41169200660613 214.4556 -22.03412 440.9403
2930 247.16656990255836 32.854001715589234 430.60602801373875 215.0695 -22.02541 440.1808
2931 247.68944024822193 32.85378233566791 429.7802080649012 215.6837 -22.01679 439.4205
2932 248.22255518328646 32.86227368516352 428.9626751462399 216.3021 -22.00978 438.6654
2933 248.73897971352062 32.88119017519971 428.12965493077263 216.9249 -22.003 437.9084
2934 249.27527096331954 32.890817792477 427.2956711819654 217.5556 -21.99467 437.1433
2935 249.83197067644642 32.90336969609298 426.46764146080795 218.1929 -21.98857 436.3755
2936 250.39667243492568 32.91530672538776 425.64083918686214 218.8302 -21.98274 435.6032
2937 250.95679328573672 32.95730634166621 424.8026392674997 219.4713 -21.97423 434.8241
2938 251.52094833558155 32.977364126674665 423.9495847961469 220.1217 -21.96754 434.0346
2939 252.0934576919557 33.00215741219091 423.09016034672896 220.7841 -21.96566 433.242
2940 252.64209441685125 33.03951199296605 422.2106327226653 221.4505 -21.96227 432.4471
2941 253.23704198220054 33.062012922775715 421.3551548698003 222.1189 -21.95656 431.6474
2942 253.84657872901676 33.08325281030316 420.5009046322478 222.7897 -21.95169 430.8401
2943 254.4525946283388 33.08676233711602 419.6243142187191 223.4667 -21.94718 430.0171
2944 255.03651609937984 33.09888173019738 418.75337285102063 224.1398 -21.94408 429.213
2945 255.59214969899986 33.11671749728497 417.863051404359 224.8136 -21.94098 428.4082
2946 256.1632635481532 33.1191923040696 416.9835783367574 225.4867 -21.93788 427.6041
2947 256.7157946483841 33.115923502890205 416.0913215977991 226.1604 -21.93478 426.7994
2948 257.30489240117464 33.12316470120821 415.2239113368476 226.8335 -21.93169 425.9954
2949 257.8735743194723 33.129147570392576 414.34313957238334 227.5065 -21.92859 425.1915
2950 258.45933646897487 33.137637555058326 413.47322226920414 228.1797 -21.92549 424.3873
2951 259.0640390162553 33.15748431444944 412.61664446564265 228.8529 -21.9224 423.5832
2952 259.6662989910465 33.16911316348466 411.75819682447025 229.5261 -21.9193 422.7791
2953 260.2874716433832 33.17544461110805 410.91362695242884 230.1991 -21.9162 421.9752
2954 260.87132299335315 33.19233253342098 410.0439206299739 230.8716 -21.91311 421.1719
2955 261.4800340601231 33.22057999346587 409.1892908807885 231.5454 -21.91001 420.3671
2956 262.0847757852686 33.24392331573471 408.3328288587622 232.2186 -21.90691 419.563
2957 262.6961020695883 33.262138071396805 407.48127606833987 232.8916 -21.90382 418.7591
2958 263.30395693703514 33.28082482576834 406.62750375950566 233.5644 -21.90072 417.9553
2959 263.8882809391566 33.31224144158381 405.75740739886766 234.2375 -21.89762 417.1513
2960 264.49494808374243 33.32133343374359 404.90188070556195 234.9109 -21.89458 416.3472
2961 265.06279327175065 33.338598904505616 404.0811456213386 235.5593 -21.89533 415.5883
2962 265.62474002233205 33.35321847516378 403.2737699459156 236.1975 -21.89377 414.8396
2963 266.17590006232064 33.38912627711851 402.4852801875937 236.823 -21.8926 414.1078
2964 266.71311736808235 33.395959764879194 401.7076075172271 237.4368 -21.89242 413.389
2965 267.2065058132532 33.399380035440714 400.9824204925078 238.0064 -21.88979 412.722
2966 267.610720596377 33.404002029743324 400.38497716567855 238.3941 -21.88674 412.1137
2967 268.0080850874336 33.404451632509634 399.7859919575935 238.7802 -21.88372 411.5074
2968 268.3853572295404 33.40351332309116 399.1749370494506 239.166 -21.8807 410.9017
2969 268.78687265334526 33.412551461797925 398.57897029996246 239.5523 -21.8777 410.2957
2970 269.17914525769856 33.42179103385756 397.97850378609013 239.9378 -21.87471 409.6908
2971 269.5673014605488 33.43503632511036 397.3746581397959 240.3239 -21.87172 409.0855
2972 269.9245930414598 33.43425924617319 396.75335404842156 240.7094 -21.86876 408.4813
2973 270.2830150329428 33.428935918471474 396.13250214997595 241.0951 -21.8658 407.877
2974 270.57559422360015 33.44404581838146 395.47965502260314 241.4802 -21.86286 407.2739
2975 270.8568871755587 33.449192745920215 394.8213869471086 241.8657 -21.85993 406.6707
2976 271.1475275744754 33.452071067054604 394.16763937970586 242.2512 -21.85702 406.068
2977 271.377551353923 33.47482899627674 393.49115056416923 242.6366 -21.85412 405.4659
2978 271.5552200033054 33.52441025577867 392.8000465619866 243.0226 -21.85123 404.8637
2979 271.72523335558634 33.56152558824477 392.10744227977193 243.408 -21.84837 404.2625
2980 271.8697819915146 33.579684442593255 391.34433063527945 243.7764 -21.83716 403.5786
2981 271.9404418499511 33.60843615281764 390.8475213196815 243.966 -21.83791 403.1131
2982 271.97795165889295 33.604338326040846 390.21779957720406 244.011 -21.82444 402.484
2983 271.9391168678086 33.606053303393566 389.6937743526642 244.0732 -21.81585 401.9623
2984 271.89663841027766 33.60722919687569 389.1845108437414 244.0922 -21.80229 401.4518
2985 271.72867871323643 33.630381062402066 388.5885820529514 244.0014 -21.78347 400.8392
2986 271.56948173055844 33.654379499354945 388.1149164854567 243.9346 -21.76626 400.3437
2987 271.3910360512816 33.68103447438365 387.52469158471666 243.7613 -21.74572 399.7517
2988 271.2109572060848 33.68766049846143 387.0691319050725 243.6168 -21.72614 399.284
2989 270.9711774383773 33.6826865206089 386.63516332159844 243.4311 -21.70597 398.8247
2990 270.6589102133216 33.68793253500914 386.10257956678714 243.1502 -21.68255 398.2754
2991 270.3499586348439 33.708291922747954 385.68782719055883 242.8901 -21.65624 397.8287
2992 270.03909467476615 33.72468313446777 385.25510805982486 242.5958 -21.63038 397.385
2993 269.6056019322451 33.74191638672218 384.8088147400246 242.2267 -21.60289 396.8846
2994 269.2255006370966 33.73733020515158 384.40949314686316 241.8736 -21.57671 396.462
2995 268.81901435664906 33.73297748637723 384.01744042585847 241.4917 -21.54843 396.0469
2996 268.39333154766166 33.751268359961166 383.56440471459933 241.061 -21.51127 395.5998
2997 267.9241913382125 33.75655908794459 383.21209579890825 240.6315 -21.47767 395.2015
2998 267.40865670464257 33.76335720396732 382.86046835215757 240.1694 -21.43638 394.7841
2999 266.90533435808464 33.77143902687686 382.53195899217843 239.7059 -21.39698 394.4034
3000 266.39247163174605 33.778124034861186 382.20076326424584 239.2216 -21.35682 394.0338
3001 265.82795978359223 33.77880670483432 381.8839403052362 238.7074 -21.30633 393.6438
3002 265.2687139199345 33.7860841226872 381.57726170462786 238.1753 -21.26486 393.2945
3003 264.6873542218927 33.796711641648756 381.2821199167809 237.6186 -21.22262 392.9576
3004 264.0591592342266 33.81204714597443 380.9991023735468 237.0248 -21.17762 392.6107
3005 263.435296197645 33.8282969759851 380.7250100505756 236.4194 -21.13375 392.3006
3006 262.77249387672055 33.843001114721446 380.50496966387095 235.7934 -21.08324 391.9948
3007 262.0954264464251 33.85897951744991 380.22724749140474 235.1318 -21.03338 391.6856
3008 261.3953979413294 33.87756337888369 380.01794939144276 234.4594 -20.98293 391.4036
3009 260.6853972790926 33.89128979270869 379.7933157225798 233.7646 -20.93953 391.1388
3010 259.93947086370605 33.89896315637151 379.60291929740697 233.0421 -20.89645 390.8764
3011 259.17251092893736 33.904025333578275 379.44676102730415 232.2968 -20.8493 390.642
3012 258.3847834647023 33.905470255410606 379.27567391969336 231.5269 -20.80401 390.4075
3013 257.58466294558986 33.89621859437878 379.0960502206351 230.7368 -20.75455 390.1934
3014 256.7611481553516 33.87969804410087 378.9484578249054 229.9283 -20.70711 389.9829
3015 255.91597007845544 33.86060354565151 378.827096972226 229.1019 -20.6562 389.7734
3016 255.0588357407067 33.83781699669466 378.70078253980176 228.2594 -20.60504 389.5766
3017 254.17983133359448 33.824973088318366 378.57776687740534 227.3933 -20.55167 389.3896
3018 253.27953273707624 33.78866396099188 378.44370930775693 226.5029 -20.49991 389.2043
3019 252.36032555480188 33.76652564543266 378.3696960985344 225.5961 -20.4467 389.0437
3020 251.42142584156662 33.74497222857885 378.3306057569057 224.6689 -20.39489 388.8983
3021 250.4672368489492 33.72556229350218 378.3074896394101 223.7259 -20.3426 388.759
3022 249.50482414387673 33.698621198323664 378.2235789576965 222.7697 -20.2934 388.6276
3023 248.522549396967 33.64253915925856 378.16157359843066 221.7934 -20.24699 388.499
3024 247.5221377294049 33.59120881705021 378.08719951776845 220.7978 -20.20494 388.3725
3025 246.5000031740436 33.56148077071731 378.03021682217155 219.7826 -20.16738 388.2427
3026 245.46167842454685 33.54134288828364 378.0126037964919 218.753 -20.1331 388.1101
3027 244.4124676241531 33.48778329383541 378.0058930752531 217.7107 -20.09684 387.9834
3028 243.35326154959156 33.46893966460486 377.98674284420053 216.6597 -20.06123 387.8539
3029 242.2854404457023 33.42276147390322 377.98003610190653 215.5989 -20.02189 387.7291
3030 241.21136487220033 33.3998043634221 377.9235396809161 214.5306 -19.98678 387.6072
3031 240.1312282756221 33.31964937500798 377.890833879219 213.4542 -19.95111 387.4877
3032 239.04490582221428 33.278180122298075 377.8624571774798 212.3743 -19.91528 387.3646
3033 237.94598082876445 33.24557370314761 377.84173755630945 211.2818 -19.87803 387.2455
3034 236.84592415584396 33.19580385986564 377.8683123782796 210.187 -19.84214 387.1296
3035 235.74331317193932 33.1721495725343 377.86820767097123 209.0903 -19.81323 387.0168
3036 234.63768067620296 33.13587271699405 377.88813746333966 207.9899 -19.77988 386.9066
3037 233.524990692392 33.10474851426034 377.91223148813754 206.8819 -19.75329 386.8005
3038 232.40755838343077 33.07351055685189 377.9046955869704 205.7692 -19.72236 386.6974
3039 231.2914282469223 33.060949966251584 377.908172646266 204.658 -19.69466 386.5955
3040 230.16766470450392 33.031809601024115 377.91398038641455 203.5387 -19.66376 386.4958
3041 229.03784989807335 32.99612214674496 377.8943037815942 202.4126 -19.63786 386.399
3042 227.9078126267765 32.979895383467976 377.8953832413717 201.2868 -19.60862 386.3043
3043 226.78253900522807 32.960973010509136 377.9061209016801 200.1657 -19.58025 386.2092
3044 225.65878588867145 32.940415822601395 377.9101508712221 199.0457 -19.55141 386.1196
3045 224.52854409201092 32.918621801582646 377.8966643657684 197.9189 -19.5267 386.0312
3046 223.40235001042544 32.89744315756644 377.920598453162 196.7958 -19.49713 385.9469
3047 222.27715664098324 32.876981489393984 377.94203421531085 195.6736 -19.46311 385.8666
3048 221.15683933685213 32.86765076378252 377.98461012544675 194.5558 -19.43016 385.7863
3049 220.02720334801634 32.845939004478225 378.0175355006891 193.4288 -19.39507 385.7071
3050 218.9138110539965 32.825590542867026 378.0392019223426 192.3184 -19.35928 385.628
3051 217.79990784668036 32.80908207141841 378.0583715624311 191.2072 -19.32368 385.5546
3052 216.69015737837768 32.766225048826534 378.0749872723607 190.0993 -19.28759 385.4845
3053 215.5827362266959 32.738246982484576 378.01824927264676 188.9927 -19.24749 385.4196
3054 214.47476694867402 32.72245266845589 378.06329437786326 187.8862 -19.20522 385.3584
3055 213.3748164515005 32.71407690260454 378.13737634877447 186.7861 -19.16163 385.3007
3056 212.27720804034152 32.69246566096782 378.1865855845735 185.6895 -19.11846 385.2438
3057 211.18664547707394 32.662745596015334 378.24479078140706 184.5992 -19.077 385.1879
3058 210.09671160246663 32.62732742438223 378.2471837297143 183.5108 -19.03621 385.1337
3059 209.01374109407797 32.59773629828212 378.2689433095924 182.4291 -18.9979 385.0824
3060 207.93359745461171 32.57178309273122 378.3403314853792 181.3482 -18.96222 385.0289
3061 206.85412099562032 32.54044415400168 378.36063320458254 180.2696 -18.92984 384.9816
3062 205.7758670660969 32.51767058671641 378.41918137364354 179.1914 -18.89174 384.9305
3063 204.7087611454097 32.48792925380296 378.44549409966675 178.1253 -18.85706 384.8803
3064 203.64278531375288 32.45758193553646 378.45433684797024 177.0607 -18.82032 384.8295
3065 202.5793586471351 32.42398085054117 378.44702440560843 175.9984 -18.78602 384.7805
3066 201.52124200606863 32.392661076711875 378.4975327817992 174.9402 -18.75404 384.7322
3067 200.466166348678 32.364265514758905 378.55410326211404 173.8847 -18.72164 384.6868
3068 199.41487304658185 32.34285163418722 378.59151478823367 172.8338 -18.68858 384.6469
3069 198.36784455721263 32.308792954182195 378.6293469064069 171.787 -18.6521 384.6052
3070 197.3229920636304 32.27591999007937 378.68105711609576 170.7419 -18.61307 384.5638
3071 196.2830888153608 32.24712543028554 378.7049241742408 169.7031 -18.57224 384.5188
3072 195.24780547632028 32.2331218224516 378.7665975596898 168.6675 -18.5301 384.4792
3073 194.22164344311656 32.22541156276317 378.8434381967688 167.64 -18.4897 384.4394
3074 193.20194009572683 32.200530444622274 378.86237289724517 166.6211 -18.45106 384.4059
3075 192.19198979143417 32.18144154469932 378.92650338265435 165.61 -18.41574 384.3758
3076 191.19419220886965 32.16268857668069 379.0150455919044 164.6091 -18.38192 384.3467
3077 190.2098472556423 32.16105866834988 379.08027322833766 163.6235 -18.34801 384.3215
3078 189.24139671187663 32.09616187983267 379.13907130245656 162.6519 -18.31433 384.3009
3079 188.28596403428574 32.0720400241751 379.19913114487315 161.6951 -18.27983 384.2813
3080 187.35200465381266 32.053830182279945 379.27099829581425 160.7589 -18.24832 384.2636
3081 186.43572092858403 32.021501234690284 379.3158342872593 159.8416 -18.21543 384.2531
3082 185.54205070560465 31.9988462848903 379.35087837819515 158.9475 -18.18488 384.2468
3083 184.66393265197237 31.95079908276812 379.3459218518693 158.0686 -18.15401 384.2443
3084 183.81001338698258 31.943382661107588 379.408120386169 157.2128 -18.1274 384.2441
3085 182.9863214694276 31.919438273501306 379.5549071555206 156.3762 -18.10128 384.2466
3086 182.17129787397357 31.8804460662556 379.60791344408426 155.559 -18.07348 384.2444
3087 181.3757651859842 31.839863933246797 379.70108653258524 154.7575 -18.04594 384.2381
3088 180.59657226616068 31.786319689702495 379.75587364493987 153.975 -18.02334 384.2242
3089 179.83472830582642 31.74686410927489 379.77366807314854 153.2125 -18.00096 384.2049
3090 179.08889424009357 31.703390059705697 379.8105804763004 152.4655 -17.97357 384.1773
3091 178.36499296589156 31.66155362402075 379.78887862711986 151.7415 -17.94639 384.1407
3092 177.65587392990625 31.628645477914276 379.8100658691076 151.0337 -17.91524 384.0914
3093 176.97096847617055 31.58325583253021 379.7782119268872 150.3495 -17.88945 384.0333
3094 176.3137486703756 31.544099258324803 379.7316138360752 149.6934 -17.8643 383.9659
3095 175.67468844648704 31.490793451829013 379.7190913428211 149.0594 -17.83684 383.8727
3096 175.078165201965 31.44502130170875 379.6286060848048 148.4628 -17.81261 383.7747
3097 174.51341868928645 31.40523667193522 379.5831021503466 147.9058 -17.77489 383.6702
3098 173.9591755303646 31.351762115161666 379.45175385204703 147.3608 -17.73562 383.5007
3099 173.4529837035456 31.31313188539231 379.3204841548217 146.8618 -17.70318 383.3429
3100 173.0052559720328 31.248227377466254 379.09719455881407 146.3906 -17.6722 383.1653
3101 172.48452077043981 31.2121754010385 378.9169808875304 145.917 -17.64045 382.8831
3102 172.03990313781728 31.181765805841813 378.7287623505021 145.493 -17.61047 382.6521
3103 171.6247319601124 31.14212953019415 378.5055147683071 145.0927 -17.58068 382.4018
3104 171.1765008964645 31.103838929485544 378.1691276890689 144.6826 -17.55212 382.019
3105 170.82012399367346 31.056607514163296 377.88266366591114 144.3429 -17.52752 381.7103
3106 170.50307653371524 31.01562948412638 377.56146489989806 144.0396 -17.50561 381.3743
3107 170.12803238960424 30.961620145743876 377.165541225138 143.7264 -17.47868 380.9254
3108 169.84889640967484 30.907902657712565 376.81306607454087 143.476 -17.45602 380.5488
3109 169.59590252587904 30.874462617493727 376.4432721145144 143.2571 -17.4299 380.1573
3110 169.33061686775355 30.819297433064012 375.9615243551841 143.0401 -17.40436 379.6496
3111 169.13336253159127 30.766734463797796 375.547426204105 142.8859 -17.38212 379.215
3112 168.94075422082645 30.726581929013534 375.11467508281856 142.7496 -17.3626 378.76
3113 168.75134194473213 30.66757789653037 374.60455324108324 142.611 -17.34196 378.2309
3114 168.60995586843958 30.614774278551973 374.1300112498338 142.5129 -17.31765 377.7433
3115 168.4703480697012 30.545690305436207 373.6060317180867 142.4206 -17.2946 377.205
3116 168.3829609795933 30.5063077807239 373.08830788897535 142.3618 -17.267 376.6825
3117 168.27284157409505 30.473165733561167 372.5522351296016 142.3178 -17.24139 376.1366
3118 168.1624221397981 30.44643705365714 371.9879471192735 142.2723 -17.21971 375.5632
3119 168.03739316235175 30.426820497210226 371.4258408503066 142.2304 -17.1996 374.9889
3120 167.9365152406578 30.38796140267102 370.84078394188975 142.1881 -17.17908 374.3958
3121 167.8366295877854 30.340676635182742 370.25231623545733 142.1618 -17.1552 373.7981
3122 167.767583958704 30.295927187899053 369.6492708373549 142.1497 -17.12791 373.1902
3123 167.68334092052524 30.25877358594781 369.0327593846791 142.1472 -17.10188 372.5674
3124 167.60331807585138 30.233397825951922 368.4019619376052 142.1404 -17.07609 371.9316
3125 167.5215162708257 30.208951276322495 367.7543717973115 142.1298 -17.04792 371.2791
3126 167.42106467602386 30.1901967706709 367.0899109312557 142.1229 -17.02105 370.6074
3127 167.3324904191424 30.145471244718383 366.4080713319025 142.121 -16.99702 369.9188
3128 167.23907097564032 30.1181396619228 365.71064639360617 142.119 -16.97384 369.215
3129 167.1414650503239 30.097057511221013 364.9969710492339 142.1176 -16.94631 368.4949
3130 167.05371652941002 30.068907638681747 364.26720188391283 142.1154 -16.91758 367.7599
3131 166.97167840148933 30.050067085845445 363.51987062969147 142.1175 -16.89146 367.0083
3132 166.9065250027908 30.015762293878993 362.7484121111137 142.1308 -16.86816 366.2338
3133 166.83246612302773 29.989188930829027 361.9602644224763 142.1534 -16.84168 365.4425
3134 166.7794484052433 29.948467905589293 361.1571044074704 142.1767 -16.81628 364.6373
3135 166.72236409514107 29.90121920482149 360.3369738213953 142.2044 -16.79386 363.8146
3136 166.66012674949408 29.869933309215018 359.4966609460668 142.2381 -16.77059 362.9724
3137 166.59882283917713 29.839961766820654 358.63643178309553 142.2697 -16.74593 362.1104
3138 166.53138196107767 29.816631462822517 357.7591211354475 142.2994 -16.72269 361.231
3139 166.47054655773547 29.79436403480063 356.85836760964287 142.3344 -16.69936 360.3289
3140 166.40714427177127 29.760031076624262 355.9427927746254 142.373 -16.67234 359.4117
3141 166.33083143826795 29.715094452295304 355.00853657655307 142.4153 -16.64202 358.4747
3142 166.2374767136963 29.692343119229808 354.0590731963515 142.4687 -16.61061 357.5224
3143 166.19950577801438 29.65496043483014 353.0855707960717 142.5268 -16.57859 356.5497
3144 166.16507324279507 29.59659386468444 352.094168895525 142.5825 -16.54547 355.5581
3145 166.11403316454798 29.526866384494422 351.0946143930996 142.6387 -16.51359 354.5569
3146 166.08764512115172 29.452517110214345 350.090387934486 142.6925 -16.47653 353.5517
3147 166.02916076898694 29.397778462164982 349.0791698813137 142.7397 -16.44204 352.539
3148 165.95145231424223 29.3602501075987 348.0533943819647 142.7868 -16.41262 351.5111
3149 165.8633309077508 29.325148149124477 347.022209824124 142.8356 -16.38823 350.477
3150 165.7775913822307 29.280139849176887 345.98700328067514 142.8919 -16.36326 349.4391
3151 165.69253055257877 29.245052814362655 344.94293858304053 142.9521 -16.33502 348.3931
3152 165.61699115748561 29.189318384205507 343.89110785374805 143.0093 -16.30742 347.339
3153 165.55033412259542 29.12114282298452 342.83607414080245 143.0645 -16.28715 346.2813
3154 165.46246145732934 29.064182228260066 341.7801335113409 143.1174 -16.26189 345.2218
3155 165.38719690732492 29.004744460096564 340.7194410160209 143.1694 -16.23887 344.1583
3156 165.325532139625 28.949704643505527 339.65359923835683 143.2271 -16.21907 343.091
3157 165.27488433077704 28.88359292943035 338.5887119834698 143.2881 -16.19864 342.0248
3158 165.23094552978213 28.819799459316606 337.51977064090795 143.3564 -16.17981 340.9554
3159 165.18228259397387 28.761802073730767 336.4520386185617 143.4252 -16.15917 339.8874
3160 165.11348698343122 28.703058913444416 335.39179074778355 143.492 -16.13849 338.8256
3161 165.06797109822338 28.634124487281664 334.3307865540202 143.5561 -16.11398 337.7636
3162 164.98933047718626 28.593300205257428 333.26946471729013 143.6162 -16.0925 336.7005
3163 164.9284383383975 28.542096074496293 332.19755693817547 143.6725 -16.06795 335.6274
3164 164.844712420995 28.495982240733735 331.1361363573071 143.7328 -16.04233 334.5637
3165 164.78307071936874 28.410238131298524 330.0776385855959 143.7959 -16.01395 333.5022
3166 164.70797252397676 28.344046892720197 329.0235583528411 143.8639 -15.97726 332.4462
3167 164.64257949753411 28.28474402387913 327.9720532437999 143.9354 -15.94901 331.3938
3168 164.5654885079178 28.228173018187515 326.91731703003126 144.0057 -15.91901 330.3375
3169 164.50685453984738 28.19023298020156 325.84811079912635 144.0831 -15.88074 329.2695
3170 164.4511355592823 28.126932183118914 324.7765843505991 144.158 -15.84408 328.1979
3171 164.39971792067377 28.058743111946125 323.7094611190028 144.23 -15.80246 327.1306
3172 164.3308437716324 28.012862596037607 322.641662611112 144.2916 -15.76302 326.0621
3173 164.28095043453663 27.965466927830185 321.5626019410621 144.3566 -15.72423 324.9835
3174 164.1930062972858 27.929121709904557 320.477068508202 144.4191 -15.68803 323.8962
3175 164.12610048925518 27.8665457155308 319.37804209729103 144.4784 -15.65682 322.7954
3176 164.07406178313798 27.79678390794915 318.2794243596914 144.534 -15.62183 321.6953
3177 164.00617119741628 27.73200485250111 317.1772621870754 144.5874 -15.58365 320.5911
3178 163.92016515358787 27.673937838932424 316.06930648743753 144.6423 -15.54565 319.4803
3179 163.8296827895517 27.615487161334134 314.95661534085343 144.698 -15.50891 318.3644
3180 163.76445082069765 27.50990080491606 313.8360812417838 144.7546 -15.47325 317.239
3181 163.66570632032747 27.466732018260956 312.71010001658277 144.8153 -15.43975 316.11
3182 163.56179943168806 27.418641437892443 311.57388504529735 144.8789 -15.40967 314.9702
3183 163.48530796823468 27.35905311214426 310.43867786933646 144.9419 -15.3796 313.833
3184 163.44119113526057 27.30880685631174 309.28245823344406 145.0151 -15.34786 312.6776
3185 163.35046870131615 27.286573385433826 308.1281528516876 145.0817 -15.31182 311.522
3186 163.26542338596292 27.21426596159136 306.9714472221977 145.1573 -15.27397 310.363
3187 163.20472353080643 27.09884191517512 305.81073730292724 145.2305 -15.23033 309.1981
3188 163.12397807216786 26.99883170868614 304.6482576807372 145.3018 -15.18478 308.0316
3189 163.0541933375057 26.92547808375005 303.4793694134435 145.3685 -15.13971 306.8611
3190 163.01787821736517 26.830896866922203 302.3088757359414 145.4357 -15.09515 305.689
3191 162.9822281508983 26.757475261366565 301.1279469332617 145.5038 -15.05207 304.508
3192 162.94836355894415 26.704016575828884 299.941156097119 145.5698 -15.01009 303.3221
3193 162.8932277123214 26.63745680738983 298.76459009890965 145.6403 -14.96594 302.1453
3194 162.80017594612718 26.5780847914604 297.5858163071529 145.7082 -14.9258 300.964
3195 162.72436419719492 26.512009914542208 296.40492628540494 145.7796 -14.89101 299.7815
3196 162.67333979372012 26.455070922901594 295.218593109446 145.8491 -14.86174 298.5951
3197 162.61667058289302 26.388239158567554 294.0323971609113 145.9238 -14.82799 297.4085
3198 162.5844232464146 26.32480780412504 292.84756776687874 145.9958 -14.79097 296.2243
3199 162.5549034453301 26.245301702249133 291.66955573416925 146.0741 -14.75456 295.0464
3200 162.501888624964 26.16734588517842 290.50670094228576 146.1525 -14.72282 293.8828
3201 162.43796837134573 26.11231540042577 289.3476114911108 146.2328 -14.69749 292.7237
3202 162.36080328925178 26.083827558026474 288.1824715667494 146.3117 -14.67747 291.5585
3203 162.2974387577273 26.030585071754047 287.0138060098427 146.3904 -14.65898 290.3897
3204 162.2703474186771 25.95028532420193 285.84600916278777 146.4665 -14.63779 289.2215
3205 162.1987519737476 25.898039249578503 284.68134014647814 146.5443 -14.60953 288.0564
3206 162.0956978019684 25.86038402605602 283.5280650206212 146.6136 -14.57882 286.9004
3207 162.0309972795752 25.792260688410334 282.3747419120042 146.6852 -14.54396 285.746
3208 161.99218010310855 25.718089508527374 281.2199755966893 146.7555 -14.50797 284.5909
3209 161.94024977284226 25.642605731396845 280.06522168771636 146.8261 -14.47298 283.4352
3210 161.8481083864937 25.599322328972665 278.9133073039203 146.8938 -14.44182 282.2812
3211 161.78441175947742 25.527955031018642 277.7713714920248 146.9629 -14.41352 281.1377
3212 161.71453288940899 25.489583144930602 276.62766055639645 147.0331 -14.39034 279.9936
3213 161.67868221387556 25.432662570282925 275.46781391474696 147.1037 -14.37177 278.8341
3214 161.62737359465808 25.383762564569412 274.3160921587941 147.1766 -14.34568 277.6828
3215 161.58465620872448 25.316912902105788 273.16607075987696 147.2446 -14.3102 276.5326
3216 161.51126199113943 25.234875657443368 272.0161978367619 147.3092 -14.2694 275.38
3217 161.42993918763105 25.14999439212047 270.8866684308469 147.372 -14.22198 274.2471
3218 161.33897800100013 25.061702081102908 269.7706209630653 147.4227 -14.18018 273.1258
3219 161.24382191114543 24.990036720705866 268.66454538143324 147.469 -14.14342 272.0149
3220 161.17565580603977 24.946372872611807 267.55045542057536 147.5236 -14.1179 270.8995
3221 161.08910098532618 24.922970372775982 266.4229513657655 147.5825 -14.09516 269.7702
3222 161.03852411352693 24.869235065318588 265.2935885457774 147.6441 -14.06534 268.6405
3223 160.9848837333071 24.798519454049906 264.1686141638324 147.7037 -14.03193 267.5141
3224 160.91921452765888 24.728224445853307 263.05564834959904 147.765 -13.98885 266.3995
3225 160.8752519960387 24.64413823169799 261.9448420001382 147.828 -13.94239 265.2874
3226 160.82583626891056 24.5598765055872 260.8477895310533 147.8896 -13.89624 264.1887
3227 160.7477272797357 24.4757639733376 259.7611736282944 147.9547 -13.84906 263.099
3228 160.71519311865154 24.389555028845713 258.67484363554263 148.0187 -13.81143 262.0113
3229 160.62486882113006 24.33024423388227 257.59447897628263 148.0798 -13.78074 260.9277
3230 160.57566562357874 24.261210552327775 256.52154411816605 148.1364 -13.7558 259.8532
3231 160.4901760042877 24.201882832637327 255.44822548478183 148.1916 -13.73319 258.7765
3232 160.42593810502908 24.149999518623 254.3784359464026 148.2468 -13.71001 257.7052
3233 160.3546571508117 24.082998455019272 253.30730356805634 148.3039 -13.68168 256.6315
3234 160.295408682835 24.01214616147885 252.24562165069955 148.3625 -13.64657 255.568
3235 160.2393425423393 23.92722694175394 251.20452084553648 148.4218 -13.60622 254.5244
3236 160.1888156686055 23.824033070273035 250.17931028164267 148.4836 -13.56624 253.4954
3237 160.15464904834363 23.721715503655375 249.17205165918207 148.5427 -13.52881 252.4848
3238 160.09626293466542 23.651463133748 248.176145902671 148.5947 -13.49617 251.4866
3239 160.0258860295526 23.598216832636197 247.19738157682715 148.6459 -13.4719 250.5055
3240 159.94234243969441 23.545346978778337 246.22523417095363 148.6994 -13.44786 249.5301
3241 159.87799840243963 23.498512499141427 245.26102130919185 148.7515 -13.42428 248.5643
3242 159.8147182875383 23.43916066626905 244.31885913345312 148.8029 -13.4025 247.6198
3243 159.74856813684238 23.38221705224802 243.39843889639556 148.8551 -13.37998 246.697
3244 159.69930918224912 23.328268322450874 242.50591584075744 148.9068 -13.36041 245.8032
3245 159.6441215163524 23.27839111131543 241.628280360081 148.9571 -13.34445 244.924
3246 159.58885078397674 23.229748789236062 240.7652201159234 149.012 -13.33483 244.0596
3247 159.53902605788238 23.192494542806102 239.91288738782217 149.0714 -13.32729 243.2071
3248 159.47528693011657 23.16361115332627 239.08342507294358 149.1209 -13.31957 242.3762
3249 159.45086978283317 23.115737718550786 238.27229372719168 149.1775 -13.31184 241.5653
3250 159.44548199579643 23.08499957141175 237.47801923121355 149.2399 -13.30447 240.7729
3251 159.42540995018692 23.053053547486424 236.69788999484285 149.3001 -13.29094 239.9943
3252 159.40897580746937 22.992139936491064 235.945090346232 149.3541 -13.28784 239.2408
3253 159.3962736031576 22.950639818706172 235.21960271551083 149.4097 -13.27893 238.5162
3254 159.37395114031034 22.907170976521453 234.518806086658 149.468 -13.26869 237.8162
3255 159.35886948434614 22.86381833863489 233.84324191136326 149.5185 -13.25514 237.1411
3256 159.3364464695544 22.82153779415057 233.18725294928714 149.573 -13.24552 236.4857
3257 159.3151754709635 22.782689894603955 232.55012570028603 149.6281 -13.23521 235.8495
3258 159.30243764059873 22.738136260631432 231.94041279122354 149.6884 -13.2247 235.2411
3259 159.30412922431887 22.690618259069666 231.3527545128235 149.7405 -13.21549 234.6539
3260 159.30772296145332 22.640765068961862 230.78440682294567 149.7885 -13.20388 234.0855
3261 159.29305190874808 22.612729679478566 230.23465988048122 149.8316 -13.19032 233.5367
3262 159.25467940724135 22.572544323760294 229.70726602271085 149.8633 -13.17359 233.0076
3263 159.2025186802854 22.53304377809304 229.2021123499979 149.8883 -13.16085 232.499
3264 159.1818091462849 22.490781662062943 228.70979247110802 149.9063 -13.14923 232.0049
3265 159.10869504744605 22.4551749905881 228.23409053302342 149.9055 -13.13525 231.5225
3266 159.03482500941175 22.435337938649425 227.78345058933093 149.8867 -13.11875 231.0661
3267 158.93622608568165 22.4108596048621 227.34601929699548 149.8387 -13.10236 230.6199
3268 158.83866942543514 22.390696913987348 226.92894826043428 149.7894 -13.0907 230.1941
3269 158.7083006172406 22.375832757639134 226.52491267090537 149.7286 -13.08007 229.7738
3270 158.5694239389413 22.34401196837933 226.10868941831677 149.6351 -13.06755 229.3441
3271 158.4088794821625 22.340045585958496 225.7226831675797 149.5269 -13.05107 228.9406
3272 158.23247441673217 22.330344607521535 225.35329242282845 149.399 -13.03179 228.5521
3273 158.03076487077928 22.326919900317556 224.97119981710043 149.2413 -13.01446 228.1502
3274 157.82864582223553 22.30836881087999 224.62335633606844 149.0871 -12.99856 227.7785
3275 157.60829443452712 22.290135221872703 224.25856093071513 148.9062 -12.98572 227.3924
3276 157.3724464227505 22.267573110618 223.93485402535669 148.7161 -12.96801 227.0396
3277 157.12334721954406 22.262467305254983 223.6214602784288 148.5087 -12.94524 226.6979
3278 156.8242310016304 22.236181540474544 223.29626522488257 148.257 -12.91843 226.3348
3279 156.54459783626405 22.21085019604843 222.98956707389897 148.0007 -12.89513 226.0082
3280 156.20857139487921 22.184384099637192 222.66972241577417 147.6976 -12.86996 225.6569
3281 155.890126364914 22.14788721778661 222.38017971960375 147.3972 -12.84664 225.3474
3282 155.56167192300938 22.11250095958645 222.09043242759967 147.0757 -12.82167 225.0489
3283 155.15392728362627 22.086719989146044 221.817294633222 146.7034 -12.78496 224.7302
3284 154.7708329310977 22.069895485021338 221.56621513760032 146.3321 -12.75356 224.4633
3285 154.34878235570034 22.038255510639022 221.37146530749038 145.9376 -12.72341 224.2173
3286 153.8764862369472 22.01400537967782 221.17548592117885 145.5026 -12.69426 223.949
3287 153.42426348324256 21.98596028269052 220.96725749260395 145.0547 -12.66419 223.7319
3288 152.92520348051198 21.946106169013625 220.752340810614 144.5644 -12.63282 223.4964
3289 152.41864592559003 21.942031931895155 220.5923100428118 144.068 -12.59687 223.3106
3290 151.8869736463848 21.927877543081173 220.49731043385478 143.5569 -12.5613 223.1391
3291 151.3155284735477 21.921299428982042 220.43835920608063 143.0108 -12.52742 222.9639
3292 150.75886963968688 21.882295711311546 220.34648851656226 142.4641 -12.49939 222.8219
3293 150.18724960017542 21.834961939883303 220.29578124872748 141.9041 -12.47404 222.6903
3294 149.58871857076517 21.812073055160067 220.24884644405967 141.3166 -12.44205 222.5687
3295 148.98784865797393 21.782839260336512 220.18850755492122 140.7198 -12.40933 222.4776
3296 148.3606790394632 21.7329303359264 220.1698387445333 140.0954 -12.37499 222.406
3297 147.71707385829143 21.687193537297567 220.1497519299523 139.4545 -12.3457 222.3345
3298 147.05441474215817 21.662079207857836 220.1533642370045 138.7945 -12.32055 222.2751
3299 146.38092797121794 21.620098267251784 220.16354353434318 138.1225 -12.29664 222.2177
3300 145.68251081265637 21.57280962664524 220.15556456220702 137.425 -12.26601 222.1663
3301 144.96563165141123 21.509755032102856 220.15695376324732 136.7075 -12.23195 222.1224
3302 144.2263639566136 21.45709266845169 220.1731814859224 135.9678 -12.19954 222.0857
3303 143.46660590313132 21.38016270357004 220.1873129958255 135.2055 -12.16821 222.0501
3304 142.68530893452714 21.310108731213873 220.19687497297434 134.423 -12.12915 222.0102
3305 141.88865660348227 21.22842601181064 220.26137471554438 133.621 -12.09125 221.9811
3306 141.08240134397306 21.14188465961978 220.367914066841 132.804 -12.0594 221.9615
3307 140.26854283428 21.072289284064574 220.43322432561786 131.9851 -12.0348 221.945
3308 139.4240257136031 20.98750821313283 220.45532483455312 131.1365 -12.01166 221.9299
3309 138.56002766029107 20.914269610690326 220.51878703578544 130.2674 -11.99076 221.9193
3310 137.67279957303126 20.78828415473084 220.5967495791247 129.3683 -11.97037 221.9012
3311 136.7595778191258 20.702295683548623 220.65348356027852 128.4498 -11.94131 221.8912
3312 135.8232431129681 20.626836322212995 220.720923961607 127.5087 -11.90638 221.8825
3313 134.8706517293671 20.53327747663388 220.7758533818022 126.5508 -11.86811 221.8697
3314 133.91395743712906 20.444095391034775 220.83301041905267 125.5892 -11.82662 221.8603
3315 132.95439179285646 20.352974902489333 220.91541577930863 124.6227 -11.78537 221.8543
3316 131.988719657102 20.24784873245428 220.99186356214838 123.649 -11.7492 221.85
3317 131.0032040226265 20.163881571108107 221.04783114579993 122.6588 -11.72068 221.8393
3318 130.01452306596914 20.06599120071385 221.10568625298254 121.664 -11.69407 221.8301
3319 129.02149526166778 19.946358913887224 221.13843983954928 120.6638 -11.66561 221.8134
3320 128.02921186517867 19.84405123133129 221.20469616560186 119.6649 -11.63207 221.7898
3321 127.02870712741206 19.73478887189512 221.27183860312815 118.6572 -11.59609 221.7633
3322 126.02864465779055 19.597116124281182 221.3392162983907 117.6466 -11.55591 221.737
3323 125.03540722798749 19.469031177669887 221.40750921595728 116.6441 -11.51182 221.7117
3324 124.03667220525003 19.371735359300995 221.42818234067204 115.6416 -11.47092 221.6855
3325 123.03620170319802 19.256528477687233 221.4715691929728 114.6347 -11.43302 221.657
3326 122.03212198331114 19.154624245285312 221.51477207633036 113.6256 -11.39936 221.6252
3327 121.03689328917748 19.055542698725798 221.5388077665501 112.6273 -11.36389 221.5703
3328 120.04595864374518 18.94545632297849 221.59012032209665 111.6312 -11.32789 221.5138
3329 119.0679670261031 18.833513844416032 221.6410423381121 110.6494 -11.29377 221.4332
3330 118.09602825884282 18.716164772816832 221.6757966787233 109.6735 -11.25746 221.3561
3331 117.12905718945642 18.598457088657305 221.7130796461409 108.702 -11.2272 221.2816
3332 116.15754463648067 18.49157481290566 221.69787448449688 107.7265 -11.19992 221.2255
3333 115.1893822127418 18.392356058083156 221.72760804888964 106.7549 -11.17585 221.1665
3334 114.21111879025014 18.27772411916581 221.7279791215332 105.7727 -11.15208 221.0968
3335 113.2332836693492 18.170736578975458 221.7767442994436 104.7898 -11.12958 221.0386
3336 112.2640082972601 18.059944923295358 221.81167052158622 103.8159 -11.10241 220.9772
3337 111.30425904989485 17.952836205060915 221.83723464996893 102.8522 -11.06971 220.9184
3338 110.35005751548557 17.847058288119694 221.88792619185216 101.8926 -11.03993 220.868
3339 109.39864731140106 17.727368455773533 221.9365993723191 100.9339 -11.01296 220.8228
3340 108.45114496653972 17.593414868251017 221.97808434395978 99.978 -10.99036 220.7665
3341 107.50547540721317 17.470007765456018 221.9790309393412 99.02616 -10.96553 220.7126
3342 106.56310289401279 17.339210834283325 222.02965217164686 98.07546 -10.93903 220.656
3343 105.62691818458181 17.213350588994352 222.077721324785 97.13185 -10.91126 220.5975
3344 104.69467345123795 17.086587085947606 222.10673311976421 96.19303 -10.88028 220.5371
3345 103.75957192552039 16.972956060554715 222.12570933563535 95.25302 -10.84018 220.4875
3346 102.83817598294989 16.837744470496638 222.1159701658277 94.32411 -10.8047 220.4308
3347 101.91787729426277 16.710352375421834 222.15081774986376 93.39619 -10.7682 220.3858
3348 101.01426750651638 16.596311326916286 222.17969616298942 92.48691 -10.72514 220.3445
3349 100.12368368691497 16.516802996371094 222.21801663973568 91.59378 -10.68222 220.307
3350 99.26396078555989 16.413122288087195 222.25462853555226 90.72871 -10.65304 220.2621
3351 98.41615552049669 16.305803001287707 222.28128883022313 89.87537 -10.61699 220.2232
3352 97.59502283539345 16.19372636479595 222.30465898015453 89.04787 -10.58572 220.1828
3353 96.78685595503545 16.095067216280018 222.35050540647666 88.23404 -10.54672 220.1492
3354 96.01502966434056 16.000422792169886 222.359040743435 87.4584 -10.51504 220.1031
3355 95.2770034675649 15.904739016363386 222.4184348544243 86.71465 -10.49284 220.0422
3356 94.5639526970039 15.81340798449478 222.4414145894132 85.99798 -10.47093 219.9855
3357 93.8782949429723 15.73364487783607 222.47484325903181 85.3089 -10.44371 219.9404
3358 93.22164613756392 15.642168035381335 222.50177310400403 84.6474 -10.41398 219.8978
3359 92.59379639669287 15.594720999684764 222.57759986307846 84.01524 -10.38697 219.8549
3360 91.98771465728927 15.516410423354802 222.61658279775975 83.40474 -10.36095 219.8149
3361 91.43829968499249 15.426712767395863 222.6466694464861 82.84858 -10.33884 219.7832
3362 90.9148662175188 15.372159443280946 222.69513134550462 82.32202 -10.32295 219.7409
3363 90.41069351812976 15.317128587448716 222.76030209122015 81.81146 -10.30473 219.7194
3364 89.93078407343135 15.256066872403547 222.81722891745346 81.32495 -10.29169 219.6989
3365 89.46194560162843 15.212609194759928 222.87033245887312 80.85138 -10.27763 219.6917
3366 89.00330768547366 15.139460302472902 222.8962037542094 80.38656 -10.26264 219.6824
3367 88.56088459878609 15.124563553790363 223.01947031798292 79.92744 -10.24653 219.6926
3368 88.11239300586675 15.075941389455256 223.1185450333044 79.46687 -10.23212 219.7241
3369 87.65824820766302 15.01990067863276 223.20287185640947 79.00373 -10.22017 219.7672
3370 87.21547482840622 14.987446508640103 223.318348089339 78.55048 -10.20609 219.8365
3371 86.76385399610827 14.914137162395349 223.38899690098964 78.09421 -10.1865 219.9124
3372 86.35111011165354 14.896497740506165 223.5524009435976 77.6607 -10.16712 220.0076
3373 85.91398765896807 14.861359226465757 223.6492672261177 77.22736 -10.15005 220.1243
3374 85.49528514690168 14.80257235198948 223.7977616148285 76.7946 -10.13374 220.2395
3375 85.08602470522965 14.75179688381173 223.9910032529755 76.37158 -10.10898 220.4064
3376 84.63560869842331 14.767768480700452 224.0317342314249 75.95662 -10.08059 220.5847
3377 84.26341186282657 14.724471272529602 224.27471847255256 75.54616 -10.04834 220.7577
3378 83.85767695488012 14.691541101563965 224.44233430925615 75.15586 -10.02786 220.9603
3379 83.50833825955515 14.65058158181697 224.71305596371093 74.7603 -10.00949 221.1608
3380 83.13983266591505 14.639440509227168 224.99345684770827 74.38263 -9.995573 221.4286
3381 82.7862917494055 14.60268824677927 225.31081772753208 74.01104 -9.980201 221.7265
3382 82.43515810190713 14.573070310846155 225.6346158314202 73.63107 -9.966355 222.0171
3383 82.10499705195552 14.523294639889905 226.00033206126471 73.26896 -9.954741 222.3547
3384 81.79064761668792 14.469006606711933 226.3849335848051 72.92347 -9.946438 222.7156
3385 81.5187911794953 14.41925131678823 226.78655057349775 72.5837 -9.937283 223.0651
3386 81.2635866229973 14.381548162332004 227.21916473740214 72.27192 -9.928401 223.4606
3387 81.01427532489163 14.324923479447204 227.65518731148063 71.97887 -9.92386 223.8724
3388 80.76506663900234 14.277884042004677 228.12224265223955 71.67867 -9.947983 224.3103
3389 80.56041439803711 14.215264578688792 228.6227911579869 71.4238 -9.968415 224.7909
3390 80.38939696522553 14.171194140746069 229.12556244433395 71.18452 -9.986514 225.2667
3391 80.24840803229584 14.118245305456616 229.65242680090864 70.97076 -10.0079 225.7708
3392 80.07873079835018 14.05069468878761 230.1629049573151 70.76482 -10.02861 226.2719
3393 79.94512584025065 13.991809562597725 230.6678816427025 70.55968 -10.0523 226.7553
3394 79.84164022722793 13.935932428951855 231.1659494135257 70.38559 -10.06762 227.2363
3395 79.7694009669375 13.881235047175679 231.66970636950697 70.23832 -10.08151 227.7263
3396 79.72479996756562 13.82100877606135 232.16790665013983 70.10643 -10.09299 228.2124
3397 79.67845739610671 13.760178071201063 232.6755632851962 69.98684 -10.10913 228.7114
3398 79.65382152440179 13.691353679404466 233.1892024832907 69.87704 -10.12546 229.2182
3399 79.60290535710995 13.618971300976707 233.6902280676688 69.78035 -10.14303 229.7174
3400 79.59586340357286 13.550916694127974 234.20766996757354 69.71657 -10.16163 230.2351
3401 79.61233542120247 13.486553639385596 234.72551058226054 69.66177 -10.17931 230.754
3402 79.63624215994676 13.42466908740104 235.24363116143905 69.61108 -10.19653 231.2736
3403 79.67088811434368 13.343940327733359 235.77080936898034 69.56616 -10.21306 231.8059
3404 79.70992106973866 13.264574698165982 236.3021288009951 69.5331 -10.23146 232.3432
3405 79.75764445712525 13.184960964075605 236.8369628426758 69.50733 -10.25272 232.885
3406 79.79697668473837 13.116077410395102 237.37299218254753 69.4779 -10.27264 233.4257
3407 79.83990105572126 13.03925969310412 237.90874189014045 69.44334 -10.29147 233.9672
3408 79.88624469807554 12.959030671372123 238.44352856292247 69.41371 -10.30773 234.5089
3409 79.94039795956229 12.880551570812855 238.98247305760233 69.39643 -10.32016 235.0558
3410 80.02113389537327 12.796718332271837 239.5160123410524 69.37884 -10.33077 235.6015
3411 80.04862483908136 12.731470633068275 240.05605632163426 69.34388 -10.34321 236.1449
3412 80.0703220743777 12.650710469663313 240.5977358348035 69.29189 -10.35888 236.6903
3413 80.1027048498281 12.559190849811003 241.13450906768327 69.2301 -10.376 237.232
3414 80.07855577030755 12.45959146341887 241.67190578519148 69.16533 -10.38807 237.7751
3415 80.05926125302668 12.374869788749008 242.21259411227464 69.08473 -10.40131 238.3166
3416 80.02115270029242 12.300388606582414 242.74793099883448 68.97871 -10.41441 238.8478
3417 79.96810532751465 12.23058776828754 243.28578177462148 68.85058 -10.43138 239.3772
3418 79.93190124758642 12.128110925146482 243.81485765473357 68.70774 -10.44887 239.8978
3419 79.82318655815239 12.061934318790525 244.30210784988228 68.5751 -10.43437 240.3834
3420 79.73442150169265 11.997866858585677 244.76299407477362 68.41101 -10.4137 240.8273
3421 79.5918060633593 11.9317479124852 245.23913134669792 68.21683 -10.40046 241.2894
3422 79.41554067815744 11.874869361509878 245.66935226136684 67.9883 -10.33695 241.6933
3423 79.18949149448076 11.829645684847629 246.10724955769126 67.72742 -10.29006 242.1112
3424 78.9538891729415 11.758573273224826 246.52068518362523 67.4447 -10.23506 242.4966
3425 78.66698786780373 11.694970168039882 246.87963533256107 67.12537 -10.19844 242.8311
3426 78.38555130868615 11.634357873281326 247.2627086397963 66.8031 -10.15367 243.1829
3427 78.07044566234991 11.585569365837818 247.63848712213456 66.45921 -10.11992 243.5343
3428 77.74299668163226 11.538886297440147 247.96509311680083 66.08635 -10.06972 243.8073
3429 77.35651619703042 11.501028160449998 248.26288029749458 65.70179 -10.03379 244.1078
3430 76.97497948598843 11.431808961218058 248.5522358902951 65.2972 -10.00031 244.371
3431 76.59140955191197 11.38821765390365 248.81633034598886 64.86954 -9.961987 244.5565
3432 76.19388697957443 11.349646541799268 249.08163193648195 64.44825 -9.923632 244.7822
3433 75.77627902981489 11.294387390626138 249.30822790381865 64.01807 -9.878884 244.9865
3434 75.35185237742829 11.30294556983237 249.53841725265252 63.55563 -9.838486 245.1196
3435 74.87916528263781 11.219288590478204 249.66621011638077 63.0808 -9.79865 245.26
3436 74.39753092055385 11.142632514137782 249.7930614567168 62.58919 -9.766015 245.3658
3437 73.90758342516641 11.089287314091093 249.9204254100142 62.08369 -9.729817 245.4135
3438 73.41559968480857 11.048690349702648 250.03937359785215 61.58075 -9.695895 245.4747
3439 72.91532634101127 10.981630740391624 250.14542422152266 61.06677 -9.663459 245.5028
3440 72.41707655287212 10.950211724090193 250.29439411398062 60.54783 -9.629494 245.5341
3441 71.89453782543296 10.904089503009759 250.34702535350485 60.02194 -9.593959 245.5451
3442 71.36012137104709 10.860426381407576 250.41007358411093 59.48324 -9.559976 245.5337
3443 70.81785011024263 10.817922281206734 250.48066653894813 58.93583 -9.528225 245.5202
3444 70.25785426772809 10.767566845646519 250.51667004766557 58.37363 -9.496583 245.5013
3445 69.67203983874629 10.711444865203365 250.58262045507018 57.78293 -9.482206 245.462
3446 69.06721631572057 10.63917193810496 250.58462497979613 57.17641 -9.44036 245.4243
3447 68.45568204644121 10.605242217166676 250.68638244418563 56.55779 -9.402285 245.3877
3448 67.81753851911422 10.542720229029825 250.754121568708 55.91578 -9.362804 245.3431
3449 67.15940578390986 10.497705002822961 250.78933363895308 55.25735 -9.324777 245.3053
3450 66.47815628610105 10.451129873339566 250.82639125665625 54.5757 -9.285086 245.2676
3451 65.78243852108132 10.405840827471836 250.88995774235667 53.87733 -9.249048 245.2345
3452 65.0677520336804 10.356771342492639 250.9576543002558 53.15948 -9.212307 245.2012
3453 64.33738351260445 10.306213196429672 251.0551908498819 52.42232 -9.177032 245.1719
3454 63.583078006457626 10.257911797010951 251.12567418049804 51.66476 -9.13911 245.1412
3455 62.808698175821064 10.196858021878747 251.1946014504379 50.88664 -9.096874 245.1114
3456 62.01314130245402 10.128672228741156 251.24782240685172 50.08793 -9.057067 245.0819
3457 61.19871033596243 10.05649836082765 251.32089980031196 49.26867 -9.011002 245.0587
3458 60.36498230622561 10.022940626307328 251.36782461964026 48.43438 -8.96818 245.0351
3459 59.518849665414706 9.951034107218112 251.45868218955482 47.58164 -8.929268 245.0089
3460 58.65063795261437 9.91314258906211 251.54113128543884 46.70967 -8.895416 244.9855
3461 57.76388575829166 9.857213336530673 251.60391877096808 45.82014 -8.854608 244.9638
3462 56.86660608260222 9.810940043216984 251.69417644718743 44.91897 -8.803572 244.9376
3463 55.95717711681552 9.754542450326044 251.78574931991838 44.00529 -8.749626 244.9075
3464 55.025617883438635 9.692124068646942 251.87510940124548 43.06932 -8.707462 244.8643
3465 54.08394537538466 9.615043746080902 251.95702447468986 42.12282 -8.671159 244.8172
3466 53.12634845834886 9.523788426360731 252.05264942904407 41.15791 -8.634776 244.7715
3467 52.145311335307255 9.441204749183605 252.1324526575947 40.17207 -8.596479 244.7238
3468 51.140324785841976 9.356259242677613 252.17159666584936 39.16472 -8.559737 244.6724
3469 50.11652761608381 9.261658803618817 252.23294663232036 38.13727 -8.510418 244.6196
3470 49.08731529393341 9.183923520237144 252.3377368152351 37.10263 -8.453846 244.5684
3471 48.04738922373922 9.083429421056152 252.42802141315312 36.05706 -8.397715 244.5107
3472 46.990745770892175 8.987337737982742 252.48684088750915 34.99762 -8.342557 244.4496
3473 45.92094022159596 8.892280129909292 252.5631956056562 33.92407 -8.289686 244.386
3474 44.840859449386954 8.79201237594061 252.63627673268232 32.8401 -8.240889 244.3182
3475 43.760713916285034 8.706008473994048 252.73525299094092 31.75524 -8.195062 244.2483
3476 42.68388304496849 8.631561577850652 252.81548356627354 30.67633 -8.137184 244.1839
3477 41.60259268298452 8.562155015156913 252.84799451088523 29.59544 -8.086906 244.119
3478 40.53299587519328 8.481429221424307 252.99387805215346 28.51574 -8.039974 244.0567
3479 39.45636135382165 8.407050450404846 253.05090227357246 27.43854 -7.979478 243.9942
3480 38.37963755664468 8.317294252259371 253.15108650691892 26.35603 -7.92951 243.9385
3481 37.31339880043473 8.22244405637425 253.28571477264478 25.27991 -7.868716 243.891
3482 36.25141045125174 8.11008313813616 253.40060585312193 24.20857 -7.813927 243.8374
3483 35.187867159059074 8.006653679163238 253.52201615265406 23.13628 -7.757005 243.7781
3484 34.11927630129083 7.9030718175293755 253.57581551141905 22.06412 -7.706868 243.7192
3485 33.053263940882 7.801958850428788 253.6569797707986 20.99349 -7.661799 243.6491
3486 31.98564312764095 7.692537371872586 253.67354950507635 19.92389 -7.612126 243.5746
3487 30.934546765475865 7.576584391348905 253.7186379212819 18.86942 -7.563301 243.4972
3488 29.883887250695206 7.479078497819757 253.78857822174518 17.81625 -7.51355 243.4157
3489 28.840316683191908 7.386763180655033 253.83002523469614 16.77167 -7.476025 243.3337
3490 27.79991422513851 7.300122214283993 253.89670342489117 15.72923 -7.44571 243.2513
3491 26.764700757379114 7.199303673853825 253.87436615970446 14.6927 -7.414939 243.1677
3492 25.734019543314133 7.132963365138053 253.93384324447644 13.66194 -7.392199 243.0825
3493 24.718927228623798 7.057025708638523 253.98896487255394 12.64677 -7.360999 242.9949
3494 23.717020790276553 6.982909742530288 254.01546438370258 11.64596 -7.332324 242.9079
3495 22.736629144147003 6.915561947165153 254.06709212508056 10.66639 -7.304335 242.8183
3496 21.768183240149213 6.864836538890462 254.15334717466152 9.697182 -7.281012 242.7289
3497 20.81847257870225 6.807090340282244 254.19383088809317 8.749169 -7.25431 242.6424
3498 19.88258948313329 6.7347851983582165 254.20928606287572 7.814747 -7.229902 242.5552
3499 18.97104019849201 6.69851992982453 254.26303543744046 6.904974 -7.200265 242.4742
3500 18.077497041237336 6.6585165994115805 254.33641886832356 6.011306 -7.16886 242.3982
3501 17.205877998915344 6.63019638001676 254.4119800234238 5.139292 -7.146637 242.3252
3502 16.360946318251546 6.5851810084402675 254.439435568227 4.29605 -7.127999 242.2525
3503 15.538330357865553 6.537986359130951 254.47467768932887 3.474518 -7.110408 242.1822
3504 14.744753258199347 6.51246437841446 254.54929734895452 2.679849 -7.089124 242.1187
3505 13.978849182425863 6.474548145853581 254.64273561541384 1.910133 -7.073093 242.055
3506 13.236147895123297 6.45321190043103 254.69373339363358 1.168286 -7.052345 241.9926
3507 12.520581683927901 6.399283751550316 254.76225661420898 0.4503087 -7.034578 241.9307
3508 11.832584740806796 6.365758833318757 254.7911264686396 -0.2363936 -7.012744 241.8736
3509 11.180170897140572 6.378812826965993 254.9186029358479 -0.8987715 -6.989223 241.821
3510 10.550683991977616 6.341591350641865 254.96501583258836 -1.528966 -6.964258 241.776
3511 9.952485541218607 6.29709178370944 254.98595536881353 -2.127276 -6.941613 241.7339
3512 9.384563814367114 6.294965521721124 255.04268128379036 -2.696521 -6.920228 241.6984
3513 8.853128195836126 6.251899292558539 255.06143714693454 -3.228819 -6.897384 241.6707
3514 8.373438858740226 6.253633344088723 255.20366894959054 -3.728376 -6.87652 241.6522
3515 7.945798951073954 6.259629837925636 255.38005969670283 -4.190561 -6.860267 241.6401
3516 7.528786835062212 6.261331921921645 255.4759120840256 -4.6183 -6.851022 241.6335
3517 7.136972034568325 6.249281120331934 255.53876662928664 -5.015158 -6.841571 241.6281
3518 6.772222846943908 6.232815183918244 255.60673004976664 -5.386511 -6.836364 241.6295
3519 6.434121393946156 6.25795259668243 255.64567591694566 -5.727634 -6.828673 241.6356
3520 6.1191001278643755 6.259946691864398 255.65883712789417 -6.042761 -6.828111 241.6461
3521 5.8442809283811386 6.259045934150623 255.73249101941343 -6.326933 -6.826022 241.66
3522 5.590757130509794 6.248337593277361 255.82027817773758 -6.59491 -6.821755 241.6763
3523 5.343134282123168 6.244682269085876 255.86084186526654 -6.84525 -6.815427 241.6926
3524 5.108279363634084 6.251479746698547 255.90029950264622 -7.082572 -6.808075 241.7122
3525 4.884341821574262 6.224848491600868 255.9656333042586 -7.316062 -6.80387 241.7365
3526 4.659018852917225 6.220461547746771 256.0115230332314 -7.544603 -6.799465 241.7619
3527 4.43373692280491 6.2169797311956305 256.06847922063344 -7.774661 -6.788214 241.7928
3528 4.218522050135796 6.2035248150877385 256.1415028897863 -7.99983 -6.777323 241.8246
3529 4.000344401016527 6.182514206529286 256.2129016697324 -8.225849 -6.762931 241.8676
3530 3.786536756492357 6.178019876466362 256.29213364983076 -8.447696 -6.75517 241.9199
3531 3.5818601766311335 6.152330032277681 256.3864324918272 -8.668434 -6.750084 241.9718
3532 3.390932612099455 6.141826607886458 256.50241844228265 -8.884203 -6.748442 242.0306
3533 3.189470729212549 6.1082070665008 256.58624754104125 -9.09555 -6.745895 242.0944
3534 2.980597829681924 6.087230333632775 256.66665008916533 -9.310473 -6.737931 242.1598
3535 2.7562907515942783 6.077389231639042 256.7646842706753 -9.536865 -6.731274 242.2532
3536 2.5243631944039397 6.057231236973891 256.88763956425305 -9.780101 -6.722858 242.3536
3537 2.287138647237903 6.049998237789718 257.0605151012202 -10.04028 -6.717894 242.4896
3538 2.094593632314212 6.041466371432996 257.31238074121404 -10.31625 -6.710409 242.6457
3539 1.8355564251604883 6.0485874026633555 257.5055282927212 -10.60398 -6.704932 242.7928
3540 1.5579123461377091 6.0338134976935 257.72538093551753 -10.90063 -6.698509 242.9867
3541 1.2847503556567634 6.029938910145506 257.9781989331993 -11.20097 -6.692741 243.2065
3542 0.988984676622704 6.012967334313688 258.19345199143606 -11.49833 -6.68981 243.4202
3543 0.6016100717149544 5.959370772076717 258.2830511845682 -11.78884 -6.688949 243.6969
3544 0.3651214296749872 5.9295106204274 258.5841358520134 -12.0709 -6.68842 243.9575
3545 0.1087278168230773 5.901349031185693 258.91902137496135 -12.34428 -6.68759 244.2799
3546 -0.11525810721049076 5.827907568465731 259.2868194774977 -12.60568 -6.684619 244.6299
3547 -0.3288465001436678 5.79106507430984 259.6353499099962 -12.85639 -6.678676 244.9548
3548 -0.5595651836429005 5.780047785631893 260.0496890576561 -13.09955 -6.675619 245.3621
3549 -0.7653121468498536 5.757196352865102 260.50198814408856 -13.32519 -6.676025 245.8054
3550 -0.8870484283358946 5.7381373380504685 260.95329464710534 -13.5269 -6.678304 246.2275
3551 -1.0163251914207048 5.7043835567063335 261.4722038193429 -13.71079 -6.687935 246.7307
3552 -1.118526168070992 5.691722264666373 261.97069510355914 -13.87609 -6.693307 247.2121
3553 -1.251084326752122 5.686696205963272 262.5250235755953 -14.02343 -6.696054 247.7627
3554 -1.292834728112388 5.66708532551594 263.11161937140645 -14.15234 -6.699757 248.3368
3555 -1.3243630524837549 5.643767030398889 263.68802074229666 -14.26228 -6.70909 248.9039
3556 -1.343739856645028 5.60848075885192 264.32351207811547 -14.34841 -6.72104 249.5347
3557 -1.2721089302930373 5.562124508925378 264.97023787643167 -14.41196 -6.733875 250.1838
3558 -1.2508250612531984 5.535757326186517 265.63041640861377 -14.45672 -6.746994 250.8432
3559 -1.2615328479829964 5.486368343620403 266.3237337717949 -14.4879 -6.761766 251.5375
3560 -1.2113474703912404 5.460183719744274 267.0395954318923 -14.51196 -6.778409 252.255
3561 -1.169466533566098 5.394077843852408 267.77507878912354 -14.53435 -6.795428 252.9941
3562 -1.104460222793709 5.36623218117917 268.5360750793583 -14.55485 -6.812917 253.7579
3563 -1.02113825085576 5.32201985401059 269.3165653346387 -14.57516 -6.830954 254.5436
3564 -0.9281331579963311 5.293408160088512 270.1178590814464 -14.59703 -6.852364 255.3502
3565 -0.8025452123118928 5.248942828139919 270.93943014343824 -14.61988 -6.874307 256.1819
3566 -0.7368165947213187 5.186113813324211 271.78769202073966 -14.64407 -6.896091 257.0344
3567 -0.6465244077070186 5.138033513020605 272.6585870226904 -14.66709 -6.918247 257.9107
3568 -0.5181483574807806 5.100110529660156 273.54352934854296 -14.68821 -6.939815 258.8052
3569 -0.3828279393636601 5.045380651486865 274.4447165784101 -14.71049 -6.961615 259.7176
3570 -0.3163097935901368 4.990192208919519 275.37327200573463 -14.73599 -6.981897 260.6496
3571 -0.19892692712347254 4.950290949137573 276.31691701098646 -14.76705 -7.0036 261.6006
3572 -0.19975822586452952 4.947701525835515 277.29347054195665 -14.80748 -7.028589 262.576
3573 -0.11351559646483153 4.890521740346772 278.28916324971823 -14.84952 -7.051911 263.5759
3574 -0.07920149056445028 4.823732099627987 279.3196777274204 -14.89391 -7.076486 264.6079
3575 0.031426944109969754 4.769432550895154 280.3686533895775 -14.92906 -7.097279 265.6633
3576 0.059289655987649216 4.696653567260583 281.4327645601217 -14.95748 -7.110536 266.7298
3577 0.200762842482047 4.646332244936475 282.50095435089094 -14.98774 -7.122595 267.808
3578 0.27077704663303565 4.572612081122332 283.59084469627675 -15.02077 -7.139046 268.902
3579 0.38041726341264503 4.493599601163075 284.6972480355325 -15.05963 -7.166925 270.0156
3580 0.4341794891974052 4.412039113257444 285.83237932101235 -15.09872 -7.199147 271.1538
3581 0.5430247102889766 4.352489951188035 286.98063043382143 -15.14305 -7.232552 272.3074
3582 0.6586698403547372 4.240953349758134 288.14031998755314 -15.18271 -7.258803 273.4772
3583 0.7567488779847594 4.17037408159856 289.31178170129056 -15.22418 -7.27739 274.654
3584 0.8553798035206538 4.109147539714357 290.4835183334024 -15.26136 -7.291634 275.8308
3585 0.9640376201920493 4.049166262054073 291.66850611357376 -15.30315 -7.309677 277.0214
3586 1.1093577229109002 3.9667859058823263 292.8561950054574 -15.34577 -7.332706 278.2198
3587 1.1714569737904863 3.8787776036034876 294.0663444592415 -15.39143 -7.362888 279.4335
3588 1.3843791019133016 3.796647419746869 295.2713063836426 -15.44023 -7.394637 280.6585
3589 1.477038116359552 3.7037594248592765 296.499297348671 -15.49104 -7.427375 281.892
3590 1.5890517500330323 3.6178297035072307 297.7292564168353 -15.54177 -7.458635 283.1286
3591 1.7362209003547768 3.5541433579643233 298.943064025029 -15.59058 -7.489167 284.3516
3592 1.9718722311426469 3.4238532409592928 300.1462530836967 -15.64569 -7.52495 285.5828
3593 2.140303893480903 3.2956639177454807 301.37119044387146 -15.70314 -7.562304 286.824
3594 2.2273793271567652 3.2149699957421523 302.6118999785756 -15.76449 -7.603002 288.0682
3595 2.3253510789923904 3.1444119670643484 303.85693916846975 -15.82556 -7.641323 289.317
3596 2.3958661733817928 3.0790971615765867 305.103874362162 -15.88743 -7.676762 290.5656
3597 2.517755213414592 2.9802802614337254 306.3418728655516 -15.9468 -7.707939 291.8117
3598 2.6382122981624345 2.887559761386094 307.5772108483081 -15.99936 -7.737233 293.0549
3599 2.7297635423266535 2.8192319475348535 308.8203681279402 -16.05246 -7.771299 294.3017
3600 2.805868792012778 2.7560078207604812 310.0597382141613 -16.09994 -7.813183 295.5434
3601 2.8281193131660385 2.717251181502721 311.308429919156 -16.14863 -7.859032 296.7911
3602 2.9645952844440333 2.6021572087273244 312.55835081690253 -16.20391 -7.906555 298.0516
3603 3.088057153343828 2.4836611459830644 313.8056259515664 -16.26006 -7.954308 299.3084
3604 3.2316298500475322 2.4147303428868514 315.0595155835144 -16.31526 -8.000839 300.5703
3605 3.350765025171932 2.3228556629915493 316.3187864177161 -16.37063 -8.040366 301.8367
3606 3.443929971160166 2.2575693817714857 317.58449301710016 -16.42531 -8.077115 303.1058
3607 3.5693590823934054 2.1419568193738256 318.8384601575273 -16.48034 -8.109685 304.3697
3608 3.6604621231025827 2.066528137685429 320.09471519308187 -16.53456 -8.143183 305.6299
3609 3.7613576777583635 1.9697791055155378 321.35217147231936 -16.59014 -8.181496 306.8933
3610 3.821473826980574 1.8701084236045435 322.61624844137265 -16.6472 -8.224857 308.1607
3611 3.9345860724464723 1.7737077317354255 323.8794581642935 -16.70249 -8.2705 309.4306
3612 4.065610686178766 1.6380591041899843 325.14269510508575 -16.75668 -8.315321 310.7059
3613 4.196520033159714 1.5628032964459784 326.4108955838346 -16.8065 -8.353996 311.9815
3614 4.283192207260947 1.4899189197091067 327.68500713492426 -16.85845 -8.38898 313.2591
3615 4.396889278826518 1.4036669056970763 328.95550416459264 -16.91025 -8.4224 314.5361
3616 4.473152025396716 1.3415850368102356 330.232948409576 -16.96357 -8.45494 315.8158
3617 4.56499046430396 1.293513643214307 331.50813302916356 -17.01429 -8.486316 317.0938
3618 4.684685575042868 1.1840958988686368 332.7768220051496 -17.06216 -8.514715 318.3716
3619 4.838766534180275 1.1189073613575673 334.03816036133696 -17.10889 -8.543556 319.6428
3620 4.977328630396746 1.0169062123344716 335.30029372881995 -17.16005 -8.574624 320.9152
3621 5.10176015694508 0.9374827903239265 336.5612264566594 -17.2117 -8.606204 322.1833
3622 5.158472837385709 0.8625598719211226 337.8291325805898 -17.25927 -8.641599 323.4533
3623 5.235580077196156 0.7741795981227919 339.0976714737642 -17.31098 -8.680667 324.7256
3624 5.329872081666974 0.6776027557792013 340.3620331767004 -17.3596 -8.713173 325.9958
3625 5.425400347718998 0.5741564619692077 341.6222663000562 -17.40874 -8.741762 327.2626
3626 5.544603016362111 0.4812408163589559 342.87779269350443 -17.45799 -8.765928 328.526
3627 5.722339397905714 0.41115594475818285 344.1160470559229 -17.50324 -8.787718 329.7779
3628 5.7614091713548365 0.3520336189434021 345.3725635108019 -17.55187 -8.813935 331.0352
3629 5.825534386510249 0.27041150082035714 346.62075828899737 -17.60106 -8.842975 332.2864
3630 5.963168501966641 0.15660020406246516 347.8607041127226 -17.65295 -8.873266 333.5377
3631 5.962127415274223 0.10623410541263176 349.11210635819015 -17.70297 -8.901412 334.7888
3632 6.069993188905695 0.012331541096424897 350.35206275191445 -17.75287 -8.927774 336.0357
3633 6.234855981296864 -0.07826781243629045 351.5777380698977 -17.80347 -8.954791 337.2744
3634 6.368477094157692 -0.14657555535088285 352.79752627515984 -17.85329 -8.980762 338.5021
3635 6.416977576326774 -0.23425084341337257 354.01176098239256 -17.90716 -9.010778 339.7189
3636 6.507452755666629 -0.3304895427255567 355.21597306885985 -17.96551 -9.049782 340.9283
3637 6.522819056635182 -0.40174386857282673 356.4116603371732 -18.02521 -9.09124 342.124
3638 6.621825152861936 -0.5338362887086717 357.5832730059543 -18.08204 -9.126276 343.3053
3639 6.610780805977563 -0.5998552865403239 358.7453399855007 -18.13902 -9.160291 344.4674
3640 6.722372980743885 -0.6817064108902714 359.87707684513265 -18.19339 -9.189315 345.6059
3641 6.750596356494222 -0.758652651367717 360.99679389262167 -18.24881 -9.217085 346.7269
3642 6.812856386539181 -0.8368123523709394 362.0947608617727 -18.30956 -9.247842 347.8273
3643 6.96315184900227 -0.9161840198715135 363.1746949780859 -18.37352 -9.282638 348.9181
3644 7.06433179189085 -1.028578616568993 364.2469661617919 -18.43736 -9.318634 349.9985
3645 7.135124222399039 -1.1126694114268507 365.3143701747729 -18.49843 -9.351679 351.0693
3646 7.198411896518634 -1.1952010120756669 366.36390057738146 -18.55833 -9.386278 352.1217
3647 7.287383247212586 -1.2837611221549534 367.395256224486 -18.60997 -9.417944 353.1589
3648 7.353651755206508 -1.3586544133755545 368.4108890145136 -18.65783 -9.450543 354.1778
3649 7.414865079048707 -1.4472612083105396 369.40821111036604 -18.70101 -9.481883 355.1795
3650 7.448112347418065 -1.5295421384449925 370.3863162472624 -18.74328 -9.516554 356.1601
3651 7.553813248760064 -1.6043818881185494 371.3321863219874 -18.77927 -9.54796 357.1136
3652 7.544524722833069 -1.6751591101454586 372.2688410043166 -18.81665 -9.582259 358.0516
3653 7.5865963723271 -1.7528016694357993 373.18040915231853 -18.84448 -9.609743 358.9666
3654 7.57736299463337 -1.8126196459238448 374.07657949962373 -18.87016 -9.638001 359.864
3655 7.7014917218081935 -1.8939893816552738 374.9373669872262 -18.8963 -9.667497 360.7366
3656 7.725579820406305 -1.9469837034241888 375.7826606702093 -18.92083 -9.687682 361.5833
3657 7.809641631775304 -2.0029178378647647 376.5961253159006 -18.9462 -9.710378 362.4023
3658 7.918638248090777 -2.0715735943587155 377.37785413598914 -18.96398 -9.726873 363.1942
3659 8.041972742757912 -2.142134080413372 378.1346044165189 -18.9779 -9.742016 363.9639
3660 8.058757538738899 -2.1929540182172453 378.8803557999668 -18.99092 -9.761579 364.7112
3661 8.216697100049759 -2.2605139935036482 379.584052094307 -19.00849 -9.780495 365.4351
3662 8.317273661465466 -2.311872523387839 380.26292218537225 -19.02819 -9.797774 366.1228
3663 8.318804816988212 -2.3920112342529394 380.92019718720377 -19.05061 -9.812531 366.7844
3664 8.392350640305379 -2.44568640399033 381.54578936742286 -19.07614 -9.827076 367.4159
3665 8.317867903683155 -2.5059650677195537 382.14259442945337 -19.10983 -9.842937 368.0192
3666 8.367399998276909 -2.567100917340725 382.71938865975153 -19.15077 -9.86144 368.5996
3667 8.432819705010484 -2.628591632821808 383.27793791878287 -19.19069 -9.882918 369.1635
3668 8.3695066045133 -2.6760581798250795 383.8234321775217 -19.23495 -9.901782 369.7126
3669 8.375568176589315 -2.7156498008705077 384.344907748331 -19.28863 -9.91789 370.2326
3670 8.342210051265203 -2.7637272184585377 384.8710392943857 -19.36721 -9.928671 370.756
3671 8.24388908368812 -2.805106368475333 385.3880336976123 -19.46935 -9.943388 371.2737
3672 8.205108610185286 -2.853513349927524 385.87480883419033 -19.60077 -9.956625 371.7463
3673 8.129265763716305 -2.895641094875859 386.39211818906904 -19.76475 -9.968575 372.2444
3674 8.072431509515019 -2.923129762694732 386.91906553256734 -19.95933 -9.981102 372.738
3675 7.930392771420679 -2.9601610209506006 387.3486724560085 -20.18106 -9.992426 373.134
3676 7.73145046420353 -2.9995285786803185 387.83272829914387 -20.44152 -10.0033 373.5895
3677 7.477986643990748 -2.996694780367216 388.30193366530057 -20.73791 -10.00991 374.0328
3678 7.274799236970879 -3.011425114614148 388.69700766264975 -21.04624 -10.00255 374.3529
3679 6.984591213228775 -3.048780866925942 389.12410636707875 -21.38775 -10.0013 374.742
3680 6.646282624897674 -3.0710389620635614 389.51637381261975 -21.74853 -9.994063 375.1143
3681 6.305401988506126 -3.0817333219418126 389.80798115100487 -22.12778 -9.981493 375.3538
3682 5.910233064137411 -3.0933648753760647 390.15096230617667 -22.5484 -9.966478 375.6649
3683 5.472282040280501 -3.1283332532147634 390.45863782732675 -22.99937 -9.945359 375.9545
3684 5.071855994886283 -3.145242142529146 390.72286333718733 -23.45704 -9.928836 376.0984
3685 4.614222747649666 -3.152087284450126 390.9958608137173 -23.93364 -9.900892 376.3352
3686 4.143613337482944 -3.1612634510815156 391.25162394985006 -24.43257 -9.880766 376.5292
3687 3.678913106201238 -3.1713962685980057 391.4432459687959 -24.93449 -9.871383 376.5567
3688 3.152851160228078 -3.1558099823556494 391.56425643818216 -25.46406 -9.842394 376.6584
3689 2.6250046115946257 -3.139608361284957 391.6579091139283 -25.99906 -9.809242 376.6402
3690 2.069877430989574 -3.1323426190913524 391.70507581942957 -26.55504 -9.7888 376.6704
3691 1.5014065392577398 -3.15392774728808 391.77129867602247 -27.1276 -9.784421 376.6575
3692 0.9238141334457669 -3.17929258304542 391.78587833323127 -27.70081 -9.774028 376.5814
3693 0.34459729937694095 -3.184172444867242 391.794487631917 -28.27676 -9.75649 376.5217
3694 -0.2385361529290556 -3.1834297199312234 391.78446756897574 -28.85234 -9.73498 376.4301
3695 -0.8396024517307982 -3.1697760335865284 391.7727685460273 -29.44552 -9.710442 376.3345
3696 -1.4593639728164485 -3.1526456093479958 391.7684948273905 -30.05628 -9.68216 376.2316
3697 -2.098609563262627 -3.140570449324715 391.75106744300524 -30.68482 -9.658371 376.1156
3698 -2.7477784382154455 -3.1183340093531453 391.75047489693134 -31.32405 -9.63633 376.0024
3699 -3.4110131812331517 -3.130299483995259 391.75608587463597 -31.97597 -9.61539 375.8815
3700 -4.083503032266889 -3.1186368768510038 391.749428018209 -32.63815 -9.585791 375.7672
3701 -4.78130940588229 -3.1045070909246344 391.70172267162854 -33.32757 -9.55724 375.6519
3702 -5.504472655891963 -3.089870745506632 391.7078593480278 -34.04157 -9.532153 375.5388
3703 -6.255374725885176 -3.078085987594832 391.7219220223761 -34.78313 -9.517546 375.4202
3704 -7.017077565815994 -3.0681055980918672 391.7385088295032 -35.53523 -9.501098 375.2992
3705 -7.804297132288233 -3.0630547696077226 391.74246829901915 -36.3124 -9.4849 375.1747
3706 -8.605463282268602 -3.0437153746403123 391.73230792363785 -37.10423 -9.46332 375.0527
3707 -9.423783725669233 -3.0368833210714903 391.76128709107905 -37.91338 -9.443687 374.9285
3708 -10.258390622577746 -3.0154052678011727 391.73377048597547 -38.74067 -9.419001 374.8155
3709 -11.108577315995138 -2.976463304283413 391.83049366518986 -39.58997 -9.392673 374.7074
3710 -11.982925715993586 -2.9296612138188576 391.891636196453 -40.46144 -9.365232 374.6064
3711 -12.874101437517096 -2.892078002287126 391.94169704381864 -41.34951 -9.336701 374.5135
3712 -13.778939794988753 -2.849090602667655 391.9832533307786 -42.25178 -9.304159 374.4289
3713 -14.692742989363397 -2.8027544668584277 392.0546394131052 -43.16492 -9.2727 374.3425
3714 -15.62151753519086 -2.7522498639118465 392.1670003059467 -44.09779 -9.243094 374.2608
3715 -16.57449237804209 -2.7126041492570416 392.2596166900595 -45.05263 -9.211296 374.1861
3716 -17.54678599879125 -2.6814064680705467 392.36082864713484 -46.02671 -9.169842 374.1085
3717 -18.529123452158796 -2.644716475273752 392.4625268215574 -47.01136 -9.119413 374.0407
3718 -19.526227640856508 -2.6122140746737728 392.552524195256 -48.00886 -9.069119 373.9643
3719 -20.535730049564254 -2.577940392430368 392.630403398017 -49.0185 -9.024967 373.8935
3720 -21.55647330077293 -2.5416857633953933 392.7180879484544 -50.04015 -8.976937 373.8239
3721 -22.59195855303524 -2.4976392335059954 392.80557906286555 -51.07674 -8.927044 373.7545
3722 -23.636355387489537 -2.4502573597008777 392.92048808948005 -52.12515 -8.879053 373.6856
3723 -24.692549328212227 -2.404225957888766 393.03745355050097 -53.18568 -8.832441 373.6189
3724 -25.75597703164823 -2.362124896357706 393.1510198435097 -54.25307 -8.787266 373.5542
3725 -26.828708769140984 -2.318622632431461 393.2489125588566 -55.32812 -8.742463 373.4872
3726 -27.89938806434014 -2.2673710171874575 393.3887488696906 -56.40627 -8.699294 373.4219
3727 -28.974449396353545 -2.2124017782554217 393.52438251073045 -57.48887 -8.659593 373.3621
3728 -30.04876539840176 -2.162637045211581 393.66468011558936 -58.57119 -8.617614 373.3061
3729 -31.123072962860736 -2.110444381747203 393.80104261977453 -59.65341 -8.582225 373.2513
3730 -32.209700013479804 -2.075507349470486 393.92614609663485 -60.74575 -8.543403 373.1973
3731 -33.30340372489361 -2.025390052336834 394.03968062875435 -61.8444 -8.506757 373.1406
3732 -34.39613132962023 -1.9791524947849197 394.16582338504656 -62.94306 -8.464322 373.0836
3733 -35.48608960089644 -1.9471094444802943 394.251001609398 -64.03405 -8.415622 373.0231
3734 -36.573335907566104 -1.8966930678919587 394.39624879239585 -65.12951 -8.36828 372.9642
3735 -37.654521181365354 -1.8289953093343325 394.53567184365306 -66.21957 -8.326584 372.9093
3736 -38.73687818073717 -1.7769415179280845 394.66100826827096 -67.30807 -8.286409 372.8504
3737 -39.82287720933022 -1.7425449137776314 394.78612812038796 -68.39938 -8.242833 372.7923
3738 -40.90863870319339 -1.703424481393335 394.87274691360875 -69.48687 -8.202328 372.732
3739 -41.987280951629714 -1.6654095633034187 394.986635952918 -70.56942 -8.15745 372.6691
3740 -43.06585302181229 -1.611992795026157 395.0460401687435 -71.6481 -8.116213 372.6024
3741 -44.1429808579681 -1.5488074597054473 395.11337661782295 -72.72612 -8.074099 372.5329
3742 -45.22042730141894 -1.4910111691968018 395.20159249020156 -73.80592 -8.03482 372.4658
3743 -46.29331678667881 -1.4491045794871946 395.27707606488286 -74.87976 -7.995837 372.4034
3744 -47.36114424074722 -1.4030592191348417 395.3631601715676 -75.94999 -7.958251 372.3488
3745 -48.42041931815632 -1.3515050975947251 395.49327925676306 -77.01652 -7.920701 372.2963
3746 -49.4777384441359 -1.309639028945746 395.5718551839264 -78.07571 -7.882137 372.2465
3747 -50.5310852880877 -1.2653747966028512 395.66485080823645 -79.13236 -7.845224 372.1988
3748 -51.569195275389916 -1.2082040267661271 395.8351390876206 -80.18446 -7.809958 372.1566
3749 -52.611681927494345 -1.150493382692374 395.95603899018727 -81.23435 -7.776644 372.1199
3750 -53.64466049137438 -1.091987261850011 396.09226780925366 -82.27667 -7.73871 372.0859
3751 -54.653326159851765 -1.0041088023427762 396.28758726443067 -83.30662 -7.696401 372.0596
3752 -55.66084153108899 -0.9616098587142695 396.4157872265022 -84.32209 -7.655593 372.0376
3753 -56.63082746304233 -0.8926018909731492 396.6358824073258 -85.31838 -7.620704 372.0213
3754 -57.60122895728699 -0.8503398443146183 396.73965166298893 -86.29444 -7.583183 372.0098
3755 -58.540114386513665 -0.781386475090467 396.9434503712833 -87.25699 -7.547871 372.0031
3756 -59.47763496865765 -0.7410905658074729 397.06658789096116 -88.20287 -7.51582 371.9992
3757 -60.39264729408608 -0.6989253062834133 397.19169263379393 -89.12695 -7.488594 371.9958
3758 -61.27393676136256 -0.6282845671984542 397.4064184667019 -90.03634 -7.460881 371.9926
3759 -62.157744222071344 -0.608096123250422 397.5228658853526 -90.92745 -7.429303 371.9896
3760 -63.020107991813234 -0.5613564713231484 397.71063819127187 -91.81075 -7.399767 371.9848
3761 -63.87634725177918 -0.5272457185601647 397.88810733807736 -92.68534 -7.37024 371.9798
3762 -64.73278207166334 -0.4820961866384896 398.0393425258519 -93.55555 -7.337048 371.9749
3763 -65.60432843046308 -0.46583577071815047 398.1370295962398 -94.43191 -7.30202 371.962
3764 -66.46847343578986 -0.45269600458285375 398.25709979618404 -95.3032 -7.26387 371.9349
3765 -67.33020015620161 -0.4382780572653106 398.35893329080886 -96.16931 -7.227268 371.8941
3766 -68.18096605277063 -0.4207978873149502 398.48322678271245 -97.02694 -7.193924 371.8401
3767 -69.03555310079375 -0.39312373377192306 398.50161074422175 -97.87921 -7.164166 371.7755
3768 -69.89220404375406 -0.3854531109798931 398.5747658318927 -98.7352 -7.136757 371.6994
3769 -70.75477629225712 -0.3683544115046739 398.624829733754 -99.59406 -7.113516 371.6064
3770 -71.62755938458578 -0.34316985653243476 398.6315198697783 -100.4613 -7.090644 371.5074
3771 -72.50780342971987 -0.3132826170741289 398.6273621717977 -101.3359 -7.068917 371.4057
3772 -73.38928755740399 -0.2556869087957802 398.69643217102214 -102.2157 -7.049875 371.3023
3773 -74.2875968212025 -0.22067885308641666 398.72988343236125 -103.1086 -7.033049 371.1939
3774 -75.19068740598868 -0.1894670365085088 398.74177557873674 -104.0061 -7.012862 371.0901
3775 -76.10020315930144 -0.14579242248698113 398.7692787688415 -104.9115 -6.992092 370.9916
3776 -77.02476487613977 -0.09822666225899368 398.8203892002116 -105.8331 -6.96882 370.8926
3777 -77.96778857258872 -0.06405388324274858 398.82162713358576 -106.7711 -6.945607 370.7922
3778 -78.93911634820411 -0.009072595180869628 398.8482420070599 -107.7376 -6.905404 370.6851
3779 -79.91214669867617 0.0381735648842766 398.89696251817446 -108.7068 -6.862932 370.5839
3780 -80.8885010331735 0.08911830071189329 398.9912973281635 -109.6822 -6.817108 370.4778
3781 -81.86991852112169 0.1824532484687339 399.09111140769454 -110.6676 -6.764922 370.3877
3782 -82.87917371466035 0.3058527411739947 399.2312057713188 -111.6894 -6.71712 370.3035
3783 -83.91773819350755 0.4027412739622013 399.37739136509236 -112.7391 -6.673776 370.2285
3784 -84.97367764674698 0.4728109549282168 399.4517722612329 -113.797 -6.626579 370.1647
3785 -86.0373513579125 0.5303836350185056 399.5243278618612 -114.8615 -6.574629 370.1005
3786 -87.10350011969275 0.5965704552948153 399.62522837524483 -115.9316 -6.529774 370.0364
3787 -88.20390779285248 0.6461019335755701 399.74578543340175 -117.0364 -6.486705 369.9626
3788 -89.32266308007432 0.7174605015950818 399.86112717338915 -118.1603 -6.449135 369.8888
3789 -90.42428500929937 0.843446430200141 400.0714848696233 -119.2866 -6.410174 369.8286
3790 -91.51332078747144 1.0185030321635347 400.3070383694616 -120.4129 -6.37032 369.784
3791 -92.6442522015132 1.113765061955907 400.4484302986843 -121.5557 -6.338214 369.7516
3792 -93.80154391630273 1.2101060266601156 400.6232442169181 -122.7295 -6.313111 369.7246
3793 -94.96322938346091 1.3442807095831433 400.8405869074898 -123.9184 -6.285628 369.7019
3794 -96.1330291403904 1.4324738902731275 401.0271040975619 -125.1055 -6.247853 369.6828
3795 -97.30061572567323 1.5125353914866044 401.20706092840464 -126.2887 -6.203627 369.6712
3796 -98.47419451021717 1.5704273652380465 401.3473718692446 -127.4712 -6.159301 369.6638
3797 -99.64883788847061 1.6340634221146906 401.49213447496334 -128.6559 -6.123569 369.6624
3798 -100.81052900592309 1.7241092959851687 401.7039297248317 -129.8397 -6.090263 369.6623
3799 -101.98069441595273 1.794651559108584 401.90222085753436 -131.028 -6.051368 369.6587
3800 -103.14264448239697 1.8756762284390152 402.1237543612646 -132.2129 -6.009283 369.6554
3801 -104.2975425225749 1.9546083547363295 402.3155012993897 -133.3856 -5.970026 369.6509
3802 -105.4543165271 2.0057298541562973 402.4777676881242 -134.5543 -5.935395 369.6476
3803 -106.60551643377676 2.0473644756103546 402.6609560365657 -135.7203 -5.903866 369.646
3804 -107.76532248995647 2.0975983592797127 402.83863995422905 -136.8944 -5.87957 369.634
3805 -108.9319348486157 2.131603330926213 402.9887742897285 -138.0705 -5.850333 369.6092
3806 -110.0879196176113 2.1624484526069887 403.14814928086446 -139.2367 -5.819392 369.5683
3807 -111.23654816042192 2.2353288619892493 403.3164863842996 -140.3981 -5.78416 369.5144
3808 -112.38540617299616 2.282790645517979 403.4530333027861 -141.5541 -5.75159 369.4563
3809 -113.53230624694545 2.342863473933078 403.58444528354204 -142.7082 -5.719895 369.3988
3810 -114.68368302544863 2.3863932983656526 403.6757729369523 -143.8621 -5.687958 369.3405
3811 -115.83690650453714 2.455690209082362 403.810539646269 -145.0234 -5.651594 369.2862
3812 -116.98822099177245 2.517583500922994 403.91138144555424 -146.1786 -5.60957 369.229
3813 -118.13351390811103 2.5767682017191063 404.0166839679611 -147.3276 -5.563013 369.1664
3814 -119.26747627560265 2.6318815016674217 404.1337556563643 -148.466 -5.517301 369.0988
3815 -120.39266864966065 2.724642131162051 404.22642821207194 -149.5961 -5.476203 369.0322
3816 -121.52357648362656 2.80418881751857 404.374695598928 -150.737 -5.432874 368.9711
3817 -122.6592383756418 2.876218929518714 404.5193518572735 -151.8818 -5.397091 368.9079
3818 -123.80044208354252 2.954662869718363 404.64240509648533 -153.0299 -5.35511 368.8467
3819 -124.92043916596148 3.0230616768981786 404.7887739973841 -154.1586 -5.306809 368.7819
3820 -126.04306680234465 3.0968978958219417 404.9181233243545 -155.2876 -5.257637 368.7083
3821 -127.16664716424418 3.1645337698095086 405.02571581156246 -156.4144 -5.210757 368.6264
3822 -128.28219130809237 3.235257120367667 405.1434778360515 -157.5339 -5.161697 368.5391
3823 -129.39378530181602 3.2982812878758145 405.2450365611929 -158.6476 -5.117612 368.4516
3824 -130.50470815719757 3.303621394736077 405.288201338796 -159.7555 -5.077488 368.368
3825 -131.6081196573908 3.386792983546824 405.3948589973907 -160.8631 -5.037247 368.2819
3826 -132.72038797075766 3.4572695590720404 405.4761719175892 -161.9767 -4.99885 368.1974
3827 -133.83098580077956 3.505655497016242 405.5227787694872 -163.0853 -4.955172 368.1135
3828 -134.92865711374006 3.5772826718961372 405.627431041905 -164.1857 -4.907712 368.025
3829 -136.0191258055303 3.5843166050086332 405.59513504886894 -165.2717 -4.855746 367.9349
3830 -137.10162378591608 3.6234022755399584 405.64148921700706 -166.3509 -4.813324 367.84
3831 -138.17871853491707 3.694530514398586 405.7653074265211 -167.4328 -4.77256 367.7486
3832 -139.24809082435573 3.7656934321811715 405.9324909502587 -168.513 -4.733896 367.6578
3833 -140.3153738498292 3.8370494327613427 406.0405973886115 -169.5842 -4.69586 367.5744
3834 -141.37152532637828 3.895552807579775 406.139673494949 -170.6424 -4.656983 367.4884
3835 -142.42548969910177 3.9568903835600713 406.2501612662465 -171.7 -4.623281 367.4038
3836 -143.49346175754178 4.022690192911874 406.3676291759776 -172.7727 -4.592437 367.3198
3837 -144.56031580758153 4.076330831660344 406.4707700418085 -173.8414 -4.561133 367.2271
3838 -145.61334020826678 4.136312834591459 406.59979290064285 -174.8995 -4.524537 367.1366
3839 -146.66993510781325 4.220465414828969 406.6791411375022 -175.9578 -4.488888 367.0444
3840 -147.7368563893848 4.299064210551273 406.7149329204931 -177.0237 -4.457455 366.9514
3841 -148.80699891027672 4.391273406902121 406.79854847713375 -178.0974 -4.42987 366.8671
3842 -149.8689875129098 4.48244688649761 406.9564191036126 -179.172 -4.398167 366.7944
3843 -150.93539668467258 4.565118014810052 407.0626946104789 -180.2445 -4.366461 366.7304
3844 -152.00274096757838 4.632221241059381 407.157751531659 -181.3162 -4.334028 366.6741
3845 -153.0728898197642 4.700276003237422 407.2894476643249 -182.3951 -4.306321 366.6251
3846 -154.14252290951325 4.766095598783971 407.42340089032894 -183.4739 -4.28127 366.5809
3847 -155.21430346810837 4.827957978339307 407.56511397807054 -184.5558 -4.255802 366.5426
3848 -156.2949397878883 4.898051818453653 407.71388449703994 -185.6479 -4.229744 366.5044
3849 -157.3800254424426 4.954626129588034 407.8704861048513 -186.7448 -4.199807 366.472
3850 -158.45882290502544 5.019901798190229 408.04745787906757 -187.8389 -4.167223 366.4364
3851 -159.54528626411576 5.0706717559805625 408.18236900996516 -188.9337 -4.128173 366.4037
3852 -160.63578744763183 5.1127602066569375 408.328258754189 -190.0335 -4.091253 366.3673
3853 -161.7306449583715 5.160638711999819 408.48963391805256 -191.1399 -4.0544 366.3277
3854 -162.82349287156435 5.215952801763263 408.6561254220987 -192.2453 -4.016796 366.2856
3855 -163.9268927153774 5.273090223808504 408.775940962678 -193.3554 -3.977329 366.2505
3856 -165.02439230748786 5.343707265101231 408.9572284351638 -194.4689 -3.936207 366.2225
3857 -166.12372055575577 5.4175982352071985 409.16783832604733 -195.5898 -3.897886 366.2012
3858 -167.23227767562292 5.502347070883586 409.3578136017341 -196.7169 -3.857159 366.1886
3859 -168.34371175588387 5.581488271472988 409.54304082869504 -197.8457 -3.817161 366.1803
3860 -169.46533051744726 5.643629020403275 409.71784358632567 -198.9817 -3.773023 366.1789
3861 -170.58740758788048 5.709431133305745 409.91040103573096 -200.1212 -3.728399 366.1826
3862 -171.7079410048563 5.77859556778532 410.1086150543183 -201.2603 -3.68271 366.1882
3863 -172.82201230770886 5.861703440503297 410.3368769180047 -202.3996 -3.636529 366.1935
3864 -173.9445560255255 5.941810245092146 410.5303472460086 -203.5405 -3.588992 366.1998
3865 -175.0607309091356 6.025978613670399 410.7644519720816 -204.6831 -3.542463 366.2058
3866 -176.18745816351426 6.070307738857418 410.9309944847484 -205.8219 -3.494788 366.2146
3867 -177.29023506549015 6.15907710400016 411.1701085475751 -206.9527 -3.446857 366.2275
3868 -178.40345945849478 6.228905273753747 411.37868922925304 -208.0863 -3.399686 366.2469
3869 -179.51659379935657 6.291616188934852 411.5959708897661 -209.2212 -3.356508 366.2656
3870 -180.62053083478776 6.355806421150055 411.81678632586716 -210.3479 -3.315181 366.2855
3871 -181.71875739155274 6.430431554802467 412.04401820036406 -211.4708 -3.272869 366.3102
3872 -182.81816787014498 6.488794748678082 412.25228633333495 -212.5902 -3.231126 366.3364
3873 -183.9146153254292 6.555053339328398 412.4558953510667 -213.7062 -3.189682 366.3659
3874 -185.0054743205725 6.615014102764602 412.6691387569016 -214.818 -3.148845 366.4016
3875 -186.08850456856942 6.670883057206956 412.87338992259987 -215.92 -3.105251 366.4402
3876 -187.1604463835301 6.742279178922826 413.0643458502683 -217.0095 -3.061988 366.4819
3877 -188.2039166694622 6.806999433665566 413.30808692234837 -218.0811 -3.019584 366.5299
3878 -189.2332856362451 6.871769231130857 413.5453224397072 -219.1371 -2.980028 366.588
3879 -190.25033096686477 6.933695643493967 413.7789111972545 -220.1797 -2.943384 366.6545
3880 -191.2382661934596 7.001810745297694 414.0457041925809 -221.2023 -2.91297 366.7266
3881 -192.21677438563518 7.048220509977762 414.2689532790572 -222.2038 -2.881915 366.8008
3882 -193.1621598621571 7.126661574331815 414.5553785559243 -223.1912 -2.852383 366.879
3883 -194.1075945077864 7.181486724978435 414.8102268183399 -224.1684 -2.823349 366.9567
3884 -195.05798595328056 7.221798578567864 415.0446847693154 -225.1444 -2.791621 367.0358
3885 -195.98091796534354 7.263661723325934 415.2914848952155 -226.097 -2.764003 367.1149
3886 -196.8734715003422 7.307227029964514 415.536133598682 -227.02 -2.740336 367.1918
3887 -197.74869731477884 7.347110437477494 415.7625580376231 -227.9211 -2.712085 367.2699
3888 -198.6184974611096 7.397117643229289 415.9775629562641 -228.8148 -2.682417 367.3454
3889 -199.47898001230968 7.433964602822258 416.2000830085602 -229.7008 -2.658722 367.4212
3890 -200.3094545724028 7.456714135202408 416.43577743118317 -230.5604 -2.634793 367.5004
3891 -201.115662250454 7.4758935330847684 416.634580587489 -231.3863 -2.607196 367.584
3892 -201.88253369843073 7.527436763506168 416.8689377958798 -232.1842 -2.575303 367.6735
3893 -202.62807644453892 7.573095264171669 417.11453832537103 -232.9631 -2.546665 367.7771
3894 -203.343818266713 7.603932893291266 417.36147022457646 -233.7126 -2.531497 367.8877
3895 -204.0351199540493 7.635308429110737 417.57766601648274 -234.4282 -2.513757 368.0027
3896 -204.69074485731196 7.672660905958992 417.8153693940778 -235.1142 -2.492462 368.1319
3897 -205.32798763536604 7.700972374833023 418.0605417536885 -235.782 -2.474425 368.2758
3898 -205.94454934505458 7.725976606833315 418.32745558985476 -236.4378 -2.464522 368.4236
3899 -206.5547438650861 7.735903865969278 418.55422716758335 -237.0696 -2.458118 368.5806
3900 -207.12265528048215 7.7588734951378875 418.8165940493038 -237.6754 -2.445853 368.7379
3901 -207.66701859021754 7.767989153375332 419.08238624668695 -238.259 -2.431902 368.9
3902 -208.19793154960496 7.783819891108827 419.3281203055927 -238.8228 -2.416555 369.0562
3903 -208.7073462396337 7.78756315812183 419.5769614158136 -239.3694 -2.403606 369.2062
3904 -209.20367000954045 7.804142574367673 419.81614778338394 -239.9009 -2.389863 369.3516
3905 -209.6889031545549 7.811136118760766 420.0445404592563 -240.4195 -2.380637 369.4881
3906 -210.16791414078472 7.809222122670607 420.2490231469492 -240.9239 -2.371763 369.6176
3907 -210.6288886395344 7.803382017395561 420.4478235473559 -241.4113 -2.367036 369.7379
3908 -211.0720726802473 7.798132079408514 420.65218745161616 -241.8871 -2.36207 369.8465
3909 -211.5049271363799 7.7997514673135475 420.8287362038999 -242.3437 -2.356458 369.9466
3910 -211.90526807997554 7.803858051230095 421.0315413054592 -242.7831 -2.350995 370.0378
3911 -212.30516104353958 7.8107080671445255 421.18951044350496 -243.2045 -2.347796 370.1234
3912 -212.6998894744528 7.813194353114635 421.3344263309565 -243.6178 -2.342781 370.2007
3913 -213.10454872980534 7.809504614934959 421.45403388577927 -244.0346 -2.340872 370.2666
3914 -213.50106019525165 7.81063793365903 421.56496903980747 -244.4445 -2.337193 370.3053
3915 -213.9017826688843 7.824024508577456 421.67755386273524 -244.8594 -2.330489 370.3406
3916 -214.30274947181005 7.826918141455585 421.77523464537063 -245.2712 -2.321873 370.3665
3917 -214.69531019925822 7.836761933610985 421.8679992216126 -245.6744 -2.312545 370.3787
3918 -215.08887843937777 7.8450735377423415 421.9556324190607 -246.0773 -2.300412 370.3917
3919 -215.48318002262272 7.8516830851644395 422.02729357354747 -246.4779 -2.287939 370.3958
3920 -215.8767461501675 7.8337360937234015 422.0137055713536 -246.8718 -2.274355 370.3881
3921 -216.2725312786572 7.818750475181494 422.025030365713 -247.2677 -2.260463 370.3798
3922 -216.6708840903379 7.813697223887982 422.04152426271907 -247.6659 -2.246632 370.3647
3923 -217.073865090089 7.816479472164578 422.11494767897784 -248.075 -2.232871 370.3492
3924 -217.48616041120601 7.838153221966543 422.18655541165765 -248.4935 -2.218646 370.3337
3925 -217.89725286807254 7.8778797005253285 422.29395086726333 -248.9198 -2.203372 370.3217
3926 -218.31585543614176 7.908625163834764 422.3838550863397 -249.3488 -2.190826 370.3141
3927 -218.74349418114392 7.933322205474167 422.46069744759455 -249.7837 -2.17685 370.3066
3928 -219.1706511662467 7.948661543186345 422.5309300683731 -250.2166 -2.162385 370.3022
3929 -219.59950674020953 7.964824140247726 422.5838172246705 -250.6487 -2.146243 370.3001
3930 -220.0223369310077 7.985611972887716 422.6613157020022 -251.0788 -2.130858 370.2992
3931 -220.37159872346353 7.997917361448182 422.9090408141404 -251.5068 -2.116129 370.3093
3932 -220.78841764586676 8.020747152319235 423.0015704369451 -251.9337 -2.100918 370.3279
3933 -221.2061467650956 8.043824548040874 423.0784751861093 -252.3582 -2.084785 370.3499
3934 -221.61487762737144 8.088554390388321 423.195297851251 -252.7844 -2.069893 370.3789
3935 -221.97390677799885 8.097091566131311 423.4244642890011 -253.2091 -2.051974 370.4072
3936 -222.38617020841556 8.123015124992355 423.52153315847534 -253.6321 -2.035602 370.4365
3937 -222.79297845109386 8.150826296495294 423.6309112926229 -254.0521 -2.021253 370.4768
3938 -223.18445395450004 8.176631794410024 423.7455019981763 -254.4577 -2.00952 370.5258
3939 -223.5613435237326 8.188871854483986 423.86965688216026 -254.8506 -1.999342 370.5818
3940 -223.87598800420994 8.19473718059877 424.0887662395682 -255.2299 -1.984999 370.6363
3941 -224.21244274422276 8.212176547925573 424.235345173901 -255.594 -1.969759 370.6831
3942 -224.51964836621826 8.306224818740345 424.3744493212011 -255.9406 -1.953994 370.7299
3943 -224.83797486111067 8.322583418154416 424.4713341846408 -256.2695 -1.939161 370.7808
3944 -225.14512308080228 8.34876441686972 424.5830323191396 -256.5925 -1.927459 370.8359
3945 -225.44419316973665 8.391284329192727 424.71263033552043 -256.9157 -1.922542 370.8956
3946 -225.75100410233344 8.482095065286686 424.7877267667149 -257.24 -1.917165 370.9487
3947 -226.04090818794285 8.512288756649426 424.928049183131 -257.5605 -1.908885 370.9918
3948 -226.35840675875932 8.502953425288533 424.97986625760325 -257.8803 -1.899168 371.0266
3949 -226.65617820448912 8.54470071803048 425.09157442588435 -258.1997 -1.887866 371.0539
3950 -226.9651934294731 8.578065017959872 425.09234608274943 -258.5102 -1.877972 371.0637
3951 -227.27584646670275 8.61698151917912 425.0539237721233 -258.8253 -1.868641 371.0747
3952 -227.58818061567084 8.609098155391788 425.1090338620593 -259.1424 -1.859898 371.0795
3953 -227.89405784198104 8.642922850036573 425.16102608203454 -259.4536 -1.853707 371.0566
3954 -228.2145607156713 8.692785411016464 425.25385955493 -259.7902 -1.842268 371.0367
3955 -228.56575124409517 8.707285530435035 425.25219959012406 -260.1398 -1.829167 371.0027
3956 -228.91372082482306 8.735201157826928 425.29446300054485 -260.4827 -1.812082 370.9267
3957 -229.28707923110753 8.742331600689035 425.24614317938136 -260.8538 -1.795956 370.865
3958 -229.65157258789154 8.744948540639133 425.307996516354 -261.2046 -1.779009 370.7495
3959 -230.04632804326008 8.780214152975685 425.25957721421844 -261.5907 -1.760933 370.6494
3960 -230.440750001883 8.863755872656716 425.183066038873 -261.9813 -1.738415 370.5256
3961 -230.84148485146324 8.918157334636689 425.09059572922513 -262.3441 -1.718545 370.3254
3962 -231.25148450900096 8.961301729534883 424.94714612173607 -262.7437 -1.694404 370.1514
3963 -231.67125050239218 9.001960821264355 424.7852855619538 -263.1499 -1.669085 369.9554
3964 -232.09800626809374 8.98482825710867 424.61129134042073 -263.5125 -1.645564 369.6714
3965 -232.54245692515929 8.992455521518306 424.41560855145696 -263.9245 -1.624289 369.4151
3966 -232.9638507346507 9.058579763647526 424.1539214364339 -264.3343 -1.601451 369.1288
3967 -233.3867359026548 9.113369283500571 423.8445660957715 -264.6835 -1.575511 368.7352
3968 -233.79915456130635 9.134453714394699 423.5116603240298 -265.0731 -1.549228 368.3762
3969 -234.18659387892228 9.156997731517865 423.1262134926948 -265.4532 -1.522155 367.9838
3970 -234.62956701267572 9.185711580928267 422.73889972868216 -265.771 -1.493142 367.4886
3971 -235.00269994761308 9.203432652738972 422.2958845443432 -266.1217 -1.467416 367.028
3972 -235.36495350478722 9.237070804013761 421.8166862747068 -266.451 -1.440143 366.5252
3973 -235.73110359940492 9.272208257878107 421.28344656955693 -266.7197 -1.408592 365.9366
3974 -236.0680644437752 9.29268147198883 420.736024959364 -267.0078 -1.374613 365.3626
3975 -236.41980731457446 9.304246376311813 420.14853627260834 -267.2518 -1.337219 364.7238
3976 -236.72395480893243 9.321871550003442 419.53234571562774 -267.5078 -1.302547 364.0868
3977 -237.0406700848428 9.341620924750057 418.9014173931488 -267.7469 -1.267399 363.4232
3978 -237.34116251002413 9.36308316230905 418.2222001569183 -267.9495 -1.230084 362.7093
3979 -237.6278651986235 9.368258888653665 417.53599998520264 -268.1502 -1.193968 361.9941
3980 -237.90616932384992 9.393033524064077 416.82599838341696 -268.3408 -1.159372 361.2561
3981 -238.172463753925 9.42289264201418 416.08366716445727 -268.5065 -1.125956 360.4852
3982 -238.42114541860616 9.463694746412488 415.31920708082697 -268.6673 -1.0927 359.6972
3983 -238.65267254472656 9.505983663047944 414.5135028043029 -268.8089 -1.060003 358.8705
3984 -238.86876205621812 9.532904430651925 413.68716370392343 -268.9415 -1.030964 358.0268
3985 -239.03708479215692 9.567258473859313 412.82424444214894 -269.0509 -0.9979144 357.1544
3986 -239.24738364940913 9.584950003729253 411.9503250231357 -269.1431 -0.9680067 356.2606
3987 -239.4473589203425 9.633970389920336 411.05784579445367 -269.2204 -0.933467 355.3486
3988 -239.61044472482877 9.663479498677889 410.13665066015574 -269.2894 -0.8989503 354.4158
3989 -239.8225027615766 9.7087452043856 409.202644864242 -269.364 -0.8668551 353.4604
3990 -240.0188100229695 9.765124623742027 408.2367304307441 -269.4488 -0.8347736 352.4773
3991 -240.20587904572338 9.8045879037216 407.2470300521485 -269.5388 -0.8074597 351.4737
3992 -240.41631550410324 9.849327224794193 406.2426841985586 -269.6285 -0.7752988 350.451
3993 -240.59948508098051 9.891134692604835 405.2114381538999 -269.718 -0.7432067 349.4071
3994 -240.80530607740016 9.93492831556164 404.16894018911614 -269.8046 -0.7077913 348.3477
3995 -241.0158403601076 9.973702119234332 403.1065642151877 -269.8981 -0.6752965 347.2685
3996 -241.26300863877634 10.007971614138077 402.04048507083854 -269.9857 -0.6396188 346.1777
3997 -241.47275889078554 10.039756301846193 400.951644420985 -270.0781 -0.6044389 345.0728
3998 -241.68699183855523 10.08110618772889 399.85541411710136 -270.167 -0.5681308 343.9592
3999 -241.9139659808562 10.123073543122066 398.75698740931534 -270.2576 -0.532915 342.841
4000 -242.15707805100638 10.164378284014697 397.6478530537876 -270.3457 -0.4961709 341.7088
4001 -242.3539943922029 10.218112347906544 396.51800660399925 -270.4321 -0.4597162 340.5645
4002 -242.5526322189179 10.252158401358816 395.37631724092336 -270.5181 -0.4241724 339.4089
4003 -242.76501791076464 10.292092043935247 394.2235895604272 -270.599 -0.3861946 338.2395
4004 -243.00798047753116 10.338428000885033 393.05885879166965 -270.6795 -0.3431655 337.0523
4005 -243.22948077499927 10.373704224988307 391.87504990710744 -270.7545 -0.2933356 335.8508
4006 -243.4352026533969 10.390717265918273 390.6906323407009 -270.8291 -0.2407114 334.652
4007 -243.64758941660085 10.39736605126867 389.5165054732898 -270.895 -0.1900227 333.4617
4008 -243.82731677735168 10.41761502392898 388.34563465754457 -270.9555 -0.1489872 332.2792
4009 -244.03070554005805 10.42991842572312 387.1779432242279 -271.0093 -0.1216968 331.0954
4010 -244.20089297973405 10.486053930099025 385.9974969710506 -271.0556 -0.1013445 329.9025
4011 -244.40613741176026 10.539894186586022 384.81262228852637 -271.1007 -0.08058966 328.6998
4012 -244.55679494985193 10.569117076251922 383.6227341141316 -271.1435 -0.05039465 327.5012
4013 -244.72168799658743 10.568133146663607 382.44541644467677 -271.176 -0.007761684 326.3136
4014 -244.85959350619257 10.559970533363789 381.26521236604674 -271.2052 0.03310083 325.1264
4015 -245.0245833151156 10.571875807160259 380.09399674695857 -271.2318 0.07494099 323.9446
4016 -245.17083238416163 10.602220977515982 378.920452225618 -271.2514 0.1141247 322.7624
4017 -245.30286587670506 10.615098384371924 377.7521342475835 -271.2677 0.1520703 321.5873
4018 -245.4547954848095 10.650325516302468 376.5868019664015 -271.2761 0.189384 320.4122
4019 -245.5827618850714 10.65574570996319 375.42040552991284 -271.2806 0.2268718 319.2394
4020 -245.69957834014284 10.669393439927152 374.2567513863425 -271.2752 0.2664564 318.0705
4021 -245.80967469930266 10.67735230901337 373.09715794836615 -271.2636 0.306182 316.9064
4022 -245.93150887825243 10.693877193535215 371.93950193589427 -271.249 0.3486559 315.7431
4023 -246.0405175321936 10.704760497729298 370.78264079217314 -271.2229 0.3873162 314.582
4024 -246.13434878338924 10.720924106079277 369.62604137506105 -271.1913 0.4270762 313.4226
4025 -246.21982505436452 10.732923747249767 368.47385187239047 -271.1557 0.4663933 312.2684
4026 -246.29306550432898 10.749779220353759 367.3273482776311 -271.12 0.5038023 311.1206
4027 -246.3691464909857 10.765376347228644 366.17946520376216 -271.0773 0.5413927 309.9715
4028 -246.46764021493217 10.774890845329999 365.0368478496693 -271.0307 0.573395 308.826
4029 -246.53139832011 10.780733647997879 363.89472105389115 -270.978 0.6073762 307.6838
4030 -246.59053165554616 10.797272758908516 362.7552094942936 -270.9193 0.6429063 306.5447
4031 -246.62810834603314 10.813186691708902 361.6141145701202 -270.8532 0.6769844 305.4053
4032 -246.67321322767478 10.821462801834114 360.4726356816654 -270.7827 0.7114903 304.2656
4033 -246.70546387975904 10.832447826298688 359.3311421977571 -270.7055 0.7448834 303.1267
4034 -246.75300848615356 10.842132486167186 358.19170726841077 -270.6208 0.7792041 301.9899
4035 -246.80011447685936 10.853297809393993 357.0516338348124 -270.5286 0.815204 300.8531
4036 -246.84550786551287 10.852875163278382 355.9099269349503 -270.4364 0.84837 299.7147
4037 -246.8556199027356 10.860207704191115 354.7647724524502 -270.3399 0.8804023 298.574
4038 -246.88183769927974 10.874381008981594 353.61596229781384 -270.242 0.9113774 297.4294
4039 -246.90636690683533 10.890553417049667 352.4680369986246 -270.1397 0.9429296 296.2861
4040 -246.9445773972808 10.91130393233574 351.3174783237103 -270.0337 0.9728408 295.14
4041 -246.94644661745718 10.926460577776323 350.1614927284878 -269.9196 1.000896 293.9899
4042 -246.96892318236365 10.945037090154143 349.00513572227663 -269.7986 1.02621 292.8398
4043 -246.95287056226059 10.966549140525094 347.84404168530955 -269.6736 1.050612 291.6854
4044 -246.97135433419987 10.986583797970871 346.6800467288957 -269.5452 1.077503 290.5285
4045 -246.98202127838383 11.003271787443186 345.51318711766646 -269.4146 1.10375 289.3691
4046 -246.9467035125676 11.009578080790796 344.3423955177774 -269.2797 1.127733 288.2058
4047 -246.93173694046476 11.031569180159694 343.170570285209 -269.1417 1.153037 287.0421
4048 -246.9144851132618 11.04540664221073 341.98758977458084 -268.9946 1.179905 285.8684
4049 -246.91937578509518 11.072389949078303 340.80938629483575 -268.8454 1.208103 284.6997
4050 -246.89808385777835 11.085354372310082 339.62729847923777 -268.6883 1.237435 283.5282
4051 -246.83933913477063 11.088290264894107 338.44194627648557 -268.5263 1.268181 282.3529
4052 -246.81360569861516 11.096768135069238 337.25384832760056 -268.3591 1.298323 281.1767
4053 -246.7938476274026 11.116692990128879 336.06302778149944 -268.1889 1.326161 279.9981
4054 -246.7709416293509 11.125344313609496 334.8666716581168 -268.0123 1.352951 278.8149
4055 -246.7256462030397 11.14523067189847 333.6663045918582 -267.8302 1.379858 277.6277
4056 -246.7141508689284 11.158182680740701 332.4624675673895 -267.6449 1.407297 276.4384
4057 -246.6896990933723 11.168964498835644 331.257603144879 -267.4543 1.433716 275.2487
4058 -246.60089596724578 11.18571403842012 330.05351545035103 -267.2599 1.461436 274.0573
4059 -246.51591640044384 11.196137211790571 328.84722084724325 -267.0607 1.488638 272.8648
4060 -246.45248354185685 11.211621060533492 327.63402396486657 -266.8545 1.516615 271.6678
4061 -246.3849478486414 11.225879645609911 326.41774607522854 -266.639 1.544442 270.4691
4062 -246.30450186027699 11.224894093801291 325.19798789819197 -266.4156 1.57224 269.2676
4063 -246.2045100324245 11.233058478841864 323.9775302023108 -266.184 1.602224 268.0655
4064 -246.1118484519085 11.232770576501268 322.7549624383368 -265.9467 1.632894 266.863
4065 -246.0380843973345 11.243368523119814 321.5294528208894 -265.7037 1.663368 265.6599
4066 -245.9127432510209 11.250822506429781 320.30630216821635 -265.4539 1.691837 264.4563
4067 -245.79591437300354 11.257048571527003 319.07264879222475 -265.1976 1.718526 263.2442
4068 -245.65942587730888 11.270673838849943 317.8359870796658 -264.9337 1.742552 262.0285
4069 -245.49074439314327 11.29150448368134 316.59505321942004 -264.6581 1.765839 260.8069
4070 -245.34116711772282 11.298817229616366 315.34499214539983 -264.3736 1.789773 259.5807
4071 -245.19446931306834 11.304214205933382 314.0948377320232 -264.0836 1.816046 258.3561
4072 -245.0221963671419 11.299199945792827 312.84883114013616 -263.7905 1.840519 257.1331
4073 -244.87827226843473 11.293538808517162 311.60246869958166 -263.4962 1.865352 255.9137
4074 -244.74123262941512 11.282332910007078 310.3547974391862 -263.1986 1.889323 254.6945
4075 -244.58023931092606 11.276749825591589 309.111988810728 -262.8927 1.911243 253.4794
4076 -244.4095658637212 11.276278809520532 307.87283974466413 -262.579 1.931685 252.2687
4077 -244.20360806610546 11.277120353854114 306.6214965622876 -262.2495 1.955211 251.0443
4078 -243.97132070206845 11.273929435625945 305.39541892726174 -261.9183 1.97913 249.8414
4079 -243.78800058235478 11.271980784208058 304.1521340313872 -261.5786 2.003568 248.6317
4080 -243.58458610168842 11.274139112293012 302.9191121407904 -261.2373 2.029564 247.4298
4081 -243.3716028657082 11.269491654657443 301.69331552803203 -260.8939 2.053603 246.2342
4082 -243.16582465648128 11.273928183863902 300.4638220647616 -260.5436 2.07395 245.038
4083 -242.9472389405522 11.28548244354355 299.2335555361919 -260.1893 2.089988 243.8398
4084 -242.72765070136043 11.297009118824489 298.0005029557033 -259.8303 2.10921 242.64
4085 -242.47525653613016 11.29673074996461 296.7728853887268 -259.4631 2.130851 241.4419
4086 -242.2397930210846 11.297317200283437 295.54349769085474 -259.094 2.15664 240.2461
4087 -241.99083171695838 11.280102939116782 294.3169288807751 -258.7192 2.1819 239.0521
4088 -241.76885898273633 11.28699899438268 293.083305932323 -258.3388 2.205692 237.858
4089 -241.52479035365883 11.275788551154653 291.8553028436792 -257.9556 2.227076 236.6662
4090 -241.2591375210685 11.315631346054777 290.6362793698051 -257.5677 2.247151 235.4799
4091 -241.00755371015032 11.312829393631134 289.4091890199794 -257.1743 2.265334 234.2908
4092 -240.74901424869935 11.319714802438174 288.18390478722887 -256.7727 2.283581 233.1048
4093 -240.45983691412692 11.325161492284824 286.9625801863045 -256.3644 2.301503 231.9181
4094 -240.18809532384802 11.327557670320003 285.7328603209045 -255.9481 2.322949 230.7297
4095 -239.9157123572434 11.291558694496814 284.5105903386717 -255.5313 2.344781 229.5485
4096 -239.6344971429512 11.274460003219895 283.28930367249416 -255.1075 2.368457 228.3692
4097 -239.3323906433025 11.271333532577648 282.07688510946724 -254.6801 2.391368 227.1953
4098 -239.0643802629394 11.26477322310181 280.8614667315738 -254.2484 2.41121 226.0281
4099 -238.76825194499455 11.265844059936674 279.6543714892385 -253.8095 2.427567 224.8654
4100 -238.46374731313384 11.274176896010493 278.44932985774057 -253.3654 2.442942 223.7046
4101 -238.15371963880355 11.275767552852342 277.2450820381353 -252.9191 2.45545 222.544
4102 -237.81564752100888 11.27289626853461 276.0512337675678 -252.4734 2.469371 221.3861
4103 -237.49422077836644 11.26933350740879 274.8537422867366 -252.024 2.489475 220.2307
4104 -237.18222654103388 11.265453781852116 273.6579994148378 -251.5748 2.508039 219.0796
4105 -236.91341597111364 11.256141809798981 272.4530959574618 -251.1219 2.5287 217.9313
4106 -236.61196259923597 11.262696079474653 271.2545645501518 -250.6671 2.547424 216.7823
4107 -236.30824183256718 11.2579881347144 270.05572371082445 -250.2088 2.567341 215.6338
4108 -235.97506792343796 11.2512420848631 268.8659757100647 -249.7482 2.587206 214.4875
4109 -235.64800704419082 11.243805993587008 267.68131615965007 -249.2875 2.60773 213.3483
4110 -235.32806441935244 11.208251827775818 266.496980724148 -248.8235 2.629771 212.2123
4111 -235.01183566369633 11.203271476398093 265.3098451629566 -248.3518 2.649914 211.0781
4112 -234.65877539926757 11.198229027611777 264.13269213959194 -247.8753 2.667369 209.9454
4113 -234.30163368260605 11.212505152677904 262.9590662132964 -247.3962 2.684589 208.8161
4114 -233.94658658273136 11.207240642045827 261.78277953952073 -246.9117 2.703437 207.6871
4115 -233.59617304852227 11.199457262293564 260.6034796583829 -246.4218 2.72104 206.5587
4116 -233.23867608190363 11.193353262795249 259.43093994397134 -245.9246 2.741308 205.4384
4117 -232.8731612330794 11.183042264271155 258.2622382047434 -245.4226 2.759334 204.3216
4118 -232.51971140267807 11.177914871697244 257.0909450391634 -244.9168 2.775884 203.2077
4119 -232.15028405732306 11.155833186709119 255.92537843131643 -244.4075 2.791578 202.096
4120 -231.7699589857957 11.154717888515112 254.76203469216554 -243.8972 2.80489 200.9836
4121 -231.39531125773038 11.13742720944326 253.5953055686576 -243.384 2.819677 199.8708
4122 -230.98993040433632 11.125037216273716 252.43973635946818 -242.8649 2.835793 198.7617
4123 -230.58526337343247 11.115852903696116 251.2862378333808 -242.3403 2.855221 197.6577
4124 -230.1920471744769 11.087435558307007 250.13884889541384 -241.8132 2.873074 196.5651
4125 -229.8071308610952 11.064522234240352 248.9869835033225 -241.279 2.895059 195.4744
4126 -229.39850929521612 11.041776140148047 247.84565966888377 -240.7392 2.915425 194.3889
4127 -229.00197023775132 11.041447875977958 246.70460180829846 -240.1964 2.935009 193.3099
4128 -228.56809526749348 11.022969023073014 245.58000839234631 -239.6493 2.952041 192.2358
4129 -228.1380868184179 11.000419179001229 244.4570139454959 -239.0982 2.96859 191.1669
4130 -227.71181609552798 10.969696874904923 243.33153458019115 -238.5422 2.983923 190.0992
4131 -227.2597051710538 10.944479994558739 242.218268822081 -237.9832 2.999715 189.0354
4132 -226.82361755095346 10.929024162366655 241.09874721949558 -237.422 3.017412 187.9731
4133 -226.39521122423642 10.907323699609043 239.97948287578325 -236.8616 3.036881 186.9137
4134 -225.92234067241648 10.863834518948664 238.88206646244558 -236.2989 3.056255 185.8588
4135 -225.4687369723224 10.834057107294043 237.7754868303788 -235.734 3.073288 184.8044
4136 -225.00186474236227 10.801616198886784 236.67432451787914 -235.165 3.089834 183.752
4137 -224.52613938443156 10.765239797044527 235.57605495466316 -234.5884 3.10816 182.7027
4138 -224.06057936715163 10.72890901528572 234.48091374312193 -234.0133 3.130057 181.6605
4139 -223.60293693935878 10.703695980282925 233.38329040100967 -233.4293 3.152357 180.6245
4140 -223.1584342003849 10.693305782907771 232.27622558199855 -232.8356 3.172514 179.5899
4141 -222.66900050834607 10.659223554909678 231.1822103103863 -232.2316 3.189631 178.5543
4142 -222.22504697836493 10.650443868315929 230.06814663412874 -231.6222 3.205925 177.5215
4143 -221.69607632771672 10.630311251701723 228.99216062056632 -231.0093 3.225534 176.491
4144 -221.16700033429373 10.603860815981747 227.85470876416332 -230.3786 3.203285 175.4065
4145 -220.6580854778344 10.57551463904036 226.70481995431402 -229.7438 3.175702 174.321
4146 -220.13121594662368 10.534832360865172 225.57505099646107 -229.1117 3.160404 173.2459
4147 -219.59800336657912 10.524376426180861 224.436988425882 -228.4694 3.139283 172.1658
4148 -219.07649209324546 10.50610040456168 223.30471800711246 -227.8261 3.129332 171.0979
4149 -218.53939719146183 10.495883445409389 222.168013572255 -227.1763 3.108331 170.0218
4150 -217.99707189087945 10.467636191362434 221.04354588498651 -226.5195 3.097749 168.9598
4151 -217.46582879746933 10.455144766681515 219.90771790332846 -225.8528 3.085601 167.8978
4152 -216.89712081657902 10.454211832755156 218.7869352605601 -225.1771 3.078616 166.8381
4153 -216.33332772927534 10.438116835394675 217.66182894788366 -224.4955 3.072032 165.7801
4154 -215.75016564685103 10.418689090173107 216.54507413541404 -223.8105 3.063938 164.7226
4155 -215.19404612190394 10.400224917148254 215.42425174071317 -223.1211 3.059714 163.6783
4156 -214.63333840610719 10.385081460010586 214.30630971237682 -222.423 3.053051 162.6405
4157 -214.0895878334636 10.355903825359746 213.18870913212382 -221.7245 3.046865 161.6121
4158 -213.50916631794718 10.338783996936485 212.08655409505812 -221.0218 3.035788 160.5835
4159 -212.92112935164243 10.316182409378508 210.99198392593976 -220.3177 3.028763 159.5595
4160 -212.33849113682834 10.291571940391888 209.90169887767055 -219.6138 3.021908 158.543
4161 -211.74475281246484 10.265098725062007 208.81699334573665 -218.9067 3.020274 157.5282
4162 -211.1574969270398 10.21869888313289 207.73181476102008 -218.1954 3.019379 156.5189
4163 -210.55725662184807 10.157854783454344 206.65554502083106 -217.4781 3.015846 155.515
4164 -209.95036264745488 10.110092687930562 205.58535123007525 -216.7583 3.01411 154.5161
4165 -209.36262492805147 10.0670913703113 204.5053099707442 -216.0368 3.013882 153.5195
4166 -208.75727158978637 10.020342103957185 203.44036213989497 -215.3166 3.013904 152.5275
4167 -208.15007420145366 9.968133518378414 202.384664023313 -214.5989 3.012023 151.5422
4168 -207.54203832364493 9.927979934710287 201.33464635340653 -213.878 3.007333 150.5654
4169 -206.9399231623229 9.905588244775931 200.27460434147875 -213.1507 2.996851 149.5868
4170 -206.32714082991887 9.886143924461209 199.22270249667105 -212.4194 2.988454 148.6134
4171 -205.71347806500856 9.849735329302536 198.1753845471819 -211.6906 2.984573 147.642
4172 -205.09980836295642 9.811379232125839 197.1378825715493 -210.9622 2.984366 146.6808
4173 -204.48414022923467 9.773305659724679 196.10075189887394 -210.2282 2.984566 145.723
4174 -203.86137189036842 9.753430530702063 195.06780438082862 -209.4877 2.985244 144.7707
4175 -203.2181131343874 9.707691557952305 194.0453707034165 -208.7378 2.986185 143.8226
4176 -202.58177154479304 9.671574930747303 193.01638887823165 -207.9845 2.989498 142.8752
4177 -201.90944322493928 9.619604433938216 192.01402377714126 -207.2294 2.995588 141.9322
4178 -201.27383665634193 9.574652240552119 190.98193493571262 -206.4719 3.001932 140.9849
4179 -200.6166330161094 9.531919288354475 189.9660404832076 -205.7093 3.009769 140.0446
4180 -199.95791492827104 9.502432603295032 188.94609858262714 -204.937 3.018818 139.1073
4181 -199.2859900475409 9.458219739889376 187.93370088683452 -204.1551 3.027309 138.1762
4182 -198.61208999976006 9.420236652186267 186.92497062603664 -203.3677 3.036529 137.2526
4183 -197.93375315305374 9.369193781321464 185.91253805817925 -202.5764 3.043947 136.3244
4184 -197.2490900110672 9.33302049738448 184.9072377997737 -201.7844 3.049451 135.4006
4185 -196.58627364141176 9.31954302843598 183.88186540999357 -200.9869 3.051527 134.476
4186 -195.88074475887916 9.275446975153406 182.88049888465028 -200.1807 3.054536 133.5527
4187 -195.17408447106396 9.247782518745705 181.87328837459518 -199.3662 3.057003 132.6301
4188 -194.4584451992002 9.22872043055883 180.86895815554908 -198.5452 3.05923 131.7097
4189 -193.75113590210347 9.195839133366617 179.8530985916524 -197.7204 3.061735 130.7861
4190 -193.00422798682177 9.133153235801416 178.8627522704572 -196.8909 3.062822 129.8617
4191 -192.28424996952884 9.103097524454755 177.8514411668935 -196.0593 3.066053 128.9395
4192 -191.56885818099167 9.061587460699311 176.83771987285036 -195.2214 3.068689 128.0235
4193 -190.85072284437447 9.017135290215561 175.81592138885762 -194.3702 3.068446 127.1085
4194 -190.10438664358864 8.984280720525126 174.8095622075153 -193.5102 3.060761 126.1968
4195 -189.3629439298776 8.95702144232039 173.79684567360988 -192.6453 3.050508 125.2869
4196 -188.59594597759335 8.933831723495452 172.8000250504176 -191.775 3.043875 124.3786
4197 -187.8310272068646 8.905213256415857 171.7940161589913 -190.8973 3.035985 123.4689
4198 -187.0732570965406 8.864787209613198 170.78068282160208 -190.0135 3.03043 122.5625
4199 -186.30561460797216 8.822942579222934 169.77165517355283 -189.124 3.026804 121.6581
4200 -185.53389320586115 8.781477322531655 168.76685727081056 -188.2274 3.024492 120.762
4201 -184.73811409136508 8.754602206763339 167.7777684562478 -187.3269 3.024239 119.8668
4202 -183.9143156936699 8.717052432144326 166.80047665087707 -186.4133 3.024331 118.9721
4203 -183.1272660445496 8.672653562653128 165.7906489646497 -185.497 3.022723 118.0768
4204 -182.32233436493476 8.644857083732996 164.79722595614174 -184.5755 3.022062 117.19
4205 -181.50892831983168 8.603276301897886 163.80646145537094 -183.6521 3.016858 116.2999
4206 -180.69440988354955 8.568791776332892 162.81632762410672 -182.724 3.010089 115.4147
4207 -179.8661334019345 8.531071165967049 161.8190549667653 -181.782 3.002371 114.5233
4208 -179.02602994153366 8.497314582149102 160.82962335821045 -180.8339 2.995427 113.6362
4209 -178.19414372596938 8.462074799977955 159.82921876578672 -179.8749 2.993221 112.7562
4210 -177.34514498748877 8.42605319167504 158.84187623900613 -178.9094 2.992135 111.8817
4211 -176.4928094002882 8.374459575697674 157.85977478260628 -177.941 2.989644 111.0123
4212 -175.63670971793957 8.326609148151052 156.86012653809473 -176.9635 2.987661 110.1297
4213 -174.771112681812 8.27662469317692 155.86535885891078 -175.9837 2.98199 109.2458
4214 -173.9173433632738 8.227919222508438 154.86308071477583 -175.0048 2.975721 108.364
4215 -173.0456462063828 8.191298717333723 153.86962106833326 -174.0227 2.968 107.4788
4216 -172.18073687629595 8.101274457860022 152.87515901352182 -173.0399 2.959505 106.5961
4217 -171.29958188743532 8.03728336590897 151.88630265450612 -172.0539 2.949002 105.7095
4218 -170.42427669311866 7.978624120768453 150.89326697973374 -171.0627 2.940399 104.8302
4219 -169.53857815004204 7.928034883795968 149.90851017620793 -170.0685 2.931385 103.9537
4220 -168.64479123812603 7.876002013085904 148.92907862941502 -169.0696 2.924665 103.0802
4221 -167.74253064507838 7.816219499242322 147.95824312190217 -168.0722 2.915289 102.2054
4222 -166.86916752049558 7.750321770553875 146.95002728057227 -167.0695 2.905433 101.3233
4223 -165.97675767172262 7.686803567827279 145.96251394602723 -166.0661 2.90067 100.4465
4224 -165.08738529315232 7.608484196732201 144.97625834590505 -165.0635 2.900265 99.57208
4225 -164.21477040763963 7.527319757788969 143.9809641050232 -164.066 2.900205 98.69821
4226 -163.32791874823866 7.442174779191317 142.99450054168125 -163.0751 2.902397 97.81222
4227 -162.4469426112274 7.374644697799052 142.01051885129075 -162.0942 2.901447 96.92524
4228 -161.54643799349088 7.316488810694667 141.0372972728893 -161.1164 2.897791 96.02783
4229 -160.7130197630092 7.270556966415669 140.00825024443492 -160.1382 2.895574 95.1341
4230 -159.85585289345394 7.222901822756649 139.0017773775833 -159.1581 2.894591 94.24562
4231 -158.99217533550024 7.1758340270936625 138.00415185796263 -158.1795 2.891041 93.3592
4232 -158.13365436183125 7.139634085157322 137.0035190133637 -157.2001 2.885337 92.47581
4233 -157.27008866058134 7.100641786957735 136.00755999436007 -156.222 2.88071 91.59122
4234 -156.38156377174016 7.061113654799877 135.0398517143615 -155.2468 2.87595 90.71005
4235 -155.5223362632545 7.002309890185342 134.05268272572908 -154.2756 2.870667 89.83086
4236 -154.67623756019856 6.950576721780899 133.04975235365046 -153.3026 2.863059 88.94902
4237 -153.8213278120704 6.9066642140073 132.0597868951291 -152.3396 2.852516 88.06282
4238 -152.94833548437228 6.857694915465101 131.08711297867796 -151.3751 2.841158 87.17952
4239 -152.04849413360841 6.795583549011468 130.14018009708516 -150.4157 2.824285 86.29097
4240 -151.19035141161868 6.765992510744693 129.15108747069158 -149.4554 2.807029 85.4004
4241 -150.3320360522091 6.722119473116686 128.15779280384805 -148.4922 2.790432 84.50752
4242 -149.4579008322829 6.679950132411454 127.17697879544997 -147.5257 2.776141 83.6167
4243 -148.60567131288877 6.640756683308952 126.18291890014909 -146.5607 2.762336 82.73094
4244 -147.73798557820126 6.604043220920734 125.19928236452064 -145.5908 2.748604 81.84727
4245 -146.89035509391715 6.594147565302201 124.19745967282914 -144.6168 2.733728 80.96788
4246 -146.01701670886914 6.542368749766681 123.21737241271023 -143.64 2.7234 80.0894
4247 -145.1379023260438 6.516302533092412 122.23935807298218 -142.6605 2.715466 79.21159
4248 -144.2774215282795 6.480881672248632 121.24446144109278 -141.68 2.712409 78.33403
4249 -143.4148604251481 6.437533276225897 120.2542353917854 -140.7016 2.709629 77.45701
4250 -142.54243871743026 6.401443118440739 119.2740856457172 -139.7247 2.707677 76.58021
4251 -141.68156622945918 6.369743208543997 118.27943770726314 -138.7449 2.704225 75.70191
4252 -140.8193587668908 6.337797421579638 117.28704644880334 -137.7656 2.700066 74.82429
4253 -139.95598694032182 6.2982968495251965 116.29145463522799 -136.7842 2.694608 73.94395
4254 -139.08311184231857 6.25936754289539 115.30719151594991 -135.803 2.688508 73.06679
4255 -138.20836550189722 6.210087913155915 114.32104869818161 -134.8206 2.681476 72.18649
4256 -137.34047110869747 6.172467594987701 113.33300686221801 -133.8412 2.672027 71.3081
4257 -136.4733721108149 6.135734831280263 112.35055542173595 -132.8638 2.660835 70.43461
4258 -135.60386798082783 6.089258068608143 111.36493754490546 -131.8869 2.646004 69.55422
4259 -134.7258169741176 6.055827266280495 110.38961633763742 -130.9107 2.625878 68.67674
4260 -133.85472081427616 6.028381766813225 109.40409421218699 -129.933 2.606906 67.79665
4261 -133.00138726864833 5.987387478560002 108.40716212106908 -128.9577 2.589498 66.91789
4262 -132.1396147916991 5.946810172268801 107.42101514992541 -127.9849 2.573845 66.04028
4263 -131.2850825347098 5.892405362162644 106.42904105545423 -127.0093 2.561805 65.16549
4264 -130.42332755010005 5.843400548058689 105.45351152936148 -126.0361 2.552233 64.29977
4265 -129.55065654803875 5.803560037725962 104.48430157319171 -125.0631 2.546862 63.43043
4266 -128.68458731720415 5.741665151079952 103.51821990047996 -124.0943 2.541933 62.5652
4267 -127.82504736516755 5.686982400090807 102.54439823131972 -123.1255 2.53571 61.6983
4268 -126.96677963014973 5.593130794363922 101.57259024367721 -122.1569 2.527256 60.83136
4269 -126.10623931426977 5.531630890876204 100.59543118112902 -121.1858 2.518958 59.96185
4270 -125.26246908810997 5.450562902694077 99.61022313489553 -120.2166 2.511323 59.09597
4271 -124.39917913303117 5.3829410803313404 98.6372297985359 -119.2453 2.503723 58.22817
4272 -123.53083181933954 5.322061391175285 97.66812015323582 -118.2758 2.497254 57.35815
4273 -122.66388395140288 5.215007048564414 96.70625267486257 -117.3104 2.491816 56.48854
4274 -121.80685165379886 5.141762072134489 95.73360071732985 -116.3473 2.486165 55.61772
4275 -120.97972915661865 5.104301285766641 94.7323539871764 -115.3835 2.478395 54.74648
4276 -120.10453620793099 5.048488165352713 93.77132742500554 -114.4194 2.467266 53.87296
4277 -119.24868657598789 4.994317542137208 92.79719131927278 -113.4557 2.454513 53.00378
4278 -118.39266331958389 4.94304543071362 91.8167349178344 -112.4871 2.444569 52.13291
4279 -117.52820640160859 4.89435214352388 90.8326595393744 -111.5106 2.434157 51.25861
4280 -116.66258264511377 4.836538292261802 89.84627033699893 -110.5329 2.42937 50.38129
4281 -115.79923728079957 4.773228066709147 88.86947205569746 -109.5631 2.425984 49.5078
4282 -114.94225866712296 4.705480216459582 87.8913949739353 -108.5957 2.426625 48.63615
4283 -114.06625849004391 4.648148477153044 86.92620423381113 -107.6265 2.423411 47.76271
4284 -113.20945685818023 4.607741240280395 85.9291291192541 -106.6494 2.414926 46.88231
4285 -112.34470779455488 4.548905619475219 84.94092491595023 -105.6724 2.407864 46.00298
4286 -111.47960523686803 4.4886702725273055 83.94910958610168 -104.6945 2.403883 45.12013
4287 -110.62873613464316 4.446543831095891 82.94766004680365 -103.7172 2.402926 44.24062
4288 -109.7595956687839 4.386575257000158 81.97217446990834 -102.7447 2.392828 43.36614
4289 -108.86964196177593 4.335164419676668 81.00237522113709 -101.7638 2.366051 42.48734
4290 -107.99827439498642 4.299507148242869 80.00797397890882 -100.7767 2.330149 41.60772
4291 -107.11346538123144 4.2652526744224915 79.01923446701649 -99.78508 2.302773 40.7259
4292 -106.23759121644929 4.227803633181081 78.02537580176619 -98.79828 2.278169 39.84163
4293 -105.37879328229685 4.175694444737344 77.02063270297171 -97.81596 2.258319 38.95596
4294 -104.50864758720226 4.143316845001537 76.02526662014611 -96.83488 2.234755 38.06946
4295 -103.63213847657194 4.101174713126014 75.03472248649084 -95.85214 2.210109 37.18355
4296 -102.75279855799572 4.066856194433077 74.04166086386263 -94.86317 2.180517 36.29944
4297 -101.88187667525027 4.0455248322615285 73.04139520232923 -93.8733 2.156117 35.4168
4298 -100.99931002696435 4.0148261055340235 72.04714534114012 -92.88044 2.134559 34.5324
4299 -100.07989173010895 3.9716182926511236 71.0796447811019 -91.88444 2.116878 33.64306
4300 -99.20142267480495 3.9222763121170714 70.08283727819118 -90.8929 2.105305 32.75735
4301 -98.32818535029143 3.8725921915139088 69.0852851820076 -89.90287 2.093797 31.87427
4302 -97.44602251868591 3.827638095591219 68.09099322765347 -88.90972 2.081807 30.98976
4303 -96.56286077178537 3.7910499420094546 67.09120431135518 -87.91257 2.064689 30.10303
4304 -95.67679117488095 3.7598839697476425 66.0894810649765 -86.91401 2.048978 29.21299
4305 -94.7823859830278 3.696184330073197 65.09857699404363 -85.91748 2.035368 28.32268
4306 -93.88071707617038 3.6402404217260904 64.11770162310128 -84.92133 2.024104 27.43622
4307 -93.00012148722539 3.585719011218113 63.11985359277668 -83.92618 2.012668 26.55097
4308 -92.11402599788542 3.538338714737639 62.126912952606965 -82.92905 1.999986 25.66841
4309 -91.24440419797725 3.4972489339113393 61.12397245979745 -81.93302 1.986745 24.79002
4310 -90.36361329438837 3.450063474202168 60.13235396042837 -80.937 1.973457 23.91304
4311 -89.4728935070604 3.3889379178350443 59.153205847125236 -79.94198 1.961549 23.03803
4312 -88.59092570903104 3.3343161390471097 58.16993114052633 -78.94882 1.949545 22.16558
4313 -87.71311936844982 3.278668641431785 57.17980312633401 -77.95447 1.940907 21.29083
4314 -86.83358431934573 3.213932208346464 56.199319973449825 -76.96272 1.932076 20.42165
4315 -85.94353694130916 3.1445920788845036 55.23423569991704 -75.97455 1.924658 19.55456
4316 -85.06597458382967 3.0673507218322897 54.260068498769506 -74.98848 1.917272 18.68698
4317 -84.18746957922971 3.004948865945565 53.294551253134514 -74.00752 1.91221 17.82351
4318 -83.32496082918824 2.9264906139488236 52.313667289713564 -73.02762 1.907459 16.95634
4319 -82.46326214669395 2.8484170538320264 51.343539427110315 -72.05728 1.90321 16.09136
4320 -81.61709429035542 2.783713951136217 50.36470095523362 -71.0924 1.898035 15.2269
4321 -80.75549713487585 2.725163519422115 49.40164560686756 -70.12924 1.891136 14.36346
4322 -79.90806752250953 2.681936632606062 48.4293513600859 -69.1699 1.883908 13.50034
4323 -79.04650654268768 2.614167468480662 47.4672101033408 -68.20924 1.876891 12.6345
4324 -78.19996780937467 2.541499457501297 46.49783393291471 -67.25104 1.871594 11.77228
4325 -77.37120228376514 2.487874233928096 45.51942493719678 -66.29969 1.869532 10.91092
4326 -76.52210933871426 2.433268740107958 44.5666860882957 -65.35425 1.869446 10.05197
4327 -75.6744433193671 2.3599537191981286 43.624647241456046 -64.41531 1.862267 9.197751
4328 -74.83723306533882 2.311498941602531 42.67069237629001 -63.47903 1.854003 8.339491
4329 -74.0016047807408 2.262725126603166 41.71505777226185 -62.54235 1.842782 7.481356
4330 -73.19273980258912 2.2306874975629043 40.73840850996498 -61.60909 1.830242 6.622286
4331 -72.38774920870716 2.2061479373348436 39.76919583003592 -60.6798 1.820919 5.771217
4332 -71.5772973527419 2.174625579064072 38.81425694950095 -59.75404 1.812094 4.927046
4333 -70.75346077427473 2.1319433365874865 37.87571265781219 -58.83165 1.802791 4.084132
4334 -69.94675890616628 2.086528695779718 36.934650133409306 -57.9151 1.793339 3.248503
4335 -69.12638155909501 2.024380888997746 36.02544209484587 -57.00918 1.785299 2.422195
4336 -68.33818646444968 1.9786013785037722 35.10685556154929 -56.11243 1.778582 1.607982
4337 -67.55938298580826 1.9275340075384204 34.19547712667407 -55.22177 1.773091 0.8039621
4338 -66.76806194561405 1.8825029675990546 33.31239534128629 -54.34009 1.766582 0.009828463
4339 -66.03856290434763 1.8514495900718102 32.396245748881256 -53.46936 1.761258 -0.7739216
4340 -65.26870521337658 1.7823330593337283 31.54143052027808 -52.61116 1.754369 -1.543085
4341 -64.53461760267106 1.724674389927604 30.682414826675295 -51.76699 1.747753 -2.296378
4342 -63.79043952045251 1.6604772422413856 29.838030008905953 -50.92493 1.742437 -3.045921
4343 -63.05022462861212 1.6145160650315937 29.000579258318123 -50.08888 1.736205 -3.789114
4344 -62.32180049283352 1.5786359919282706 28.16530880612961 -49.2609 1.727906 -4.526641
4345 -61.60378856232432 1.5351501536507193 27.340053410709707 -48.44466 1.718201 -5.256118
4346 -60.906748975028655 1.4864544082038358 26.523158116446133 -47.64379 1.707765 -5.973092
4347 -60.2197782870644 1.425608563888385 25.719955140627214 -46.8538 1.699326 -6.677798
4348 -59.53357613277355 1.3849536898465276 24.943933146591515 -46.07808 1.689784 -7.365478
4349 -58.864795425182066 1.3382501184758833 24.18291946286133 -45.31586 1.680201 -8.034447
4350 -58.19596023208251 1.283151289048538 23.454934965897188 -44.56973 1.669438 -8.685225
4351 -57.52599327703592 1.2396817078814601 22.755347373348776 -43.83554 1.65733 -9.31846
4352 -56.87957900303401 1.1975883219062124 22.06242595983809 -43.11323 1.645713 -9.933193
4353 -56.23442020168606 1.1364297981448253 21.401425306189743 -42.40432 1.633933 -10.52834
4354 -55.621485598139536 1.0914346431116597 20.741289013899486 -41.71061 1.622183 -11.10464
4355 -55.01962496081628 1.051558204269167 20.102067883765297 -41.03145 1.611745 -11.66237
4356 -54.41144362359124 1.0087923674894574 19.501033616396423 -40.3642 1.603231 -12.19871
4357 -53.807140730027115 0.9730154093794452 18.918382814571384 -39.70295 1.594994 -12.717
4358 -53.22237352747243 0.9240992777287558 18.341012575455572 -39.04694 1.585238 -13.21425
4359 -52.62998510740878 0.879474949307037 17.783695999707692 -38.3898 1.572992 -13.69543
4360 -52.033972042418 0.8217552937602569 17.25619018180252 -37.73783 1.559272 -14.1554
4361 -51.45835201003674 0.7811097847525706 16.720047444091886 -37.08227 1.543363 -14.59178
4362 -50.865907081926075 0.7421797908476815 16.218274100683267 -36.42322 1.527558 -15.00371
4363 -50.26415777351377 0.7082895424960356 15.74574255528875 -35.76383 1.510807 -15.39289
4364 -49.65364972426694 0.675918823240678 15.291828619846497 -35.09735 1.49215 -15.76067
4365 -49.066209075607944 0.6434327550524397 14.820132572077684 -34.4232 1.471252 -16.0979
4366 -48.43956180624621 0.6002917000981488 14.417532385192644 -33.74281 1.450101 -16.40328
4367 -47.78482253225373 0.5567636054608214 14.083555941205958 -33.05817 1.428664 -16.67333
4368 -47.137878735045476 0.5191021083773005 13.738292074299565 -32.36465 1.409914 -16.91383
4369 -46.462908720069386 0.4417472085116026 13.487368883713495 -31.66962 1.390296 -17.11651
4370 -45.80266910063326 0.377274728235069 13.214836909784216 -30.97187 1.365556 -17.28046
4371 -45.109842097373054 0.3089574581508612 13.034260698973716 -30.26512 1.342013 -17.41174
4372 -44.4278165232209 0.2346678519067172 12.864350254731857 -29.56612 1.321679 -17.51437
4373 -43.75668816456192 0.16244163622665808 12.664715250132948 -28.86576 1.300262 -17.58161
4374 -43.066766345639806 0.10250066509488434 12.543294606423004 -28.16342 1.27782 -17.60491
4375 -42.38170090211398 0.03336184145498125 12.464171934726435 -27.4708 1.254902 -17.59454
4376 -41.69674457797701 -0.028285056690051845 12.442628443021915 -26.78497 1.229833 -17.54516
4377 -41.02042654487087 -0.10124698865479356 12.440583143929219 -26.11056 1.20442 -17.45996
4378 -40.34890618333579 -0.17883747997910965 12.478907228834265 -25.44513 1.181948 -17.33697
4379 -39.680474196974075 -0.2523916687006996 12.562265283070177 -24.78637 1.158174 -17.18003
4380 -39.02508189272973 -0.33946504599512695 12.680949782073993 -24.14336 1.134314 -16.98722
4381 -38.37978724251096 -0.42290281963705584 12.84089475637663 -23.51365 1.108388 -16.75975
4382 -37.7291891099217 -0.5018050821945239 12.982644606124838 -22.89539 1.080425 -16.50174
4383 -37.085587843359704 -0.5446723217658938 13.136689850907958 -22.29698 1.047658 -16.2178
4384 -36.486119114386774 -0.6270470758979826 13.400597233429217 -21.71314 1.016386 -15.91129
4385 -35.88475711722379 -0.6877347198567806 13.646523848227313 -21.15192 0.9883421 -15.57956
4386 -35.318523626101204 -0.7687573613919678 13.953633186812118 -20.60465 0.9603896 -15.2314
4387 -34.74119992230637 -0.8370110530107426 14.237049222332036 -20.06747 0.9316118 -14.87238
4388 -34.16276373133809 -0.9015730986758206 14.508635182550199 -19.53624 0.9003617 -14.51275
4389 -33.614860894123666 -0.9984288072900567 14.822892266451488 -19.00891 0.8643181 -14.15364
4390 -33.02476828351011 -1.0770695544070001 15.064428625989823 -18.47786 0.8290798 -13.79381
4391 -32.45576300587082 -1.156172569944735 15.33481917542688 -17.9524 0.791861 -13.43935
4392 -31.89544396784599 -1.2302658245770737 15.617255796018071 -17.42718 0.7543507 -13.09013
4393 -31.338105443683514 -1.3054391941916041 15.892933104873283 -16.90498 0.715345 -12.74653
4394 -30.771977490180273 -1.3777883464122842 16.134708704133338 -16.38799 0.6799779 -12.40644
4395 -30.216134474054694 -1.4599607808721708 16.384653623345482 -15.87464 0.6482271 -12.06932
4396 -29.670472867501424 -1.5083599849105445 16.644180954547682 -15.36708 0.616413 -11.73945
4397 -29.1256278247316 -1.583840657210141 16.880978463070214 -14.8631 0.5853326 -11.41748
4398 -28.596176424801047 -1.6488542045614971 17.13078079646921 -14.36358 0.5539444 -11.10693
4399 -28.078400336261307 -1.714011001381417 17.371159488792465 -13.87316 0.5226973 -10.80922
4400 -27.554967199181966 -1.7738168236376806 17.560776566511745 -13.39333 0.4936346 -10.52211
4401 -27.049074160392305 -1.850583335780975 17.75740413881466 -12.92267 0.4645181 -10.24262
4402 -26.561053373726903 -1.8840227446059792 17.968595381076987 -12.46406 0.436496 -9.97285
4403 -26.0745333201667 -1.9238415719258481 18.153857687228875 -12.01256 0.4084713 -9.712136
4404 -25.60481645488855 -1.9747853495790184 18.32533647836548 -11.57478 0.3801443 -9.466819
4405 -25.165647027851175 -2.0225742902524124 18.541314766092388 -11.14413 0.35139 -9.231205
4406 -24.736824830536975 -2.0812834400630296 18.742926181931683 -10.72406 0.3234019 -9.005949
4407 -24.310085764554252 -2.119975039898648 18.913896381309634 -10.31791 0.2969119 -8.788752
4408 -23.890272860061554 -2.1618575495455437 19.059851813066814 -9.925651 0.2717875 -8.577088
4409 -23.490384142612097 -2.202166483614455 19.200028151381282 -9.550035 0.2470296 -8.37838
4410 -23.103921317866273 -2.2399988424098436 19.32284460147512 -9.18823 0.2217585 -8.193104
4411 -22.74200896514255 -2.2785491061084957 19.449602000298114 -8.843007 0.1979693 -8.02343
4412 -22.400922223790904 -2.317921093638703 19.571588814831593 -8.515855 0.1770073 -7.86436
4413 -22.082962256061183 -2.3481589783929717 19.68599459882145 -8.211014 0.1574511 -7.716742
4414 -21.78060223161778 -2.3825927949343995 19.773813468845947 -7.926879 0.1385032 -7.578078
4415 -21.517163809535703 -2.4240770404208902 19.887666519650757 -7.666677 0.1212137 -7.451274
4416 -21.269683189820913 -2.4521759577504874 19.98398464115176 -7.426664 0.1043387 -7.335419
4417 -21.030598684186746 -2.4850440624532566 20.070795783029794 -7.195608 0.08690973 -7.225477
4418 -20.788290181732457 -2.508180028331827 20.14708642791587 -6.965634 0.06980096 -7.116444
4419 -20.53945197596167 -2.518381235018754 20.216969539202296 -6.732949 0.05536442 -7.004384
4420 -20.301841224014954 -2.543507757004866 20.306484040151766 -6.509157 0.04498962 -6.882267
4421 -20.080514410594304 -2.574916463136825 20.42625438528767 -6.290034 0.03483157 -6.754992
4422 -19.855886741666033 -2.5958087147357554 20.525858235546295 -6.081177 0.02288921 -6.624412
4423 -19.635338379517176 -2.617751484051297 20.614794880691264 -5.88026 0.007391935 -6.496252
4424 -19.41494716601901 -2.618896030202162 20.701553624496242 -5.683176 -0.007289078 -6.365703
4425 -19.204883526129866 -2.6437917167698846 20.804003047036897 -5.489078 -0.02195396 -6.233971
4426 -18.99822975404431 -2.652110582261804 20.916162747823652 -5.299828 -0.03518676 -6.094816
4427 -18.79150210005634 -2.66686713670776 21.024110420309196 -5.11593 -0.05023552 -5.951422
4428 -18.58712290182339 -2.6883291326398577 21.137930016281793 -4.934984 -0.0643069 -5.802268
4429 -18.394176189900257 -2.719570559102887 21.28837062370889 -4.745745 -0.07864708 -5.644725
4430 -18.19285913475533 -2.7769351390498387 21.446493726792152 -4.546901 -0.09511714 -5.474396
4431 -17.975345274484667 -2.8023965847825623 21.622520647917607 -4.339961 -0.1133601 -5.285216
4432 -17.749470245836424 -2.8273139690407882 21.81564455662123 -4.130458 -0.1325004 -5.073841
4433 -17.535371806840008 -2.854423923388401 22.045780182165643 -3.918483 -0.154595 -4.841217
4434 -17.281674456644456 -2.8931452591576705 22.258209022736384 -3.697865 -0.1802182 -4.592905
4435 -17.03693502659709 -2.9394510771386906 22.49459022210712 -3.473372 -0.2037006 -4.334121
4436 -16.804448332836788 -2.995306943214898 22.750962578836074 -3.251958 -0.2245399 -4.063126
4437 -16.551244346940102 -3.0222876971042747 23.011527667458072 -3.037676 -0.24639 -3.769289
4438 -16.319003554297254 -3.053369045983256 23.30666602599493 -2.828032 -0.2688144 -3.456951
4439 -16.081222921473604 -3.079688733720733 23.61113789641059 -2.618666 -0.2919692 -3.132043
4440 -15.825973728260024 -3.1173153133421936 23.918746411622184 -2.408137 -0.3142259 -2.790908
4441 -15.582814462720311 -3.146926750864869 24.25641572354126 -2.19941 -0.3329592 -2.430206
4442 -15.321087429949907 -3.1762450683239076 24.60763724186006 -1.995823 -0.3521711 -2.041747
4443 -15.071519587429817 -3.2047591450054833 24.992958957209787 -1.801721 -0.37107 -1.625169
4444 -14.81711611773453 -3.263797227398729 25.400614625924888 -1.619301 -0.3905415 -1.177136
4445 -14.566667942443061 -3.279326544009035 25.832321230447565 -1.444291 -0.4091277 -0.7098437
4446 -14.315376122340435 -3.2864275340507256 26.293291189185325 -1.26963 -0.42883 -0.2150744
4447 -14.0537680150952 -3.339328188566307 26.766955819269747 -1.102382 -0.4503757 0.3018002
4448 -13.78944293364183 -3.4071970022732234 27.26288155968511 -0.9458897 -0.4699004 0.8454409
4449 -13.566352233820943 -3.4485545507330913 27.804668812026065 -0.8121858 -0.4869598 1.417145
4450 -13.343470924607024 -3.4774427622353015 28.373471764613445 -0.7128327 -0.5013363 2.020444
4451 -13.213213399558082 -3.5263148375897915 28.990789379055112 -0.6378581 -0.5154859 2.648628
4452 -13.029012803989456 -3.553503423720348 29.622747896366587 -0.577413 -0.5276563 3.304554
4453 -12.869203662272904 -3.5862790304204473 30.292977808570747 -0.5289363 -0.540156 3.992533
4454 -12.732189625960046 -3.6270661706894094 30.984559778627727 -0.4902611 -0.5581546 4.697446
4455 -12.581653781004944 -3.6579113680447444 31.697323366849687 -0.4709248 -0.5760638 5.426109
4456 -12.499960064122332 -3.715622348817413 32.426925453066914 -0.4637439 -0.5976769 6.162183
4457 -12.391065445538285 -3.744758995894518 33.17731536659557 -0.4641394 -0.612016 6.920857
4458 -12.359496340123782 -3.7775008982784493 33.949871456892296 -0.476637 -0.6276445 7.694492
4459 -12.24778848735181 -3.805854771831638 34.73643342081529 -0.4970589 -0.6434513 8.489033
4460 -12.160241711538145 -3.833209449284643 35.53908221101764 -0.5313984 -0.6633061 9.295931
4461 -12.06821528374144 -3.865506165578669 36.358268278375284 -0.5707381 -0.6757426 10.11987
4462 -11.941496643248104 -3.893711784008921 37.188155848381534 -0.604811 -0.6892524 10.95905
4463 -11.86639453623567 -3.91527397307158 38.04363408870578 -0.6242421 -0.7023164 11.81777
4464 -11.745977654811947 -3.9511820154642274 38.90416074919719 -0.6484508 -0.726471 12.68675
4465 -11.588483020895483 -3.990804884945262 39.772517088767096 -0.6801171 -0.7525259 13.56921
4466 -11.460338282782475 -4.035145569703172 40.65997840727713 -0.7118728 -0.7792859 14.46601
4467 -11.353063275287326 -4.071102132884661 41.566574579535526 -0.7483848 -0.8066043 15.3785
4468 -11.179730448571446 -4.1270664163402895 42.47869730035072 -0.7865066 -0.8385639 16.3073
4469 -11.140455655988607 -4.169895248809043 43.41859979488725 -0.8252649 -0.8761044 17.24745
4470 -10.999595032241562 -4.205285591562702 44.353129057914245 -0.8608237 -0.9147192 18.19174
4471 -10.869150173039369 -4.302280037440068 45.294167605208045 -0.9050122 -0.9533412 19.14491
4472 -10.811524382806954 -4.34241008455118 46.25560546610678 -0.9508667 -0.9934983 20.10698
4473 -10.665262907859837 -4.403779753818786 47.221896741572664 -0.9982187 -1.029351 21.0844
4474 -10.544939657161729 -4.423986867916131 48.20564653327791 -1.050402 -1.065831 22.07364
4475 -10.449939885060243 -4.462387093027129 49.21080248251166 -1.1117 -1.101589 23.08151
4476 -10.379047115092822 -4.495817627208783 50.22936415433649 -1.176238 -1.135143 24.10049
4477 -10.346883456869309 -4.521589542899309 51.26636410112348 -1.245567 -1.165681 25.13554
4478 -10.22637647651755 -4.548305694856228 52.3043149826203 -1.318962 -1.193623 26.17785
4479 -10.208251754723321 -4.55414562481843 53.35417315390527 -1.395968 -1.222323 27.22466
4480 -10.093724661891832 -4.578792158798039 54.40422391183237 -1.477065 -1.250185 28.27774
4481 -9.988621962644773 -4.6414371672790615 55.465030449696975 -1.558337 -1.281898 29.34201
4482 -9.894766306854283 -4.675317538302193 56.54296093917549 -1.640741 -1.315662 30.42088
4483 -9.812876249130602 -4.727313074140849 57.62642983734966 -1.724717 -1.350706 31.50487
4484 -9.658920710331598 -4.75134635353952 58.70430758478828 -1.80238 -1.379426 32.5908
4485 -9.68444377252499 -4.8150203131713 59.7791295717261 -1.87932 -1.407888 33.66468
4486 -9.584303436420814 -4.871356114345699 60.855009554271035 -1.966625 -1.447013 34.74244
4487 -9.51839206344329 -4.930321227145754 61.94339158253987 -2.057718 -1.487218 35.82986
4488 -9.450009779257996 -4.973909947261788 63.03888072658153 -2.150183 -1.530548 36.92359
4489 -9.34365616826791 -5.01162726116523 64.1414785695085 -2.238254 -1.569943 38.02774
4490 -9.27665398180176 -5.054031818041689 65.24895428552793 -2.317142 -1.606535 39.13464
4491 -9.155099843364072 -5.081037284233551 66.35974553975815 -2.397389 -1.638706 40.24904
4492 -9.124248146880397 -5.094581202467593 67.47765088408916 -2.481505 -1.670571 41.36383
4493 -9.072164540091713 -5.140645081007787 68.59412500189825 -2.563489 -1.700399 42.47906
4494 -8.994708031566825 -5.175242368028828 69.70905906258696 -2.638864 -1.73002 43.59428
4495 -8.896952138044888 -5.216650473141258 70.82314548938275 -2.715061 -1.765263 44.71026
4496 -8.853990830406477 -5.275492490604748 71.94569708238537 -2.782512 -1.803738 45.83249
4497 -8.799084186211283 -5.312147160782088 73.0763477476796 -2.84828 -1.840111 46.96257
4498 -8.719319507161005 -5.37233201126446 74.2083533535444 -2.91476 -1.877642 48.09641
4499 -8.639245160140245 -5.418227147690479 75.3336322696792 -2.981824 -1.915142 49.22285
4500 -8.4503590335807 -5.4167787453495855 76.45408629044617 -3.041372 -1.951517 50.35697
4501 -8.314658750054326 -5.4809723381678594 77.59819315464935 -3.098225 -1.990571 51.50882
4502 -8.21886186579738 -5.542563750229009 78.74911209427667 -3.1566 -2.028592 52.66326
4503 -8.150965673902585 -5.583067431459122 79.90549187009034 -3.212653 -2.065955 53.82038
4504 -8.111177315425172 -5.637045766340899 81.06184614096365 -3.268258 -2.101998 54.97678
4505 -7.949562113791877 -5.702688218262033 82.20877011785083 -3.326194 -2.137882 56.13489
4506 -7.8840000598377165 -5.746085081416425 83.38034510400517 -3.380992 -2.170759 57.30736
4507 -7.826058349739942 -5.781478407278719 84.55669916420143 -3.437582 -2.199954 58.48395
4508 -7.56212284217859 -5.866462519123805 85.703126716619 -3.502086 -2.229392 59.6613
4509 -7.422552130370662 -5.926769977192415 86.86896072939466 -3.567609 -2.260389 60.83477
4510 -7.325406284410543 -5.973103408765794 88.04049318028675 -3.637028 -2.29904 62.00855
4511 -7.236433913464689 -6.022851607412649 89.22449496562642 -3.713046 -2.342808 63.19369
4512 -7.14802022068072 -6.0555624716213625 90.416127296948 -3.7866 -2.393096 64.38572
4513 -7.045087962895886 -6.094631681547052 91.60742405679458 -3.857193 -2.442419 65.57899
4514 -6.921035041400064 -6.130132931606225 92.80234360541803 -3.925554 -2.488376 66.77803
4515 -6.7784731080251195 -6.1973675537371316 93.98947336174805 -3.981904 -2.529631 67.97354
4516 -6.721863096913113 -6.236602689370481 95.18454153571246 -4.036864 -2.569024 69.16868
4517 -6.669762227794312 -6.2847286483212415 96.38227884901492 -4.099562 -2.604193 70.36636
4518 -6.5306059587006295 -6.350706706665131 97.57500414538747 -4.173959 -2.646996 71.56592
4519 -6.469518246884489 -6.368215759876569 98.76360331087496 -4.251058 -2.69467 72.75276
4520 -6.507712836941207 -6.374093433591081 99.94194402131782 -4.323029 -2.744968 73.92846
4521 -6.46263605973452 -6.434645685465066 101.12126701139793 -4.396788 -2.802467 75.10649
4522 -6.436602216398337 -6.522977454621127 102.29852295487149 -4.465029 -2.863069 76.28381
4523 -6.243409140663814 -6.5739922785782205 103.45708675924038 -4.525824 -2.925207 77.45626
4524 -6.096029581809244 -6.625773098415243 104.61750699955925 -4.593996 -2.98303 78.62373
4525 -5.995565995129011 -6.6854059639907675 105.79010909812615 -4.660434 -3.039445 79.79891
4526 -5.859339074882995 -6.752774323360061 106.9531992732476 -4.726372 -3.092053 80.96885
4527 -5.792264028107146 -6.794584204481617 108.12142526046647 -4.800834 -3.13883 82.13644
4528 -5.669081149735407 -6.827111488436804 109.27512279009217 -4.871285 -3.178547 83.29433
4529 -5.570274571371916 -6.851866520860787 110.42950704551437 -4.9447 -3.214267 84.45032
4530 -5.490167508603429 -6.900768882175952 111.57542298054288 -5.0164 -3.250277 85.59727
4531 -5.358235774492225 -6.951734352865329 112.70785715944058 -5.08674 -3.288225 86.7357
4532 -5.340866154664482 -6.993856283654044 113.84220698575633 -5.155943 -3.328985 87.86812
4533 -5.198238253449967 -7.0460859716255175 114.97429586030039 -5.214554 -3.368601 89.00816
4534 -5.091748978121562 -7.101128614182525 116.11277062384556 -5.275069 -3.403659 90.15079
4535 -5.00110788737715 -7.141909107990448 117.25431730224393 -5.329539 -3.435396 91.29492
4536 -4.919767439234427 -7.1836045836354065 118.39222628498005 -5.369648 -3.459248 92.43554
4537 -4.841483924632656 -7.21862170561292 119.52243139926414 -5.418986 -3.482548 93.56768
4538 -4.6434301267465745 -7.265897419419142 120.63851358619165 -5.470861 -3.498163 94.70089
4539 -4.562205423498651 -7.303886557302095 121.76327929964984 -5.524006 -3.526732 95.82761
4540 -4.460616363193028 -7.323001919516132 122.89464029882495 -5.583931 -3.562758 96.96153
0 0.0 0.0 0.0 5.551115e-17 3.330669e-16 -4.440892e-16 0.0 0.0 0.0
1 -0.04429945848736484 -0.00557958412200237 0.8592836484413773 -0.04690294 -0.02839928 0.8586941 0.0 0.0 0.0
2 -0.041729519573378206 5.964195839465794e-05 1.7185885970516552 -0.09374345 -0.05676064 1.716275 0.0 0.0 0.0
3 -0.0758026629273181 -0.030252541343588006 2.577816702999006 -0.1406429 -0.08515762 2.574964 0.0 0.0 0.0
4 -0.13764394969832994 -0.06537609857022438 3.434299352011185 -0.1874858 -0.1135202 3.432648 0.0 0.0 0.0
5 -0.16805285183386695 -0.08247228589323305 4.29402714759649 -0.2343818 -0.141915 4.291335 0.0 0.0 0.0
6 0.02471941481529108 -0.07709905075211682 5.131508463625 -0.2812195 -0.1702743 5.148987 0.0 0.0 0.0
7 -0.0014465112788656156 -0.10343167102734477 5.9912456239710945 -0.3281178 -0.1986703 6.007777 0.0 0.0 0.0
8 -0.06701514243550855 -0.10361793447055867 6.848186649352349 -0.3749547 -0.227029 6.865477 0.0 0.0 0.0
9 -0.08105124635403932 -0.11343869784562868 7.708322562724026 -0.4218367 -0.2554151 7.724036 0.0 0.0 0.0
10 -0.1780049306707226 -0.09786087232176938 8.563299836196288 -0.4687329 -0.2838096 8.582886 0.0 0.0 0.0
11 -0.25259489125552165 -0.09907017165812047 9.419188739501111 -0.5155474 -0.3121547 9.440275 0.0 0.0 0.0
12 -0.2463355465622132 -0.13715327128761112 10.278755092607252 -0.562431 -0.3405416 10.29896 0.0 0.0 0.0
13 -0.4151318510169494 -0.12506568463963616 11.122304715394378 -0.6093087 -0.368925 11.15757 0.0 0.0 0.0
14 -0.4945385562359682 -0.13374428310265044 11.978177734612292 -0.6562052 -0.3973964 12.01541 0.0 0.0 0.0
15 -0.565367202863865 -0.15286734110387423 12.830898520418968 -0.7018788 -0.4239119 12.86965 0.0 0.0 0.0
16 -0.6122023476947758 -0.1584791758653157 13.693276472871005 -0.7498241 -0.4540039 13.73146 0.0 0.0 0.0
17 -0.722333217504887 -0.15538887337731025 14.55700241390671 -0.7992511 -0.484077 14.60026 0.0 0.0 0.0
18 -0.7544827861923458 -0.13813897911674208 15.437861868662587 -0.8546642 -0.515507 15.47957 0.0 0.0 0.0
19 -0.8602003025588476 -0.15877985322283356 16.323256168572204 -0.9072868 -0.5464705 16.3694 0.0 0.0 0.0
20 -0.938525938760808 -0.1631603376040588 17.221558529284565 -0.9609163 -0.5783595 17.26896 0.0 0.0 0.0
21 -1.022723660361359 -0.17540310223727623 18.123720384566276 -1.011589 -0.6092403 18.17318 0.0 0.0 0.0
22 -1.079414588581425 -0.19644565941175307 19.034761168093617 -1.066256 -0.6387363 19.08411 0.0 0.0 0.0
23 -1.1477065023249975 -0.20925172013844276 19.94721964744392 -1.118651 -0.6686219 19.99722 0.0 0.0 0.0
24 -1.2397070575401374 -0.17219830481671844 20.860356277647153 -1.17184 -0.6990778 20.91368 0.0 0.0 0.0
25 -1.3851637545661661 -0.14911936302566675 21.77730041921281 -1.224279 -0.7287421 21.84042 0.0 0.0 0.0
26 -1.4769820394302742 -0.1661556654605803 22.708778040663866 -1.280807 -0.7604717 22.77432 0.0 0.0 0.0
27 -1.5506928727683542 -0.17288619053726895 23.643184159199144 -1.334841 -0.7929673 23.70953 0.0 0.0 0.0
28 -1.6435241690863447 -0.18716465632125276 24.58250839742319 -1.385747 -0.8209244 24.65175 0.0 0.0 0.0
29 -1.7561364189945055 -0.17335249580891224 25.522567511873746 -1.436633 -0.8456208 25.59694 0.0 0.0 0.0
30 -1.8203835043921568 -0.186650241987269 26.46972614976451 -1.487044 -0.8702127 26.54471 0.0 0.0 0.0
31 -1.868901586765803 -0.18939373767716747 27.42179103337043 -1.538025 -0.8971121 27.49627 0.0 0.0 0.0
32 -1.9157177699418848 -0.14266227477877189 28.37954446716913 -1.586551 -0.9254151 28.45466 0.0 0.0 0.0
33 -1.9796055513142667 -0.17031324912361598 29.346912456678556 -1.633363 -0.955563 29.42293 0.0 0.0 0.0
34 -2.032356735657136 -0.17703779887037058 30.322494480347103 -1.680971 -0.9838377 30.39839 0.0 0.0 0.0
35 -2.1072401411074844 -0.18655370932736265 31.300415189728405 -1.728893 -1.011772 31.37765 0.0 0.0 0.0
36 -2.190157312799989 -0.18315370581547477 32.27751559750881 -1.768976 -1.036363 32.35714 0.0 0.0 0.0
37 -2.2224400415917973 -0.20434379831478502 33.25732534635887 -1.815834 -1.059789 33.33631 0.0 0.0 0.0
38 -2.264138631475795 -0.25267619207393954 34.241087207830034 -1.870663 -1.088016 34.32021 0.0 0.0 0.0
39 -2.3750565158601105 -0.23434877440422916 35.24818428382135 -1.92978 -1.12988 35.33097 0.0 0.0 0.0
40 -2.4276226920056114 -0.2507750490765834 36.30720156482947 -1.993748 -1.194548 36.38751 0.0 0.0 0.0
41 -2.5853249871038786 -0.255545052956126 37.33985206846985 -2.061112 -1.249881 37.4285 0.0 0.0 0.0
42 -2.6996640836727583 -0.2634251784095348 38.38009877538156 -2.126953 -1.305052 38.47151 0.0 0.0 0.0
43 -2.7732883623098314 -0.24102351606828015 39.412296591217036 -2.190967 -1.349142 39.50365 0.0 0.0 0.0
44 -2.880917793075022 -0.23719073903196616 40.44457133002563 -2.256115 -1.393047 40.53855 0.0 0.0 0.0
45 -2.961822042565633 -0.27241318586036545 41.46654643179416 -2.32994 -1.426813 41.56111 0.0 0.0 0.0
46 -3.0514181052679636 -0.26647607400541884 42.48746688820546 -2.399728 -1.460731 42.58303 0.0 0.0 0.0
47 -3.145852247554797 -0.2754622575614485 43.495533042022586 -2.465214 -1.489501 43.59302 0.0 0.0 0.0
48 -3.2624328122000192 -0.2807452219265967 44.49666810917213 -2.535885 -1.52285 44.5979 0.0 0.0 0.0
49 -3.242846819921461 -0.32604726664262623 45.4991097964722 -2.600016 -1.559885 45.59882 0.0 0.0 0.0
50 -3.3546556254667323 -0.32659276220141276 46.49454620348328 -2.661881 -1.593756 46.59803 0.0 0.0 0.0
51 -3.47765113413208 -0.35238841802882864 47.48422715520388 -2.728914 -1.629817 47.59275 0.0 0.0 0.0
52 -3.53597380038523 -0.3795347024689355 48.47116917948202 -2.800794 -1.664529 48.57856 0.0 0.0 0.0
53 -3.6767639380535613 -0.3601057954277027 49.44135517326595 -2.871336 -1.697621 49.556 0.0 0.0 0.0
54 -3.7800836928507233 -0.3940528040223845 50.41981687728974 -2.937935 -1.729013 50.53773 0.0 0.0 0.0
55 -3.8504261900397543 -0.4210743493829173 51.400490537484885 -3.002463 -1.766742 51.51845 0.0 0.0 0.0
56 -3.98021802655482 -0.4369442326403861 52.370866239079085 -3.065844 -1.798994 52.49501 0.0 0.0 0.0
57 -4.0644414026291695 -0.44876456054852304 53.339738163123116 -3.130185 -1.830051 53.46498 0.0 0.0 0.0
58 -4.1568276165136835 -0.44159624132366593 54.30070824638148 -3.19152 -1.858398 54.42804 0.0 0.0 0.0
59 -4.2552244677257285 -0.44452827771248343 55.26152846943893 -3.248811 -1.886487 55.39178 0.0 0.0 0.0
60 -4.293053467046491 -0.49342763511800125 56.22054722284927 -3.310922 -1.913841 56.35039 0.0 0.0 0.0
61 -4.369347072367414 -0.5387595555072268 57.18078956840011 -3.371514 -1.938229 57.31251 0.0 0.0 0.0
62 -4.454450148021018 -0.535836969976023 58.14105463840115 -3.438994 -1.956763 58.274 0.0 0.0 0.0
63 -4.562080463153614 -0.5376240524284791 59.089302032788694 -3.511313 -1.975962 59.2254 0.0 0.0 0.0
64 -4.627000004885282 -0.5724579001652773 60.03005683275211 -3.579193 -1.998111 60.16633 0.0 0.0 0.0
65 -4.727056871518639 -0.5842428965092415 60.95189914473702 -3.641784 -2.021539 61.09125 0.0 0.0 0.0
66 -4.832774129660973 -0.5977690051464046 61.86324509168362 -3.703384 -2.049159 62.00632 0.0 0.0 0.0
67 -4.953510169329239 -0.5977142542472694 62.7690466635682 -3.776035 -2.078109 62.91678 0.0 0.0 0.0
68 -5.040008670947102 -0.6361664152789522 63.665677043312186 -3.84394 -2.112094 63.81519 0.0 0.0 0.0
69 -5.175383638886247 -0.6449901182645003 64.54118987619707 -3.912602 -2.145353 64.69786 0.0 0.0 0.0
70 -5.2706381303613465 -0.6558328668037801 65.40770283770308 -3.978228 -2.173835 65.56672 0.0 0.0 0.0
71 -5.321852405364987 -0.6926218368999314 66.26346755589384 -4.046625 -2.201409 66.42163 0.0 0.0 0.0
72 -5.451730696261975 -0.6978648800233456 67.09957911334924 -4.114442 -2.230822 67.26455 0.0 0.0 0.0
73 -5.552245229811275 -0.7054702946978388 67.92522318663565 -4.179994 -2.258366 68.09328 0.0 0.0 0.0
74 -5.673563748439541 -0.7362216122311793 68.73522257631926 -4.244856 -2.28331 68.90994 0.0 0.0 0.0
75 -5.749531857236221 -0.7636598882133986 69.5387292103348 -4.313021 -2.307845 69.71424 0.0 0.0 0.0
76 -5.866380190343178 -0.7705781135224494 70.32711661971275 -4.381935 -2.329476 70.50799 0.0 0.0 0.0
77 -5.974690048409978 -0.7814685493987397 71.09888708125035 -4.44551 -2.355391 71.28437 0.0 0.0 0.0
78 -6.114199939243635 -0.7754755021351959 71.84252970198231 -4.514875 -2.382091 72.03735 0.0 0.0 0.0
79 -5.939696365667509 -0.9123458654910023 72.54221931307356 -4.58021 -2.409731 72.76791 0.0 0.0 0.0
80 -6.1046689661217055 -0.8739160185432789 73.23789103612471 -4.644343 -2.432982 73.48065 0.0 0.0 0.0
81 -6.241800912060106 -0.8600449053455537 73.92244575760708 -4.709494 -2.459523 74.17539 0.0 0.0 0.0
82 -6.271742901163953 -0.8972959906460185 74.60077680992922 -4.77573 -2.490277 74.85147 0.0 0.0 0.0
83 -6.337476696973378 -0.9076444135686306 75.2572514286621 -4.837515 -2.525955 75.50744 0.0 0.0 0.0
84 -6.420696066308327 -0.9272235007269817 75.88538299289887 -4.891889 -2.556654 76.13828 0.0 0.0 0.0
85 -6.482503683480162 -0.9336424566488406 76.49643877843192 -4.937677 -2.585469 76.7501 0.0 0.0 0.0
86 -6.629668957140707 -0.9753192028104997 77.07326365418433 -4.985837 -2.616742 77.34409 0.0 0.0 0.0
87 -6.74770779705543 -1.008000235360413 77.64470003115036 -5.039038 -2.646048 77.92534 0.0 0.0 0.0
88 -6.85663851149824 -0.9877323977055249 78.20647225513868 -5.092732 -2.675699 78.49464 0.0 0.0 0.0
89 -6.945242589537215 -1.0029773119441094 78.75619021617572 -5.133801 -2.70184 79.04953 0.0 0.0 0.0
90 -6.959281005191476 -1.0168722162260702 79.29991125949748 -5.159772 -2.729207 79.5923 0.0 0.0 0.0
91 -6.949401027973687 -1.0348500006176027 79.83149545677253 -5.183357 -2.7568 80.12304 0.0 0.0 0.0
92 -7.006614147865179 -1.0369512191778922 80.34093101984291 -5.208269 -2.780022 80.63455 0.0 0.0 0.0
93 -7.088508098842811 -1.0370080792355831 80.8362298559865 -5.235209 -2.801727 81.13538 0.0 0.0 0.0
94 -7.048011682675066 -1.037577850469439 81.32264352854138 -5.248892 -2.822088 81.62286 0.0 0.0 0.0
95 -7.07132886174366 -1.0449319579401857 81.79664979377907 -5.236828 -2.839863 82.09701 0.0 0.0 0.0
96 -7.038176691837116 -1.0560239532508047 82.2555992760759 -5.207469 -2.859306 82.55594 0.0 0.0 0.0
97 -7.023967745972309 -1.0509099914268547 82.71037989608061 -5.163543 -2.878004 83.00846 0.0 0.0 0.0
98 -6.818213869695952 -1.0836259544624105 83.1094443075456 -5.10562 -2.895751 83.45454 0.0 0.0 0.0
99 -6.648159035255626 -1.1080435166943208 83.51204312650454 -5.02956 -2.911918 83.8853 0.0 0.0 0.0
100 -6.634965935962036 -1.1197569268264818 83.95039499028077 -4.934649 -2.926167 84.31338 0.0 0.0 0.0
101 -6.45217442914657 -1.1478248143688736 84.34067141736553 -4.817297 -2.942364 84.72869 0.0 0.0 0.0
102 -6.336729774349219 -1.149013783939092 84.73736126358305 -4.680938 -2.961855 85.1182 0.0 0.0 0.0
103 -6.155481015988307 -1.165911687538606 85.11213323381504 -4.519193 -2.980545 85.50171 0.0 0.0 0.0
104 -6.000858010110493 -1.1758593583654957 85.47759232105112 -4.336344 -2.995233 85.85373 0.0 0.0 0.0
105 -5.80977949996447 -1.1733225168135941 85.83265343211416 -4.130089 -3.006846 86.20001 0.0 0.0 0.0
106 -5.59286389512347 -1.1503288695060527 86.16419441938112 -3.903866 -3.018353 86.52588 0.0 0.0 0.0
107 -5.380392602325508 -1.1589496242868569 86.4774216510577 -3.65638 -3.030941 86.8121 0.0 0.0 0.0
108 -5.141602931757412 -1.187040273777045 86.78103564289304 -3.393066 -3.048142 87.09558 0.0 0.0 0.0
109 -4.8842210339799585 -1.1638797451024678 87.05080827436812 -3.115393 -3.063358 87.34503 0.0 0.0 0.0
110 -4.657181744446531 -1.1469723343141458 87.36520320442361 -2.817803 -3.074584 87.59401 0.0 0.0 0.0
111 -4.351476816560577 -1.1561087089267759 87.59665142489027 -2.508137 -3.08446 87.8201 0.0 0.0 0.0
112 -4.057981460238648 -1.1853702963489183 87.8299067595881 -2.182602 -3.093149 88.00813 0.0 0.0 0.0
113 -3.727971703655898 -1.1781850233806888 88.01885216077471 -1.847638 -3.103538 88.18799 0.0 0.0 0.0
114 -3.413343049308246 -1.1848455737277288 88.21532785387048 -1.511055 -3.116572 88.34349 0.0 0.0 0.0
115 -3.0786164842236543 -1.2038278424439788 88.39478628180032 -1.165582 -3.127427 88.50204 0.0 0.0 0.0
116 -2.7324684211843553 -1.2105838067391093 88.55416096055747 -0.8110714 -3.138031 88.64159 0.0 0.0 0.0
117 -2.3779887147466807 -1.2138450275139314 88.6809288758899 -0.4500223 -3.146259 88.74795 0.0 0.0 0.0
118 -2.0070242062094255 -1.2033625985739997 88.79556556574593 -0.07268361 -3.150458 88.83995 0.0 0.0 0.0
119 -1.6362118892903226 -1.1960555795345829 88.9010772423907 0.3020916 -3.156586 88.93047 0.0 0.0 0.0
120 -1.269903554693439 -1.192075466390189 89.02175281786799 0.676345 -3.166835 89.02315 0.0 0.0 0.0
121 -0.9036690517491707 -1.1978607221384676 89.15151945112204 1.050891 -3.185174 89.12503 0.0 0.0 0.0
122 -0.5268979349907893 -1.2167288200250987 89.26401856023756 1.434583 -3.205997 89.21056 0.0 0.0 0.0
123 -0.13545706280184833 -1.2223986483642042 89.36451871618056 1.83291 -3.222114 89.27715 0.0 0.0 0.0
124 0.2701155647455315 -1.2380699375035162 89.43145163393427 2.240743 -3.234217 89.3295 0.0 0.0 0.0
125 0.6882007380497603 -1.233214420128655 89.50279570474045 2.66275 -3.232193 89.3721 0.0 0.0 0.0
126 1.1134119978984893 -1.2362953245947765 89.56382570564595 3.089762 -3.233114 89.41899 0.0 0.0 0.0
127 1.5566145508972618 -1.247850829747852 89.64307679069233 3.53677 -3.247013 89.47222 0.0 0.0 0.0
128 2.018807666787566 -1.2554160917196475 89.7187923874932 4.002128 -3.269703 89.52059 0.0 0.0 0.0
129 2.4895592045647454 -1.268636675413209 89.78447810947463 4.475771 -3.292077 89.55606 0.0 0.0 0.0
130 2.9737982100046905 -1.2849741954296825 89.84143656109724 4.962461 -3.311658 89.58341 0.0 0.0 0.0
131 3.469670644274078 -1.2980677442075503 89.88815657989169 5.460049 -3.327578 89.60332 0.0 0.0 0.0
132 3.981932757914206 -1.3138615432144651 89.93990462039449 5.974572 -3.344693 89.62101 0.0 0.0 0.0
133 4.5085458565867995 -1.3432095360783 89.9981683220561 6.504623 -3.36274 89.63826 0.0 0.0 0.0
134 5.049536896539551 -1.3786398026308113 90.06514865570607 7.050381 -3.379767 89.65473 0.0 0.0 0.0
135 5.612965888768657 -1.3864074783430642 90.09293288279133 7.614093 -3.394968 89.67153 0.0 0.0 0.0
136 6.191036390238826 -1.4111309650943273 90.17412608246278 8.197957 -3.409306 89.68785 0.0 0.0 0.0
137 6.792022587089525 -1.4334766609895422 90.22257598164629 8.800912 -3.4262 89.70167 0.0 0.0 0.0
138 7.410105671628355 -1.4485741563531556 90.26254049741604 9.42023 -3.442284 89.70786 0.0 0.0 0.0
139 8.048307033160944 -1.46027493555748 90.30712798969765 10.05978 -3.460292 89.71666 0.0 0.0 0.0
140 8.702557253690179 -1.468970125830747 90.3380085295174 10.71458 -3.477648 89.71954 0.0 0.0 0.0
141 9.374487670567609 -1.4939649481952404 90.38479905559794 11.38837 -3.495197 89.72145 0.0 0.0 0.0
142 10.055181572477617 -1.5094986314081527 90.47211939245808 12.07462 -3.511618 89.72018 0.0 0.0 0.0
143 10.760149201897892 -1.5414890645178296 90.52334162044569 12.7819 -3.529809 89.72729 0.0 0.0 0.0
144 11.477562411889412 -1.5982455106440168 90.5975315656997 13.50501 -3.549541 89.73868 0.0 0.0 0.0
145 12.215560741897967 -1.5938125118994853 90.64202330811011 14.24395 -3.570045 89.75239 0.0 0.0 0.0
146 12.973127917386945 -1.617522114423713 90.68987711583524 15.0026 -3.595307 89.77631 0.0 0.0 0.0
147 13.742377446288192 -1.6286700128921172 90.75479318338367 15.77368 -3.621398 89.80526 0.0 0.0 0.0
148 14.5268943424671 -1.6441422714521183 90.82902251738217 16.56055 -3.645849 89.84339 0.0 0.0 0.0
149 15.315758966773 -1.6746776982964373 90.92736426399138 17.35473 -3.669719 89.88363 0.0 0.0 0.0
150 16.114734106844754 -1.6987268068478871 91.00939212828887 18.15651 -3.696455 89.92948 0.0 0.0 0.0
151 16.9112130922486 -1.693251477791766 91.12977614451522 18.95996 -3.726996 89.97884 0.0 0.0 0.0
152 17.714681007641794 -1.7207542736447616 91.23414997429543 19.76819 -3.758629 90.03338 0.0 0.0 0.0
153 18.52245689729902 -1.7770163428322254 91.33361570883866 20.58193 -3.789412 90.08278 0.0 0.0 0.0
154 19.335893642815048 -1.774880710527039 91.43684106977265 21.39947 -3.828201 90.13241 0.0 0.0 0.0
155 20.14521965613616 -1.8074746977771214 91.5676163175755 22.21735 -3.869642 90.18269 0.0 0.0 0.0
156 20.959548796580712 -1.842061485567167 91.64928193850749 23.03432 -3.908789 90.22769 0.0 0.0 0.0
157 21.77181699281789 -1.8874380323281388 91.74739503941483 23.85148 -3.948711 90.27374 0.0 0.0 0.0
158 22.57895878294591 -1.9208551102404108 91.87225163019696 24.6666 -3.991884 90.31732 0.0 0.0 0.0
159 23.38759032009606 -1.939571826001533 91.96489172519536 25.47837 -4.031552 90.365 0.0 0.0 0.0
160 24.191969177288964 -1.9695231245027272 92.07700777555445 26.2888 -4.070675 90.41153 0.0 0.0 0.0
161 24.999223336913825 -2.00726829910269 92.17081657677686 27.10009 -4.110043 90.45782 0.0 0.0 0.0
162 25.806760651647153 -2.0442914944915898 92.24559151763596 27.90992 -4.149285 90.49922 0.0 0.0 0.0
163 26.61470158770987 -2.0757612919699877 92.33752964982153 28.7218 -4.189372 90.53737 0.0 0.0 0.0
164 27.42269522729876 -2.0883756550631576 92.42784035753469 29.53344 -4.227712 90.56802 0.0 0.0 0.0
165 28.228955665427083 -2.1112897369091828 92.47535266463797 30.34032 -4.26442 90.58889 0.0 0.0 0.0
166 29.029966672837322 -2.1529442316884295 92.50331689452769 31.14204 -4.298961 90.60259 0.0 0.0 0.0
167 29.831538406340922 -2.1600904982845184 92.5252817779958 31.94324 -4.332533 90.60409 0.0 0.0 0.0
168 30.626612506694297 -2.2001650966843664 92.58346346669047 32.74069 -4.3668 90.59833 0.0 0.0 0.0
169 31.416301447132557 -2.220451354296523 92.65066758506575 33.53267 -4.400925 90.58651 0.0 0.0 0.0
170 32.2086218630927 -2.2303144682772156 92.66372366626761 34.32424 -4.430514 90.56241 0.0 0.0 0.0
171 32.99560005065208 -2.251549777744398 92.67785704189379 35.11039 -4.460151 90.52962 0.0 0.0 0.0
172 33.775641676812455 -2.2692495831714483 92.69109421081015 35.88915 -4.490465 90.49003 0.0 0.0 0.0
173 34.55171438353237 -2.294471720262871 92.68768142456467 36.66363 -4.51981 90.44253 0.0 0.0 0.0
174 35.31995245037399 -2.3268861110587844 92.65192821864149 37.43083 -4.548257 90.38673 0.0 0.0 0.0
175 36.081580793518654 -2.3445748941395035 92.6405395017762 38.18958 -4.577147 90.32361 0.0 0.0 0.0
176 36.8353362142071 -2.37612878565468 92.61232117197049 38.94049 -4.607065 90.25165 0.0 0.0 0.0
177 37.578719471815724 -2.414042928289179 92.54399168445237 39.68363 -4.635152 90.17629 0.0 0.0 0.0
178 38.31905870225192 -2.4125397764995142 92.52695162471572 40.41876 -4.66402 90.09176 0.0 0.0 0.0
179 39.05128864832685 -2.425046850800317 92.49739531805294 41.14574 -4.69221 90.0029 0.0 0.0 0.0
180 39.774176139800225 -2.4531179204968425 92.4674278303801 41.86324 -4.72176 89.91031 0.0 0.0 0.0
181 40.487992278617824 -2.496883230400308 92.40108728113918 42.57483 -4.746579 89.81611 0.0 0.0 0.0
182 41.192253317574966 -2.4965835369313845 92.34844053682544 43.27463 -4.770015 89.72399 0.0 0.0 0.0
183 41.88219555352569 -2.532425600029153 92.33283196337335 43.95946 -4.793116 89.63442 0.0 0.0 0.0
184 42.55886360500834 -2.53747619666353 92.29412919751206 44.63116 -4.815263 89.54649 0.0 0.0 0.0
185 43.21563381952569 -2.558368768703851 92.23411649914435 45.28497 -4.83706 89.46022 0.0 0.0 0.0
186 43.856874447535176 -2.5760762567082818 92.18451891364279 45.9228 -4.858683 89.37856 0.0 0.0 0.0
187 44.478797756179304 -2.6118241244247904 92.14273428264214 46.54259 -4.880596 89.3065 0.0 0.0 0.0
188 45.083722236918774 -2.6197482976088584 92.14091214613892 47.14397 -4.902936 89.24451 0.0 0.0 0.0
189 45.66610129955885 -2.6756955858795224 92.14077202609879 47.72631 -4.926346 89.19325 0.0 0.0 0.0
190 46.2300883116521 -2.6932665288003297 92.12693510957094 48.28879 -4.950044 89.1528 0.0 0.0 0.0
191 46.7737490666201 -2.703468764568405 92.13251708215826 48.83147 -4.973119 89.12695 0.0 0.0 0.0
192 47.309295067514846 -2.7063771638965903 92.1480482971457 49.36647 -5.001409 89.12113 0.0 0.0 0.0
193 47.836077655317915 -2.7218094687803407 92.18261393780924 49.89376 -5.029978 89.13018 0.0 0.0 0.0
194 48.35613272782111 -2.7545612874025487 92.23712342452146 50.4167 -5.056479 89.14842 0.0 0.0 0.0
195 48.87647653577659 -2.764585191582686 92.30760601335292 50.93941 -5.083698 89.19154 0.0 0.0 0.0
196 49.39396214966784 -2.7517544749449585 92.37554138486254 51.45679 -5.111122 89.25586 0.0 0.0 0.0
197 49.89576754668117 -2.7511403523739975 92.48722915696749 51.96384 -5.139956 89.33556 0.0 0.0 0.0
198 50.39942229149557 -2.7519357038621477 92.59055066703658 52.46407 -5.168307 89.45093 0.0 0.0 0.0
199 50.89936495613233 -2.7779798183063944 92.71760740522745 52.95984 -5.197886 89.59271 0.0 0.0 0.0
200 51.34263776765221 -2.8051591199661914 92.94151652341952 53.43056 -5.228395 89.75037 0.0 0.0 0.0
201 51.791404340804306 -2.805820216639503 93.16021462478648 53.88945 -5.254058 89.94526 0.0 0.0 0.0
202 52.22513416089009 -2.818707090143963 93.39646492649979 54.33154 -5.281038 90.16419 0.0 0.0 0.0
203 52.61985367837989 -2.8390097492637207 93.64302629345391 54.73889 -5.307765 90.3886 0.0 0.0 0.0
204 53.0273123902518 -2.8302544324950287 93.89680917402896 55.13319 -5.33687 90.66097 0.0 0.0 0.0
205 53.375848877707995 -2.842103763662576 94.19032443123304 55.49149 -5.362113 90.9416 0.0 0.0 0.0
206 53.71343498910151 -2.859805831520196 94.52753013041941 55.83593 -5.389737 91.27112 0.0 0.0 0.0
207 54.02623981271923 -2.870024764596119 94.8864210465935 56.15845 -5.418165 91.6203 0.0 0.0 0.0
208 54.318107267825056 -2.892571704894923 95.23133922410406 56.44855 -5.448053 91.96615 0.0 0.0 0.0
209 54.58077227100569 -2.9173826285688587 95.6292969332976 56.72244 -5.479109 92.35602 0.0 0.0 0.0
210 54.822074226760165 -2.9338356621420316 96.04155261192471 56.96793 -5.510534 92.76492 0.0 0.0 0.0
211 55.01752688427479 -2.9434326625193097 96.45465890552872 57.17528 -5.539453 93.17127 0.0 0.0 0.0
212 55.18134958042236 -2.96209084505039 96.90676793205613 57.37005 -5.564449 93.61062 0.0 0.0 0.0
213 55.33614487571266 -2.970603072234788 97.36343890473597 57.53992 -5.590987 94.0612 0.0 0.0 0.0
214 55.4842423039114 -2.9654087530613347 97.80952321274316 57.68438 -5.612666 94.50798 0.0 0.0 0.0
215 55.57266960469493 -2.9894679967800877 98.29175510216133 57.81242 -5.628018 94.9816 0.0 0.0 0.0
216 55.656231026764644 -2.9919400243827905 98.76375197841922 57.9272 -5.638494 95.44688 0.0 0.0 0.0
217 55.77055014219304 -2.980257092262858 99.2417716460154 58.04176 -5.648502 95.92488 0.0 0.0 0.0
218 55.88763138395746 -2.962370310729252 99.71976201830157 58.16224 -5.661977 96.40217 0.0 0.0 0.0
219 55.97121973971832 -2.9722211628966604 100.20864211672732 58.27731 -5.680139 96.88437 0.0 0.0 0.0
220 56.04385105437263 -2.970559776651013 100.71073878565805 58.38327 -5.692607 97.38035 0.0 0.0 0.0
221 56.129480407925236 -2.9529859502048303 101.22153515804453 58.48694 -5.69871 97.88806 0.0 0.0 0.0
222 56.19514559916281 -2.950164625332865 101.74308874352421 58.58946 -5.712881 98.40345 0.0 0.0 0.0
223 56.26535506958655 -2.9519484553625834 102.2745201216477 58.69673 -5.73231 98.9283 0.0 0.0 0.0
224 56.351143241257915 -2.9592932764995368 102.81353304291004 58.81399 -5.756138 99.46087 0.0 0.0 0.0
225 56.45172053706824 -2.9654252341391976 103.36086310992991 58.94036 -5.778487 100.0024 0.0 0.0 0.0
226 56.554029616267464 -2.9626005529172494 103.91612090699844 59.07451 -5.797891 100.5505 0.0 0.0 0.0
227 56.67227782457701 -2.9435625053971943 104.48011273027181 59.20976 -5.818562 101.1106 0.0 0.0 0.0
228 56.79901383733166 -2.941223881940375 105.06419972214492 59.34323 -5.84477 101.6926 0.0 0.0 0.0
229 56.909634813132115 -2.936051784336157 105.66291206636653 59.47979 -5.872668 102.2853 0.0 0.0 0.0
230 57.02930584683754 -2.953987044060744 106.27446777017403 59.63546 -5.900971 102.8883 0.0 0.0 0.0
231 57.16643465567413 -2.969136033389468 106.89278243951753 59.7988 -5.928075 103.4998 0.0 0.0 0.0
232 57.29876234573361 -2.9741656953308286 107.52579758308464 59.96454 -5.953554 104.1244 0.0 0.0 0.0
233 57.44841115894004 -2.9719107323901257 108.16122370337247 60.13424 -5.97519 104.7544 0.0 0.0 0.0
234 57.601071370857554 -2.98645136956652 108.80505723245263 60.30914 -5.99825 105.3923 0.0 0.0 0.0
235 57.72833560133842 -2.9846027906186094 109.45885969804905 60.48079 -6.023068 106.0354 0.0 0.0 0.0
236 57.876615428483426 -2.98504089255761 110.121237714765 60.64973 -6.049018 106.6923 0.0 0.0 0.0
237 57.98109722151291 -2.98061165262362 110.80624826416913 60.81912 -6.075562 107.3637 0.0 0.0 0.0
238 58.08450160593093 -3.0194476719607644 111.51123791672168 60.9951 -6.103151 108.0547 0.0 0.0 0.0
239 58.23188481435381 -3.02757013849486 112.22598143408185 61.17722 -6.135437 108.7607 0.0 0.0 0.0
240 58.357386859814945 -3.0433137066646663 112.95466654465798 61.35508 -6.168814 109.4778 0.0 0.0 0.0
241 58.49694372981698 -3.058026009570042 113.68458567519743 61.52759 -6.198021 110.2002 0.0 0.0 0.0
242 58.68722886875415 -3.0544471822245525 114.4090551921652 61.69627 -6.225332 110.9295 0.0 0.0 0.0
243 58.82952977976033 -3.058213953085314 115.15689034514017 61.87414 -6.252301 111.6692 0.0 0.0 0.0
244 58.983412012294046 -3.074218874844538 115.91503669082742 62.05312 -6.282018 112.4214 0.0 0.0 0.0
245 59.15305677446052 -3.104624743591165 116.68545361146145 62.23417 -6.31524 113.1891 0.0 0.0 0.0
246 59.28296016728393 -3.1249956382316504 117.47255157222969 62.41758 -6.351409 113.9649 0.0 0.0 0.0
247 59.38281988531995 -3.153187832637368 118.2777283183627 62.60024 -6.387404 114.7551 0.0 0.0 0.0
248 59.525136143353585 -3.1486118220386308 119.09603290267243 62.78483 -6.419328 115.5643 0.0 0.0 0.0
249 59.66128343807938 -3.1543346827177583 119.91603404461584 62.97372 -6.450506 116.3732 0.0 0.0 0.0
250 59.805924529475746 -3.1644268197630505 120.74383001302746 63.15739 -6.483943 117.1926 0.0 0.0 0.0
251 59.97601041900692 -3.174057574190005 121.56547719431367 63.33463 -6.517585 118.0121 0.0 0.0 0.0
252 60.118039819494946 -3.1635351728802554 122.3973002297507 63.51246 -6.551031 118.8364 0.0 0.0 0.0
253 60.25162671428261 -3.1752285956257427 123.23581935055205 63.6913 -6.583319 119.6659 0.0 0.0 0.0
254 60.40195377948571 -3.1897763502591037 124.07881132855573 63.87033 -6.619743 120.5026 0.0 0.0 0.0
255 60.565865924292034 -3.208328603017523 124.92439189981938 64.05736 -6.658079 121.3427 0.0 0.0 0.0
256 60.71657011005357 -3.2224468830131396 125.77258007704948 64.25325 -6.695256 122.1809 0.0 0.0 0.0
257 60.93172765323899 -3.2282336593478753 126.60924070510012 64.44981 -6.728166 123.0215 0.0 0.0 0.0
258 61.11519587189585 -3.2511302889192506 127.46961791249124 64.65586 -6.752867 123.8767 0.0 0.0 0.0
259 61.31546447018089 -3.286396888310265 128.3188823686722 64.8645 -6.784235 124.7241 0.0 0.0 0.0
260 61.48003472417657 -3.3296223399580094 129.17357464299008 65.06629 -6.818192 125.5712 0.0 0.0 0.0
261 61.6541798738401 -3.3381026119896706 130.03019104561375 65.26209 -6.849345 126.4226 0.0 0.0 0.0
262 61.81954564779139 -3.35339236304769 130.88924773737168 65.45904 -6.878751 127.2746 0.0 0.0 0.0
263 61.97783357338063 -3.371844619805558 131.7442028459997 65.65809 -6.913045 128.1205 0.0 0.0 0.0
264 62.126755917570954 -3.390345496369782 132.57797642086953 65.86477 -6.955017 128.941 0.0 0.0 0.0
265 62.32773753527442 -3.400461354619114 133.39053814758398 66.08066 -7.000709 129.7485 0.0 0.0 0.0
266 62.492750765217764 -3.4141414800117444 134.21288977250663 66.29836 -7.046839 130.5573 0.0 0.0 0.0
267 62.6502728342399 -3.426256411044388 135.05166853208573 66.51051 -7.092137 131.3828 0.0 0.0 0.0
268 62.82618342594559 -3.4649851689950744 135.9027449725124 66.72265 -7.134533 132.2254 0.0 0.0 0.0
269 62.98432154227887 -3.481902640801828 136.7495980625075 66.93208 -7.177765 133.0601 0.0 0.0 0.0
270 63.13912081004097 -3.4889585705358823 137.56807615225205 67.13546 -7.203471 133.8675 0.0 0.0 0.0
271 63.27559818018528 -3.498960758533538 138.37628193825566 67.33397 -7.221705 134.6626 0.0 0.0 0.0
272 63.45319524544028 -3.5103063849553235 139.18039270688018 67.53946 -7.240417 135.4599 0.0 0.0 0.0
273 63.60869759515571 -3.5262696895662664 139.9955904022522 67.74822 -7.275568 136.2625 0.0 0.0 0.0
274 63.746730132960174 -3.547999667405928 140.81657847028936 67.9399 -7.307651 137.0723 0.0 0.0 0.0
275 63.87887329566342 -3.5693088463853258 141.62768810824898 68.12659 -7.329594 137.8726 0.0 0.0 0.0
276 64.02080668350557 -3.589402682653917 142.4326033593535 68.31148 -7.347445 138.6688 0.0 0.0 0.0
277 64.1656950390915 -3.6139046412630083 143.25182974677085 68.48738 -7.375994 139.4818 0.0 0.0 0.0
278 64.29799314897828 -3.6261644513735067 144.04331714633983 68.65535 -7.400654 140.2662 0.0 0.0 0.0
279 64.45153987956218 -3.640733089560743 144.84896053195928 68.8308 -7.431426 141.0669 0.0 0.0 0.0
280 64.5942766739748 -3.685517226857415 145.65500264978462 69.01055 -7.461305 141.8662 0.0 0.0 0.0
281 64.73813145334132 -3.7014711580009725 146.45578562346444 69.18789 -7.492154 142.6598 0.0 0.0 0.0
282 64.85947675817475 -3.7252483115737314 147.25652351909062 69.35983 -7.522327 143.451 0.0 0.0 0.0
283 64.9714597462273 -3.741898845768223 148.05133688296536 69.53255 -7.548491 144.2346 0.0 0.0 0.0
284 65.11075480459756 -3.7578816879235655 148.84981014475642 69.69416 -7.579826 145.0284 0.0 0.0 0.0
285 65.2282635139617 -3.776558780692476 149.65716424174812 69.84462 -7.612956 145.8298 0.0 0.0 0.0
286 65.33540958362576 -3.80381490763552 150.46825970527604 69.99277 -7.64599 146.6342 0.0 0.0 0.0
287 65.48047136142097 -3.8072538315112805 151.27276109477734 70.1315 -7.668862 147.4395 0.0 0.0 0.0
288 65.57472116495344 -3.8049165943546153 152.07857899137778 70.25738 -7.690397 148.2407 0.0 0.0 0.0
289 65.66148865196017 -3.794611527173702 152.8758015175133 70.37981 -7.71208 149.033 0.0 0.0 0.0
290 65.74998667409109 -3.7878008174747806 153.6683820539967 70.50797 -7.73271 149.8199 0.0 0.0 0.0
291 65.8754848382737 -3.7831006858111818 154.46409499919122 70.63407 -7.751909 150.6153 0.0 0.0 0.0
292 65.92496540568952 -3.78720877512412 155.27849958056305 70.75332 -7.779012 151.422 0.0 0.0 0.0
293 65.9574220171867 -3.806979201742957 156.09987230873853 70.85703 -7.812429 152.237 0.0 0.0 0.0
294 65.99143566165314 -3.8170903239647895 156.9170252857401 70.95263 -7.841404 153.0488 0.0 0.0 0.0
295 66.03594628410278 -3.841013106369512 157.72812666576058 71.05219 -7.868414 153.8549 0.0 0.0 0.0
296 66.06456005428103 -3.860928001552203 158.54338084356715 71.14828 -7.891249 154.6649 0.0 0.0 0.0
297 66.13610537730547 -3.8693126074557616 159.36308671319244 71.23668 -7.916918 155.4826 0.0 0.0 0.0
298 66.21429791789747 -3.8798212622856982 160.18775691032002 71.30611 -7.939937 156.3078 0.0 0.0 0.0
299 66.24532780793116 -3.8933226484485655 161.0180229067243 71.36837 -7.966304 157.136 0.0 0.0 0.0
300 66.29013527519032 -3.8990483407609093 161.84209644456806 71.43075 -7.990297 157.9586 0.0 0.0 0.0
301 66.29561645851642 -3.912630718970502 162.66585332457365 71.4907 -8.012612 158.78 0.0 0.0 0.0
302 66.32110941446611 -3.9193380564482103 163.48940826442035 71.54565 -8.036337 159.6018 0.0 0.0 0.0
303 66.33423041261028 -3.9249581256115884 164.30972155296035 71.59206 -8.062682 160.4205 0.0 0.0 0.0
304 66.31156710498013 -3.9429917171054183 165.12808752212703 71.62754 -8.085177 161.2383 0.0 0.0 0.0
305 66.34707490487243 -3.9480651850592166 165.94500874827477 71.66501 -8.105358 162.0549 0.0 0.0 0.0
306 66.34356771431027 -3.957009005935026 166.78034753674717 71.70556 -8.124046 162.8891 0.0 0.0 0.0
307 66.31303807285244 -3.964998811676523 167.62010241328713 71.73958 -8.140372 163.7286 0.0 0.0 0.0
308 66.36944012676348 -3.992235476342511 168.45391116196603 71.7754 -8.158203 164.5638 0.0 0.0 0.0
309 66.36710184900844 -3.9950238120611834 169.27782464083202 71.81125 -8.173449 165.3868 0.0 0.0 0.0
310 66.37940377915693 -3.993791138280816 170.09327772167663 71.85566 -8.188372 166.201 0.0 0.0 0.0
311 66.38125587616223 -3.996760732487139 170.91170134539232 71.88912 -8.197125 167.0187 0.0 0.0 0.0
312 66.38615618266095 -4.013582432749557 171.73950408904355 71.90149 -8.209715 167.8465 0.0 0.0 0.0
313 66.36955574702553 -4.026010827551334 172.57410576410797 71.91447 -8.225974 168.6811 0.0 0.0 0.0
314 66.33185032580482 -4.042166609946765 173.40958496626132 71.93066 -8.240659 169.5173 0.0 0.0 0.0
315 66.34040975608329 -4.066193757095275 174.2502740562662 71.9442 -8.251269 170.3582 0.0 0.0 0.0
316 66.32668731185196 -4.060328303493983 175.09329140141358 71.95036 -8.265898 171.2012 0.0 0.0 0.0
317 66.28000345012057 -4.07069437832069 175.92878314473336 71.94712 -8.281895 172.0379 0.0 0.0 0.0
318 66.22470726926365 -4.07414331408187 176.75615343627442 71.94423 -8.295895 172.867 0.0 0.0 0.0
319 66.19524703325729 -4.070084659221367 177.58814335130654 71.9461 -8.314995 173.6993 0.0 0.0 0.0
320 66.12097814163705 -4.0736619937354295 178.43781015706 71.92242 -8.332767 174.5517 0.0 0.0 0.0
321 66.05811703505285 -4.087446239765115 179.29608632808038 71.88077 -8.350218 175.4112 0.0 0.0 0.0
322 65.99230374505971 -4.096812560020347 180.14967853581493 71.83806 -8.369208 176.2661 0.0 0.0 0.0
323 65.92524526363796 -4.10343264913241 180.99220556274912 71.80048 -8.380943 177.1104 0.0 0.0 0.0
324 65.85895843538528 -4.101830198489618 181.82797099513857 71.7593 -8.392488 177.9477 0.0 0.0 0.0
325 65.78585535034682 -4.093245764918437 182.6642508655134 71.70504 -8.408732 178.7853 0.0 0.0 0.0
326 65.74772763083638 -4.088889666870133 183.51109005973842 71.66001 -8.427651 179.6316 0.0 0.0 0.0
327 65.68127374643203 -4.098599270596459 184.36703227545104 71.62938 -8.451315 180.4893 0.0 0.0 0.0
328 65.60833727892569 -4.115552913606663 185.22687754420897 71.58675 -8.471918 181.3511 0.0 0.0 0.0
329 65.54300426074846 -4.123558440857404 186.08904678256377 71.53819 -8.495182 182.2141 0.0 0.0 0.0
330 65.4728614890198 -4.135428107880518 186.94276759778558 71.49582 -8.51899 183.0694 0.0 0.0 0.0
331 65.39454473221991 -4.146594608075153 187.78917313448872 71.45164 -8.543212 183.918 0.0 0.0 0.0
332 65.3385675154819 -4.157224587227576 188.6330167626601 71.41963 -8.567846 184.7628 0.0 0.0 0.0
333 65.24781588986473 -4.181673190636674 189.476991524569 71.38986 -8.596086 185.611 0.0 0.0 0.0
334 65.17351325408768 -4.197601433494515 190.33590727546488 71.34131 -8.625507 186.4714 0.0 0.0 0.0
335 65.11450760520287 -4.218023705331299 191.19800933296256 71.28399 -8.65918 187.3332 0.0 0.0 0.0
336 65.02899465206347 -4.233675938816496 192.04441566608944 71.2292 -8.688115 188.1818 0.0 0.0 0.0
337 64.94662735989226 -4.238257593217143 192.88041156817528 71.18264 -8.712856 189.0202 0.0 0.0 0.0
338 64.86631629029345 -4.24943628581436 193.71406336906804 71.13685 -8.736466 189.8562 0.0 0.0 0.0
339 64.77727826515884 -4.261174322922251 194.55034557218252 71.07577 -8.761375 190.6947 0.0 0.0 0.0
340 64.69965630242898 -4.277591605844905 195.38991448491058 71.01964 -8.788561 191.5357 0.0 0.0 0.0
341 64.59991851937625 -4.29743996844188 196.22353615295606 70.96425 -8.81671 192.3732 0.0 0.0 0.0
342 64.52521869902978 -4.30218807076139 197.0574569531167 70.90819 -8.838886 193.2083 0.0 0.0 0.0
343 64.4349872534097 -4.307087824532676 197.8867753197982 70.84733 -8.861377 194.04 0.0 0.0 0.0
344 64.36467128740139 -4.327987300045212 198.70925995804237 70.79115 -8.884907 194.8635 0.0 0.0 0.0
345 64.26358408890343 -4.343132141269871 199.5180333297264 70.73224 -8.906076 195.6763 0.0 0.0 0.0
346 64.19679162164105 -4.351871405582477 200.33115408864003 70.67083 -8.923746 196.4897 0.0 0.0 0.0
347 64.11961305024235 -4.355928881073243 201.03431297523215 70.62911 -8.938874 197.1957 0.0 0.0 0.0
348 64.04039832751684 -4.374251599244276 201.73792651020884 70.58733 -8.954024 197.9026 0.0 0.0 0.0
349 63.96884653900358 -4.384896860753936 202.44211563722797 70.54557 -8.969162 198.6091 0.0 0.0 0.0
350 63.89533126585436 -4.389360849827942 203.14626978202605 70.5038 -8.984301 199.3157 0.0 0.0 0.0
351 63.808744967495585 -4.396637858100547 203.84881294517487 70.46202 -8.999441 200.0222 0.0 0.0 0.0
352 63.7426995103565 -4.420814797722996 204.5529037506274 70.42027 -9.01457 200.7284 0.0 0.0 0.0
353 63.677279062385665 -4.429869872973679 205.25700851395493 70.37852 -9.029691 201.4342 0.0 0.0 0.0
354 63.6119275863465 -4.447548331977078 205.96266713831287 70.33667 -9.044849 202.1417 0.0 0.0 0.0
355 63.549621733687644 -4.461569615858822 206.6671740488906 70.29491 -9.059972 202.8477 0.0 0.0 0.0
356 63.50438007396186 -4.4731658777096 207.37393102167002 70.25308 -9.075116 203.5546 0.0 0.0 0.0
357 63.437240190839454 -4.484876924602917 208.07843954887105 70.21128 -9.090248 204.261 0.0 0.0 0.0
358 63.36478695656623 -4.484871277097806 208.78171347801066 70.16952 -9.105362 204.9666 0.0 0.0 0.0
359 63.2908034929824 -4.472066849246642 209.48572039405593 70.12768 -9.120498 205.6732 0.0 0.0 0.0
360 63.245118954610234 -4.46668623897906 210.191419815795 70.0859 -9.135614 206.379 0.0 0.0 0.0
361 63.22992645583919 -4.497882657680631 210.89856840324342 70.04406 -9.150747 207.0856 0.0 0.0 0.0
362 63.18441792086593 -4.505232654997567 211.6101473515921 69.99905 -9.16529 207.7971 0.0 0.0 0.0
363 63.17946170516954 -4.496112003318258 212.2587159025564 69.98606 -9.185709 208.4453 0.0 0.0 0.0
364 63.12770568265461 -4.520444765959473 212.90438223280108 69.98306 -9.208113 209.0931 0.0 0.0 0.0
365 63.08343553719167 -4.547437083101416 213.54989771704606 69.99464 -9.235771 209.74 0.0 0.0 0.0
366 63.06435958961136 -4.56946313920172 214.18558118440743 70.00778 -9.261371 210.3757 0.0 0.0 0.0
367 63.05638863084209 -4.575494500563905 214.82413524296194 70.01564 -9.283511 211.0139 0.0 0.0 0.0
368 63.01792562984994 -4.558498745049452 215.45893121783115 70.01951 -9.30223 211.6498 0.0 0.0 0.0
369 62.994467551735696 -4.560433770132026 216.10480543744757 70.02608 -9.317034 212.2959 0.0 0.0 0.0
370 63.01577861010498 -4.566833590344542 216.75324493895596 70.03039 -9.333416 212.9445 0.0 0.0 0.0
371 63.0100958074573 -4.567405843836067 217.4107591274272 70.03031 -9.346935 213.6019 0.0 0.0 0.0
372 62.97824777658467 -4.570964106538538 218.06075627532638 70.01762 -9.361494 214.2524 0.0 0.0 0.0
373 62.945254847147496 -4.567616545337467 218.71059445383023 70.00789 -9.378064 214.9028 0.0 0.0 0.0
374 62.93059553355797 -4.569270847321543 219.36440827446575 70.00644 -9.397152 215.5565 0.0 0.0 0.0
375 62.93496034357476 -4.592029320247451 220.02498934504268 70.01323 -9.415421 216.2172 0.0 0.0 0.0
376 62.87970143838403 -4.602433728658382 220.69892806350808 70.00612 -9.429329 216.8933 0.0 0.0 0.0
377 62.84564043906128 -4.605621835535155 221.38434946104076 69.98281 -9.452115 217.5788 0.0 0.0 0.0
378 62.83985854704783 -4.6102583940191275 222.07663771866916 69.97211 -9.473975 218.2707 0.0 0.0 0.0
379 62.81511471308326 -4.623850014347121 222.76981066176316 69.96763 -9.487565 218.9643 0.0 0.0 0.0
380 62.77544084443259 -4.624791560568253 223.45079106658622 69.95651 -9.495411 219.6463 0.0 0.0 0.0
381 62.712126774520705 -4.6320191316550146 224.11939206195743 69.93436 -9.510323 220.3174 0.0 0.0 0.0
382 62.69007092540382 -4.6222965211670735 224.77267026394648 69.94019 -9.540496 220.9704 0.0 0.0 0.0
383 62.657686784828044 -4.617195296500766 225.42703307804203 69.96054 -9.567751 221.6247 0.0 0.0 0.0
384 62.621123663908676 -4.607361580066521 226.1073186320197 69.97285 -9.591872 222.3055 0.0 0.0 0.0
385 62.623012721168095 -4.606825119594527 226.79408646867842 69.98119 -9.615886 222.9918 0.0 0.0 0.0
386 62.57319868122155 -4.614725061058487 227.473609348748 69.9843 -9.650603 223.6723 0.0 0.0 0.0
387 62.54112399015674 -4.631375963141073 228.15486243986902 69.98163 -9.68375 224.3537 0.0 0.0 0.0
388 62.49583814888141 -4.6450233325147074 228.82811407496038 69.98542 -9.716608 225.0278 0.0 0.0 0.0
389 62.46005282715719 -4.6426984190297125 229.51325569812698 69.98607 -9.742245 225.7134 0.0 0.0 0.0
390 62.39394321124831 -4.6614609375076625 230.1961365883185 69.98187 -9.771343 226.3991 0.0 0.0 0.0
391 62.351662312359394 -4.653106674053078 230.88593545362292 69.96949 -9.792795 227.0898 0.0 0.0 0.0
392 62.30895074753545 -4.651796627101937 231.56855194311265 69.96118 -9.818999 227.7732 0.0 0.0 0.0
393 62.25931549614978 -4.660538051781804 232.2484377130001 69.94919 -9.840708 228.4545 0.0 0.0 0.0
394 62.20790947345709 -4.666694533400117 232.91821043812482 69.93862 -9.863524 229.1258 0.0 0.0 0.0
395 62.14803466720492 -4.672213476409424 233.58288758627143 69.92429 -9.884742 229.7927 0.0 0.0 0.0
396 62.07297178132608 -4.655536578355093 234.24070370811387 69.90717 -9.909781 230.4543 0.0 0.0 0.0
397 62.04566598980653 -4.666391217414492 234.89886551334143 69.88635 -9.937611 231.1122 0.0 0.0 0.0
398 62.010958608790986 -4.68317367924488 235.5552534903352 69.87145 -9.964503 231.769 0.0 0.0 0.0
399 61.95525841478347 -4.699618044228148 236.20257759821612 69.85983 -9.992889 232.4182 0.0 0.0 0.0
400 61.90731988171926 -4.71430122285283 236.82340713247984 69.84446 -10.01409 233.0405 0.0 0.0 0.0
401 61.85386514387217 -4.716035246319631 237.43111649900658 69.8271 -10.03357 233.65 0.0 0.0 0.0
402 61.80249955836132 -4.719549604870707 238.0269009600402 69.8102 -10.04766 234.2476 0.0 0.0 0.0
403 61.74172171758861 -4.705858538352002 238.59427780902908 69.80096 -10.05898 234.8182 0.0 0.0 0.0
404 61.683920143575556 -4.697533824632577 239.13924856611897 69.78279 -10.06888 235.3659 0.0 0.0 0.0
405 61.65032709697514 -4.72037150668568 239.669409001552 69.75496 -10.07841 235.8968 0.0 0.0 0.0
406 61.56593664044295 -4.7413537417812694 240.1843292081439 69.71456 -10.08536 236.4174 0.0 0.0 0.0
407 61.49581408069939 -4.735374158421934 240.69630186190375 69.66405 -10.08899 236.9317 0.0 0.0 0.0
408 61.4000676240742 -4.7333913995314685 241.19640853423564 69.60296 -10.09296 237.4372 0.0 0.0 0.0
409 61.29524517357348 -4.7399044953359075 241.69769023194073 69.52087 -10.09963 237.9427 0.0 0.0 0.0
410 61.173559299227676 -4.741304808889395 242.19088574338284 69.42542 -10.1059 238.4416 0.0 0.0 0.0
411 61.072288431826955 -4.766405958905614 242.67084909009148 69.315 -10.11569 238.9201 0.0 0.0 0.0
412 60.90147678429262 -4.7850022491945525 243.13223984428376 69.18511 -10.12556 239.3949 0.0 0.0 0.0
413 60.6951362908451 -4.790012200695696 243.5502610125872 69.02217 -10.13488 239.8316 0.0 0.0 0.0
414 60.49608707026502 -4.804489746941488 243.98513303219892 68.84642 -10.14043 240.2766 0.0 0.0 0.0
415 60.25386897061711 -4.815550434531257 244.39473048372054 68.64775 -10.14643 240.7091 0.0 0.0 0.0
416 59.96992717533975 -4.8191205257182865 244.74197123844783 68.41495 -10.15095 241.0925 0.0 0.0 0.0
417 59.70178051794015 -4.8515656176619855 245.11473054394426 68.16609 -10.16774 241.4794 0.0 0.0 0.0
418 59.410635718817915 -4.866715024009143 245.46516976824913 67.89906 -10.18148 241.8486 0.0 0.0 0.0
419 59.156363955356404 -4.862402845799989 245.80753884340817 67.60937 -10.18159 242.1616 0.0 0.0 0.0
420 58.83253667606841 -4.875254644326265 246.10654725694124 67.31827 -10.18322 242.4928 0.0 0.0 0.0
421 58.48492086968812 -4.876285128569694 246.38118388916064 67.0089 -10.18416 242.8099 0.0 0.0 0.0
422 58.13551223330612 -4.8933714004130815 246.6229220465462 66.67291 -10.17111 243.0702 0.0 0.0 0.0
423 57.777461196446836 -4.924535585552443 246.8719458606054 66.33224 -10.16386 243.3442 0.0 0.0 0.0
424 57.38871189828106 -4.94373586197728 247.05084367937582 65.98247 -10.15157 243.5912 0.0 0.0 0.0
425 57.02282051453483 -4.957302837756789 247.23596993161595 65.62105 -10.13305 243.7845 0.0 0.0 0.0
426 56.651405950055306 -4.966715814793226 247.42434506175735 65.26011 -10.11788 243.9919 0.0 0.0 0.0
427 56.27046814793487 -4.963188414486735 247.5781328251286 64.89784 -10.09595 244.1844 0.0 0.0 0.0
428 55.8945522626457 -4.950160748723158 247.71935832003658 64.52042 -10.07158 244.32 0.0 0.0 0.0
429 55.50247239424403 -4.9089013016086565 247.83676612266459 64.1403 -10.04135 244.4743 0.0 0.0 0.0
430 55.09442837553841 -4.9053067497240646 247.94572092290448 63.73047 -10.01139 244.5719 0.0 0.0 0.0
431 55.087283699830465 -4.740079721465119 248.35059411480873 63.3085 -9.982249 244.6831 0.0 0.0 0.0
432 54.63762568680178 -4.7439070744973675 248.38126260658544 62.86751 -9.956809 244.7727 0.0 0.0 0.0
433 54.17263481472942 -4.7593519734631595 248.40780294634064 62.40525 -9.929802 244.8251 0.0 0.0 0.0
434 53.70280861166762 -4.761299894666891 248.3892914896579 61.93966 -9.901649 244.8844 0.0 0.0 0.0
435 53.21951386640722 -4.765225851050143 248.38514824525726 61.45894 -9.873647 244.926 0.0 0.0 0.0
436 52.722675794580184 -4.782748820708022 248.35446785643052 60.96195 -9.844318 244.9414 0.0 0.0 0.0
437 52.22159799730021 -4.793590341730327 248.33286403595883 60.4615 -9.81181 244.9539 0.0 0.0 0.0
438 51.709976091178845 -4.810979350101564 248.27545794307136 59.94742 -9.779054 244.952 0.0 0.0 0.0
439 51.18713349785082 -4.823712980141474 248.2151119964632 59.42184 -9.749152 244.9457 0.0 0.0 0.0
440 50.659499638761254 -4.85296125197132 248.1180261277633 58.88559 -9.72066 244.9283 0.0 0.0 0.0
441 50.113409687119294 -4.87291131597548 248.04277283506516 58.33537 -9.69156 244.9021 0.0 0.0 0.0
442 49.55081680563921 -4.895672316931343 247.98911248347838 57.77118 -9.660943 244.8764 0.0 0.0 0.0
443 48.97721192595645 -4.927980366419248 247.9080023974754 57.19241 -9.62949 244.8503 0.0 0.0 0.0
444 48.38711217766745 -4.937873332121292 247.81277329932323 56.59598 -9.598446 244.824 0.0 0.0 0.0
445 47.77879123348638 -4.970596139802135 247.72034766224598 55.98115 -9.567377 244.7978 0.0 0.0 0.0
446 47.15523791958961 -4.995951718105995 247.60637122725515 55.34817 -9.534743 244.7709 0.0 0.0 0.0
447 46.51814468882448 -5.001166202431283 247.45214073048012 54.69404 -9.501856 244.7438 0.0 0.0 0.0
448 45.859469777443316 -5.024620802056234 247.3106872763178 54.02129 -9.467967 244.7179 0.0 0.0 0.0
449 45.17835068852575 -5.063930601386531 247.23892279910444 53.33773 -9.428068 244.6758 0.0 0.0 0.0
450 44.4948555983145 -5.101782244298282 247.13155263785373 52.65042 -9.376197 244.6048 0.0 0.0 0.0
451 43.78230416911946 -5.099953735702354 247.1253796084175 51.94411 -9.321575 244.5279 0.0 0.0 0.0
452 43.04767494235216 -5.121582319634475 247.02247298174862 51.20668 -9.271451 244.4614 0.0 0.0 0.0
453 42.30287771330132 -5.19090830283308 246.89050179292042 50.45197 -9.222874 244.3907 0.0 0.0 0.0
454 41.51494734810371 -5.175787357091692 246.886547923493 49.66726 -9.176746 244.3343 0.0 0.0 0.0
455 40.72498655201123 -5.206365227027507 246.75435330557258 48.86814 -9.139656 244.2845 0.0 0.0 0.0
456 39.92841083111922 -5.2694868847737775 246.60913917971106 48.05807 -9.108985 244.235 0.0 0.0 0.0
457 39.100822910929224 -5.296027933526969 246.49763843222172 47.22454 -9.074933 244.1891 0.0 0.0 0.0
458 38.2635744130108 -5.316490232159245 246.3869480431312 46.38186 -9.03982 244.141 0.0 0.0 0.0
459 37.41089954143983 -5.35030326114723 246.22523674010608 45.51505 -9.002662 244.1009 0.0 0.0 0.0
460 36.55362282887505 -5.392514872357055 246.10375518762103 44.65008 -8.966351 244.0565 0.0 0.0 0.0
461 35.6925471239921 -5.420677266215879 245.98284616482508 43.78198 -8.926032 244.016 0.0 0.0 0.0
462 34.837090234510505 -5.460426837770783 245.88226840237402 42.92179 -8.888812 243.9692 0.0 0.0 0.0
463 33.983261695796706 -5.499695862330267 245.75955099183662 42.06014 -8.851693 243.9267 0.0 0.0 0.0
464 33.124480341130514 -5.53537112223222 245.63461014461436 41.19342 -8.814679 243.8841 0.0 0.0 0.0
465 32.25382727776797 -5.575897690651701 245.52312302054364 40.31659 -8.777811 243.8403 0.0 0.0 0.0
466 31.395657640920163 -5.61838806405619 245.38470585810904 39.44834 -8.740525 243.7937 0.0 0.0 0.0
467 30.53040671772452 -5.6347430917034735 245.27943239573725 38.57904 -8.699355 243.7424 0.0 0.0 0.0
468 29.67093493719854 -5.669858401452773 245.1233533091763 37.70694 -8.641674 243.7224 0.0 0.0 0.0
469 28.804345304665336 -5.687109044585195 244.989145485714 36.83197 -8.584315 243.7018 0.0 0.0 0.0
470 27.947688320964296 -5.732007562742674 244.85056240879806 35.96532 -8.533757 243.6638 0.0 0.0 0.0
471 27.085197932712013 -5.719505419891779 244.71815509124892 35.09489 -8.481095 243.6298 0.0 0.0 0.0
472 26.224230413332045 -5.751679053846246 244.5983501279967 34.22783 -8.428708 243.5838 0.0 0.0 0.0
473 25.347683989669704 -5.803348455467893 244.46148149973658 33.34194 -8.373309 243.5406 0.0 0.0 0.0
474 24.486896552404012 -5.834603041197005 244.32653308582792 32.47295 -8.324969 243.489 0.0 0.0 0.0
475 23.618820773822044 -5.890125902667576 244.17652381971936 31.59247 -8.284474 243.4415 0.0 0.0 0.0
476 22.758390911365854 -5.9311987459405495 244.02366273942718 30.71981 -8.245801 243.3929 0.0 0.0 0.0
477 21.89983199768237 -5.970195811065398 243.89131984068578 29.85195 -8.2145 243.3482 0.0 0.0 0.0
478 21.048904240743983 -6.001755101786142 243.73430133104438 28.98709 -8.189127 243.315 0.0 0.0 0.0
479 20.193913488156824 -6.046814974255957 243.61917013323753 28.12453 -8.151992 243.2849 0.0 0.0 0.0
480 19.339693094929157 -6.088176090576894 243.51615023784515 27.2642 -8.118056 243.2585 0.0 0.0 0.0
481 18.49770542083955 -6.130183735517025 243.40136258080506 26.41452 -8.084825 243.2298 0.0 0.0 0.0
482 17.654104972517004 -6.158425890061899 243.28107041698024 25.56309 -8.045766 243.2081 0.0 0.0 0.0
483 16.82068924867598 -6.198232960684491 243.18011467379054 24.72405 -8.010156 243.1749 0.0 0.0 0.0
484 15.984950946529938 -6.226679715956479 243.06236360907545 23.88069 -7.985757 243.1391 0.0 0.0 0.0
485 15.160306815594751 -6.254399434297125 242.93921051018927 23.04725 -7.958451 243.1145 0.0 0.0 0.0
486 14.32879121558556 -6.275961390979349 242.84109068935075 22.21039 -7.933477 243.091 0.0 0.0 0.0
487 13.508918068137982 -6.312515949974016 242.7153503575749 21.38123 -7.910159 243.0551 0.0 0.0 0.0
488 12.697995944690927 -6.3574195047455815 242.55910894814068 20.55536 -7.887252 243.0172 0.0 0.0 0.0
489 11.887194049856495 -6.389038829379799 242.43950070963442 19.73633 -7.865476 242.9795 0.0 0.0 0.0
490 11.091291734864843 -6.430668405227706 242.2837828157312 18.92549 -7.84405 242.9405 0.0 0.0 0.0
491 10.289527774929752 -6.468366407894786 242.17205726436487 18.11645 -7.824628 242.898 0.0 0.0 0.0
492 9.492127422801092 -6.501723673749589 242.05192523434883 17.31107 -7.802514 242.8504 0.0 0.0 0.0
493 8.694725580072209 -6.542519193437599 241.91141498921715 16.50231 -7.778565 242.7995 0.0 0.0 0.0
494 7.900845257554412 -6.587251791510109 241.79628274057362 15.70147 -7.748232 242.7426 0.0 0.0 0.0
495 7.110917266617523 -6.607998686296018 241.65743717732022 14.90179 -7.72312 242.6828 0.0 0.0 0.0
496 6.333173676689427 -6.642138794030998 241.4868437276992 14.10837 -7.697842 242.6121 0.0 0.0 0.0
497 5.555641873717885 -6.662912158833667 241.34960664836714 13.3226 -7.672823 242.5362 0.0 0.0 0.0
498 4.78910646418481 -6.6896479072879815 241.18205599965893 12.542 -7.650837 242.4553 0.0 0.0 0.0
499 4.031722376474288 -6.720313721071 241.01814719315993 11.77083 -7.627257 242.3767 0.0 0.0 0.0
500 3.285179915017771 -6.7575536361168265 240.84923580572314 11.00912 -7.604613 242.2959 0.0 0.0 0.0
501 2.549570924704041 -6.782621535326964 240.67918070439478 10.25808 -7.58108 242.2181 0.0 0.0 0.0
502 1.8189155848315341 -6.817177697216065 240.52813265759747 9.515117 -7.565821 242.143 0.0 0.0 0.0
503 1.1025031060210877 -6.843529933355892 240.38423535353968 8.787789 -7.550347 242.0695 0.0 0.0 0.0
504 0.40399207887918764 -6.8768467837450835 240.23841703321844 8.077281 -7.534341 241.9973 0.0 0.0 0.0
505 -0.280471764647808 -6.9024225701494615 240.09864276487463 7.381882 -7.513435 241.929 0.0 0.0 0.0
506 -0.9449546097297042 -6.939891368401027 239.93650284019705 6.700094 -7.496876 241.8648 0.0 0.0 0.0
507 -1.6037258623324457 -6.976129756487002 239.81512668231525 6.032146 -7.478381 241.8054 0.0 0.0 0.0
508 -2.242898262316389 -7.016941287243988 239.66331888820363 5.376557 -7.462505 241.7488 0.0 0.0 0.0
509 -2.871455108541242 -7.042362333593353 239.54966696273218 4.739786 -7.443521 241.6958 0.0 0.0 0.0
510 -3.4788837448457137 -7.087613174770303 239.39874038339286 4.11442 -7.425036 241.6471 0.0 0.0 0.0
511 -4.0816597625262006 -7.113347650878668 239.30104412550813 3.50502 -7.403702 241.6056 0.0 0.0 0.0
512 -4.664605542824645 -7.16581152119968 239.17442462049735 2.907815 -7.383011 241.5665 0.0 0.0 0.0
513 -5.229728967937215 -7.213474309289072 239.03594231196092 2.325909 -7.36385 241.5237 0.0 0.0 0.0
514 -5.785167345925764 -7.236529300389992 238.9216157652765 1.760074 -7.344447 241.4841 0.0 0.0 0.0
515 -6.320911413335831 -7.299804049998576 238.82287025400186 1.213038 -7.327049 241.4491 0.0 0.0 0.0
516 -6.845710775263303 -7.3231780052777795 238.75953659985075 0.6848531 -7.310814 241.4221 0.0 0.0 0.0
517 -7.3605545504633065 -7.319844101847075 238.7766278248789 0.1703349 -7.299518 241.3995 0.0 0.0 0.0
518 -7.853857812639676 -7.33562126349595 238.72991076108477 -0.3247848 -7.285113 241.3788 0.0 0.0 0.0
519 -8.328019283569109 -7.346319848131767 238.65329326533094 -0.8046972 -7.27066 241.3618 0.0 0.0 0.0
520 -8.78818656087231 -7.3667979904286325 238.6048362941558 -1.267287 -7.253762 241.3461 0.0 0.0 0.0
521 -9.237033137205623 -7.387060876237836 238.5736246332813 -1.717128 -7.238023 241.3305 0.0 0.0 0.0
522 -9.665906848075174 -7.420010512607572 238.57150091812105 -2.147061 -7.227306 241.3224 0.0 0.0 0.0
523 -10.075119372641923 -7.459566424151285 238.53452590250708 -2.559693 -7.217072 241.3183 0.0 0.0 0.0
524 -10.472057201074591 -7.476774332177326 238.51375212293942 -2.957329 -7.203941 241.3176 0.0 0.0 0.0
525 -10.83011006773809 -7.475070007129857 238.63470955766414 -3.335045 -7.191538 241.3211 0.0 0.0 0.0
526 -11.188283955377708 -7.477138008644786 238.6133175785398 -3.693693 -7.183816 241.329 0.0 0.0 0.0
527 -11.528349444525588 -7.487313045181072 238.66881923569613 -4.038108 -7.172216 241.3375 0.0 0.0 0.0
528 -11.843034407185078 -7.469637817732973 238.74743188161682 -4.362696 -7.164628 241.3477 0.0 0.0 0.0
529 -12.140889944253622 -7.462494149498223 238.70372146679654 -4.663567 -7.156169 241.3569 0.0 0.0 0.0
530 -12.420068895774499 -7.477376274324841 238.69431184356557 -4.943153 -7.153234 241.3655 0.0 0.0 0.0
531 -12.232990884279527 -7.4910364858757745 238.86361244452277 -5.195608 -7.148566 241.3751 0.0 0.0 0.0
532 -12.46012053988879 -7.499591869892484 238.88363611124853 -5.423479 -7.145945 241.3865 0.0 0.0 0.0
533 -12.653793137080982 -7.51923397299208 238.88109155536276 -5.61774 -7.146376 241.3993 0.0 0.0 0.0
534 -12.821020947741433 -7.5527540536029765 238.8756852510289 -5.787975 -7.145318 241.411 0.0 0.0 0.0
535 -12.966728291412364 -7.552334509798639 238.90180071164818 -5.935611 -7.14152 241.4211 0.0 0.0 0.0
536 -13.085725061463787 -7.554692301498056 238.88794665391657 -6.055183 -7.140534 241.4288 0.0 0.0 0.0
537 -13.085725061463787 -7.554692301498056 238.88794665391657 -6.148943 -7.141362 241.4357 0.0 0.0 0.0
538 -13.085725061463787 -7.554692301498056 238.88794665391657 -6.224444 -7.140925 241.4423 0.0 0.0 0.0
539 -13.085725061463787 -7.554692301498056 238.88794665391657 -6.292219 -7.144182 241.4481 0.0 0.0 0.0
540 -13.085725061463787 -7.554692301498056 238.88794665391657 -6.347609 -7.147305 241.4535 0.0 0.0 0.0
541 -13.085725061463787 -7.554692301498056 238.88794665391657 -6.391909 -7.151484 241.4576 0.0 0.0 0.0
542 -13.085725061463787 -7.554692301498056 238.88794665391657 -6.421901 -7.154462 241.4586 0.0 0.0 0.0
543 -13.085725061463787 -7.554692301498056 238.88794665391657 -6.441034 -7.157278 241.4574 0.0 0.0 0.0
544 -13.085725061463787 -7.554692301498056 238.88794665391657 -6.44834 -7.158324 241.4564 0.0 0.0 0.0
545 -13.085725061463787 -7.554692301498056 238.88794665391657 -6.445881 -7.158426 241.4562 0.0 0.0 0.0
546 -13.085725061463787 -7.554692301498056 238.88794665391657 -6.44144 -7.1594 241.4561 0.0 0.0 0.0
547 -13.085725061463787 -7.554692301498056 238.88794665391657 -6.441119 -7.161211 241.4563 0.0 0.0 0.0
548 -13.085725061463787 -7.554692301498056 238.88794665391657 -6.441162 -7.161957 241.4591 0.0 0.0 0.0
549 -13.085725061463787 -7.554692301498056 238.88794665391657 -6.439927 -7.160925 241.4626 0.0 0.0 0.0
550 -13.085725061463787 -7.554692301498056 238.88794665391657 -6.435729 -7.162727 241.4683 0.0 0.0 0.0
551 -13.085725061463787 -7.554692301498056 238.88794665391657 -6.435232 -7.164249 241.4733 0.0 0.0 0.0
552 -13.085725061463787 -7.554692301498056 238.88794665391657 -6.44044 -7.166143 241.4828 0.0 0.0 0.0
553 -13.085725061463787 -7.554692301498056 238.88794665391657 -6.449325 -7.162294 241.488 0.0 0.0 0.0
554 -13.085725061463787 -7.554692301498056 238.88794665391657 -6.462353 -7.157896 241.4935 0.0 0.0 0.0
555 -13.085725061463787 -7.554692301498056 238.88794665391657 -6.480607 -7.15323 241.4981 0.0 0.0 0.0
556 -13.085725061463787 -7.554692301498056 238.88794665391657 -6.502415 -7.152502 241.5018 0.0 0.0 0.0
557 -13.085725061463787 -7.554692301498056 238.88794665391657 -6.528339 -7.151255 241.506 0.0 0.0 0.0
558 -13.085725061463787 -7.554692301498056 238.88794665391657 -6.560264 -7.15051 241.5077 0.0 0.0 0.0
559 -13.085725061463787 -7.554692301498056 238.88794665391657 -6.603855 -7.149296 241.509 0.0 0.0 0.0
560 -13.085725061463787 -7.554692301498056 238.88794665391657 -6.662736 -7.149164 241.5123 0.0 0.0 0.0
561 -13.085725061463787 -7.554692301498056 238.88794665391657 -6.742488 -7.14747 241.5161 0.0 0.0 0.0
562 -13.085725061463787 -7.554692301498056 238.88794665391657 -6.841205 -7.146762 241.5229 0.0 0.0 0.0
563 -13.205123670734757 -7.560775329758332 238.8850248162512 -6.960563 -7.146072 241.5303 0.0 0.0 0.0
564 -13.344242086199886 -7.563584867333445 238.88688087284658 -7.099251 -7.145097 241.5417 0.0 0.0 0.0
565 -13.50193289992516 -7.574720610885992 238.88121336438226 -7.256774 -7.142968 241.556 0.0 0.0 0.0
566 -13.679686842994034 -7.582702277128426 238.89248138672252 -7.433982 -7.138124 241.575 0.0 0.0 0.0
567 -13.87446329748165 -7.580005634211783 238.88963104214434 -7.627305 -7.130703 241.5979 0.0 0.0 0.0
568 -14.081171887032282 -7.590923993858234 238.92121483434255 -7.83498 -7.122577 241.6234 0.0 0.0 0.0
569 -14.304838340223505 -7.603151661734986 238.91747017532543 -8.055734 -7.117187 241.6612 0.0 0.0 0.0
570 -14.543403639465238 -7.614536639849974 238.9529494980927 -8.293171 -7.114535 241.705 0.0 0.0 0.0
571 -14.794565774725257 -7.625063037162231 238.98688531927402 -8.540863 -7.111017 241.7596 0.0 0.0 0.0
572 -15.050167394483779 -7.647112069006582 239.02820966226392 -8.793327 -7.102833 241.8206 0.0 0.0 0.0
573 -15.312992344420056 -7.650886950135661 239.07366345432195 -9.050632 -7.098001 241.8908 0.0 0.0 0.0
574 -15.574094754642715 -7.667778877829517 239.1797262814326 -9.316724 -7.092475 241.985 0.0 0.0 0.0
575 -15.852276036247266 -7.678499313587507 239.27365713578837 -9.588231 -7.088248 242.0972 0.0 0.0 0.0
576 -16.139751929672972 -7.750640352121642 239.28791536566825 -9.863606 -7.085354 242.2077 0.0 0.0 0.0
577 -16.431432394891587 -7.806808516189378 239.40321871797042 -10.14807 -7.081455 242.3512 0.0 0.0 0.0
578 -16.73902957907603 -7.81847072980566 239.48593938305098 -10.43713 -7.076031 242.4854 0.0 0.0 0.0
579 -17.005449017717126 -7.820160692289706 239.69692237165896 -10.72766 -7.06956 242.6616 0.0 0.0 0.0
580 -17.291356093261538 -7.805032750249036 239.89489579862393 -11.01459 -7.064329 242.8586 0.0 0.0 0.0
581 -17.575728963152535 -7.824152495382481 240.07778769542637 -11.29588 -7.059169 243.0471 0.0 0.0 0.0
582 -17.838046976521866 -7.864524264845199 240.33002840941285 -11.56617 -7.058609 243.2941 0.0 0.0 0.0
583 -18.101220613437437 -7.8972810903327115 240.59744219854426 -11.82781 -7.059708 243.565 0.0 0.0 0.0
584 -18.36989080003615 -7.913103781353823 240.82283717882967 -12.07917 -7.054224 243.81 0.0 0.0 0.0
585 -18.629767514145357 -7.912358806292987 241.11712078128988 -12.31767 -7.048075 244.1218 0.0 0.0 0.0
586 -18.89310360750199 -7.907524264555149 241.37215943839473 -12.54841 -7.040201 244.4066 0.0 0.0 0.0
587 -19.150871018574065 -7.9524728286466475 241.7061863514591 -12.76645 -7.039227 244.7706 0.0 0.0 0.0
588 -19.41888499977968 -7.960388849779451 242.05879771590548 -12.96987 -7.04187 245.1641 0.0 0.0 0.0
589 -19.823705202050505 -7.9129798340078255 242.12692570764145 -13.15225 -7.045521 245.5349 0.0 0.0 0.0
590 -20.036976361800438 -7.923251428347543 242.55122697003486 -13.31828 -7.056461 245.9798 0.0 0.0 0.0
591 -20.209228101909336 -7.950479695297174 243.00452288650928 -13.46958 -7.066833 246.4412 0.0 0.0 0.0
592 -20.393897102644793 -7.966355568670834 243.43121922280474 -13.60271 -7.074069 246.8869 0.0 0.0 0.0
593 -20.56728828124442 -7.978395951935385 243.90995511677832 -13.72235 -7.081737 247.3819 0.0 0.0 0.0
594 -20.763169963936562 -7.980865810632998 244.37721305918774 -13.82811 -7.091706 247.8773 0.0 0.0 0.0
595 -20.912474159035284 -7.999411442783173 244.9094113963545 -13.91896 -7.107983 248.4226 0.0 0.0 0.0
596 -21.043074586966537 -8.014938232273117 245.46576042537615 -13.99361 -7.126064 248.9891 0.0 0.0 0.0
597 -21.076918524954525 -8.04724140767827 246.03657818430554 -14.05752 -7.143097 249.558 0.0 0.0 0.0
598 -21.20320205985876 -8.07930525738488 246.6351640545615 -14.10353 -7.161301 250.1686 0.0 0.0 0.0
599 -21.30332251942934 -8.065956381835964 247.23557524212046 -14.14237 -7.177194 250.776 0.0 0.0 0.0
600 -21.432953042097903 -8.104184945004794 247.85196782092612 -14.17621 -7.19411 251.4059 0.0 0.0 0.0
601 -21.591326075428526 -8.129539433353989 248.4849030390442 -14.21087 -7.21106 252.0577 0.0 0.0 0.0
602 -21.741561867206705 -8.169467357867866 249.13400173339951 -14.24036 -7.227459 252.7243 0.0 0.0 0.0
603 -21.8838780642711 -8.208251700238817 249.79918861115718 -14.26469 -7.244408 253.405 0.0 0.0 0.0
604 -21.87187886895508 -8.2156243063879 250.49774829793444 -14.28735 -7.262488 254.1031 0.0 0.0 0.0
605 -21.973764615028916 -8.253271197263418 251.2037940639747 -14.30712 -7.282421 254.8169 0.0 0.0 0.0
606 -22.060950458736002 -8.276290810382717 251.92608842908416 -14.32889 -7.302451 255.5442 0.0 0.0 0.0
607 -22.211959210761673 -8.289708530065964 252.65711026111055 -14.34971 -7.323118 256.2902 0.0 0.0 0.0
608 -22.188382646067684 -8.31659457004632 253.42154057827514 -14.37576 -7.341575 257.0548 0.0 0.0 0.0
609 -22.29542161143862 -8.341777316982569 254.19712971702393 -14.39965 -7.358411 257.8376 0.0 0.0 0.0
610 -22.306790145964204 -8.356017208406676 254.99207990943594 -14.4226 -7.37266 258.6323 0.0 0.0 0.0
611 -22.42615272419838 -8.370590573043184 255.792171828933 -14.44732 -7.385382 259.4409 0.0 0.0 0.0
612 -22.61043970319421 -8.395868905641771 256.59358868381105 -14.47138 -7.396035 260.2632 0.0 0.0 0.0
613 -22.871347050991126 -8.44640623986184 257.3814415137962 -14.49886 -7.409775 261.0941 0.0 0.0 0.0
614 -22.992299418845427 -8.470231777767356 258.222458513871 -14.52874 -7.427194 261.9434 0.0 0.0 0.0
615 -23.077481643924067 -8.506368857247145 259.0827716912002 -14.56159 -7.448031 262.8078 0.0 0.0 0.0
616 -23.239984052747694 -8.535419804030289 259.95209250042916 -14.59164 -7.46886 263.6919 0.0 0.0 0.0
617 -23.360409097293015 -8.552377941764883 260.83827784684087 -14.62306 -7.489532 264.5856 0.0 0.0 0.0
618 -23.484138943708633 -8.574028084229823 261.73630512923165 -14.65282 -7.507641 265.4917 0.0 0.0 0.0
619 -23.532358334554264 -8.583300594945126 262.64766307004936 -14.68155 -7.522891 266.4038 0.0 0.0 0.0
620 -23.60844920328624 -8.600681815983311 263.5640331373321 -14.70869 -7.535572 267.323 0.0 0.0 0.0
621 -23.76453633637315 -8.620708268453061 264.4827182199835 -14.73976 -7.552162 268.2544 0.0 0.0 0.0
622 -23.908343056412086 -8.655733713888331 265.416125625975 -14.77556 -7.575616 269.1985 0.0 0.0 0.0
623 -24.111123883213722 -8.704663510278916 266.35782323142314 -14.81424 -7.605036 270.1618 0.0 0.0 0.0
624 -24.232315706240467 -8.730776322041187 267.3244063429522 -14.85834 -7.636316 271.1348 0.0 0.0 0.0
625 -24.430356398927955 -8.768216001599232 268.29213689637834 -14.90154 -7.666176 272.1219 0.0 0.0 0.0
626 -24.61007166008284 -8.802663802211562 269.2803701763406 -14.944 -7.692098 273.1257 0.0 0.0 0.0
627 -24.806487111249307 -8.840291839321592 270.2701078812758 -14.97353 -7.71705 274.1347 0.0 0.0 0.0
628 -24.919962968381025 -8.863849347279993 271.27175852328423 -15.00587 -7.737837 275.1423 0.0 0.0 0.0
629 -25.058531324084157 -8.89422481036476 272.27589227626197 -15.03534 -7.76151 276.1557 0.0 0.0 0.0
630 -25.234762152412554 -8.930907794271238 273.28079460514493 -15.06955 -7.787226 277.1757 0.0 0.0 0.0
631 -25.345181665991568 -8.954771541897225 274.30766794060855 -15.10295 -7.816972 278.2078 0.0 0.0 0.0
632 -25.42098414818115 -8.968844359824189 275.34344495971953 -15.14094 -7.847445 279.2453 0.0 0.0 0.0
633 -25.56571445492876 -8.986494573206437 276.3824609135491 -15.17521 -7.874001 280.2936 0.0 0.0 0.0
634 -25.737180028920914 -9.057411492831054 277.4198562130716 -15.21559 -7.902476 281.3463 0.0 0.0 0.0
635 -25.93739873248721 -9.107027575034975 278.45205206127724 -15.25743 -7.930494 282.3977 0.0 0.0 0.0
636 -26.13292202516051 -9.153145464856259 279.4824145995547 -15.29723 -7.955939 283.4464 0.0 0.0 0.0
637 -26.39470032946833 -9.185901575058569 280.5017212416591 -15.34119 -7.990759 284.4978 0.0 0.0 0.0
638 -26.628836382587764 -9.233161472215176 281.5340652917463 -15.38588 -8.031229 285.5557 0.0 0.0 0.0
639 -26.814686272075594 -9.274283424417595 282.5827397839723 -15.43659 -8.06989 286.6196 0.0 0.0 0.0
640 -26.99059107364182 -9.298020505373348 283.63512817314694 -15.48438 -8.105104 287.6852 0.0 0.0 0.0
641 -27.214415163132593 -9.356010218994125 284.6769703856565 -15.53562 -8.139637 288.7506 0.0 0.0 0.0
642 -27.401589479036026 -9.405041321960926 285.7211506960933 -15.58579 -8.171223 289.8109 0.0 0.0 0.0
643 -27.521914644303838 -9.49263641057977 286.7678006682564 -15.63834 -8.199249 290.8664 0.0 0.0 0.0
644 -27.70425397378672 -9.549701574393755 287.8000176888517 -15.68736 -8.224551 291.9147 0.0 0.0 0.0
645 -27.924735733225454 -9.605676087281966 288.8213872528151 -15.73624 -8.251678 292.9596 0.0 0.0 0.0
646 -28.15132929773883 -9.624664007074237 289.83632301897177 -15.78736 -8.281877 293.998 0.0 0.0 0.0
647 -28.35211055419045 -9.648951181577107 290.8565432119367 -15.83486 -8.313716 295.0365 0.0 0.0 0.0
648 -28.575046353642303 -9.683016397120626 291.8689496305813 -15.88531 -8.348776 296.0719 0.0 0.0 0.0
649 -28.835819424437272 -9.708156019359576 292.87228351431185 -15.93564 -8.385496 297.107 0.0 0.0 0.0
650 -29.091097068920902 -9.75180871112305 293.87363726806353 -15.99106 -8.423964 298.1391 0.0 0.0 0.0
651 -29.277437778163396 -9.833922733673528 294.8819897046692 -16.04697 -8.461541 299.1656 0.0 0.0 0.0
652 -29.516097219323786 -9.87263875776112 295.88080244379944 -16.10293 -8.494666 300.1912 0.0 0.0 0.0
653 -29.719848263511366 -9.905896074052476 296.88753488945247 -16.16193 -8.522851 301.2168 0.0 0.0 0.0
654 -29.95245923751856 -9.95183510026905 297.8912774490472 -16.21966 -8.545531 302.2463 0.0 0.0 0.0
655 -30.21747668351046 -9.972430876197272 298.88616079343376 -16.27711 -8.564683 303.2743 0.0 0.0 0.0
656 -30.38868170254625 -10.01563573197247 299.89219398015996 -16.33433 -8.585233 304.2939 0.0 0.0 0.0
657 -30.590763370058834 -10.071170653435077 300.8923972218711 -16.38971 -8.606509 305.3141 0.0 0.0 0.0
658 -30.76370898692655 -10.123713560769625 301.8996892024527 -16.44631 -8.631852 306.3356 0.0 0.0 0.0
659 -30.96258046202557 -10.184142572975807 302.90131273341416 -16.50343 -8.662702 307.3565 0.0 0.0 0.0
660 -31.090259915658784 -10.264472792988474 303.91391078086326 -16.55969 -8.692187 308.3783 0.0 0.0 0.0
661 -31.28637211204574 -10.287367734121323 304.91802832940016 -16.61304 -8.722646 309.3998 0.0 0.0 0.0
662 -31.42715621876405 -10.343984498617935 305.93858520495115 -16.66632 -8.754727 310.4297 0.0 0.0 0.0
663 -31.684748729609883 -10.365406359862988 306.9361867519818 -16.70935 -8.785016 311.4589 0.0 0.0 0.0
664 -31.904224572312273 -10.405421672354203 307.94439076945304 -16.75029 -8.813019 312.4903 0.0 0.0 0.0
665 -32.09925064423593 -10.467778692811304 308.96043635735487 -16.79627 -8.839964 313.5254 0.0 0.0 0.0
666 -32.28964982274304 -10.535127200302748 309.97976545454503 -16.8393 -8.86701 314.5633 0.0 0.0 0.0
667 -32.48007505690893 -10.545890504443506 311.008452724454 -16.88389 -8.894774 315.6082 0.0 0.0 0.0
668 -32.654099672502625 -10.577323109765722 312.0426943075641 -16.92691 -8.922586 316.6562 0.0 0.0 0.0
669 -32.90448529669787 -10.598826337045844 313.0667846063234 -16.97227 -8.954986 317.7092 0.0 0.0 0.0
670 -33.12897243949816 -10.648054854121872 314.103074200777 -17.02224 -8.983779 318.7691 0.0 0.0 0.0
671 -33.33764205901892 -10.6650148865124 315.1464396228125 -17.06905 -9.017426 319.8317 0.0 0.0 0.0
672 -33.558220001105155 -10.697551591490205 316.18579158287906 -17.1184 -9.048416 320.8931 0.0 0.0 0.0
673 -33.764099260721274 -10.736556405291234 317.2400268540573 -17.17214 -9.08471 321.966 0.0 0.0 0.0
674 -34.00848954459602 -10.787370354212493 318.2921968527893 -17.22368 -9.122043 323.0455 0.0 0.0 0.0
675 -34.22335378518232 -10.841294904322002 319.3533940740624 -17.2817 -9.164148 324.1272 0.0 0.0 0.0
676 -34.42404821284874 -10.886477104176507 320.4201162970727 -17.33875 -9.20251 325.2114 0.0 0.0 0.0
677 -34.58728571280119 -10.931311050419083 321.4915175939799 -17.39586 -9.238189 326.294 0.0 0.0 0.0
678 -34.79468742374845 -10.917884596234474 322.55491655403216 -17.45438 -9.272285 327.3754 0.0 0.0 0.0
679 -34.986299000832645 -10.958436717346189 323.615578445553 -17.50894 -9.305503 328.4521 0.0 0.0 0.0
680 -35.27522320385317 -10.970484023087293 324.6500418128742 -17.56163 -9.339167 329.5244 0.0 0.0 0.0
681 -35.5083172797424 -11.01587696026149 325.6947164625829 -17.61419 -9.373015 330.5939 0.0 0.0 0.0
682 -35.690624106442165 -11.071102517268345 326.74772453881826 -17.66713 -9.40848 331.6621 0.0 0.0 0.0
683 -35.90106444548801 -11.127388902679389 327.7963412139458 -17.71901 -9.442686 332.7313 0.0 0.0 0.0
684 -36.16836130216448 -11.183457723367574 328.83425061772755 -17.77586 -9.476537 333.8025 0.0 0.0 0.0
685 -36.402172936283904 -11.25698916791542 329.87833163525875 -17.83594 -9.508603 334.8728 0.0 0.0 0.0
686 -36.596767979438916 -11.305301426478 330.9283267118763 -17.90043 -9.541916 335.9393 0.0 0.0 0.0
687 -36.79156909387479 -11.364451282022689 331.9665470541373 -17.95961 -9.572257 336.9952 0.0 0.0 0.0
688 -36.91353472758115 -11.418111234089595 333.0118272997283 -18.01787 -9.602235 338.0469 0.0 0.0 0.0
689 -37.17368668247067 -11.439443744112213 334.03194831599416 -18.07196 -9.634547 339.098 0.0 0.0 0.0
690 -37.37702520230542 -11.477312159036218 335.0496433336333 -18.12844 -9.671642 340.1343 0.0 0.0 0.0
691 -37.54504156942198 -11.536777181643432 336.0655198893561 -18.18459 -9.708592 341.1635 0.0 0.0 0.0
692 -37.748917412804914 -11.588430674910875 337.063439620534 -18.23973 -9.742058 342.1813 0.0 0.0 0.0
693 -37.92353676615193 -11.639364537868616 338.05959575755105 -18.29564 -9.773282 343.1919 0.0 0.0 0.0
694 -38.17621407511987 -11.661067886904242 339.02902295476514 -18.34619 -9.800677 344.1923 0.0 0.0 0.0
695 -38.39825059111371 -11.697126567571152 339.9971093846684 -18.39821 -9.82937 345.1844 0.0 0.0 0.0
696 -38.48693256269655 -11.728114589309177 340.9791074731258 -18.45308 -9.855773 346.169 0.0 0.0 0.0
697 -38.77964037848574 -11.761847394877845 341.9109548838243 -18.51181 -9.882062 347.1442 0.0 0.0 0.0
698 -38.97682712327815 -11.80191923450941 342.85370579302975 -18.57248 -9.908893 348.1059 0.0 0.0 0.0
699 -39.13747508247406 -11.855373980366767 343.79112157203895 -18.63261 -9.935871 349.0562 0.0 0.0 0.0
700 -39.42332680358169 -11.900773659330087 344.6885453401518 -18.69263 -9.964349 349.9968 0.0 0.0 0.0
701 -39.5920000361987 -11.949725279577262 345.60256467922386 -18.75506 -9.993081 350.925 0.0 0.0 0.0
702 -39.83633328210393 -11.978002945535481 346.4876603108786 -18.81771 -10.02007 351.8411 0.0 0.0 0.0
703 -39.97508005615745 -12.006420877503805 347.3751768438696 -18.87668 -10.04361 352.7376 0.0 0.0 0.0
704 -40.145149072596055 -12.04598145043618 348.241466738776 -18.93231 -10.06499 353.6193 0.0 0.0 0.0
705 -40.29117366880203 -12.081595675816335 349.099546510565 -18.98645 -10.09002 354.4884 0.0 0.0 0.0
706 -40.512398678599034 -12.108154139594442 349.9223431834083 -19.03898 -10.11649 355.3388 0.0 0.0 0.0
707 -40.803545371034396 -12.115042038640414 350.70478200295315 -19.08444 -10.14361 356.172 0.0 0.0 0.0
708 -40.84601515676643 -12.161585056124746 351.5142537784483 -19.12487 -10.17245 356.9824 0.0 0.0 0.0
709 -41.10150382721317 -12.17712326161465 352.26088100460834 -19.1617 -10.2038 357.7702 0.0 0.0 0.0
710 -41.2825235298772 -12.199738164049156 353.01488766945636 -19.19084 -10.23706 358.5447 0.0 0.0 0.0
711 -41.38228323975701 -12.25435926943789 353.7520058144174 -19.22093 -10.26248 359.2895 0.0 0.0 0.0
712 -41.51427349288329 -12.297367347888741 354.46240551618223 -19.25385 -10.28902 360.0121 0.0 0.0 0.0
713 -41.7171474098951 -12.339680044864059 355.12890664294116 -19.28152 -10.31346 360.7091 0.0 0.0 0.0
714 -41.87874321143081 -12.365480109458902 355.77836068665243 -19.31045 -10.34004 361.3777 0.0 0.0 0.0
715 -41.75165184677514 -12.400787299101443 356.4106375030782 -19.33791 -10.36798 362.0224 0.0 0.0 0.0
716 -41.59177432567062 -12.507609273518831 357.0072434844654 -19.36488 -10.39159 362.6482 0.0 0.0 0.0
717 -41.660531980208525 -12.533197586151708 357.6094887289457 -19.39005 -10.41291 363.254 0.0 0.0 0.0
718 -41.60908138926648 -12.522067090559839 358.19563667678784 -19.41263 -10.43387 363.8417 0.0 0.0 0.0
719 -41.78384068234296 -12.541508211485239 358.7317244442295 -19.43538 -10.46051 364.4048 0.0 0.0 0.0
720 -41.99116430196624 -12.595299142694987 359.2297835026411 -19.45834 -10.48547 364.9459 0.0 0.0 0.0
721 -42.020781513888394 -12.589958171625739 359.74057069676996 -19.48219 -10.50845 365.4565 0.0 0.0 0.0
722 -42.12001973899162 -12.605179184011048 360.22164457587826 -19.51293 -10.52766 365.9466 0.0 0.0 0.0
723 -42.28188365030518 -12.632010491818809 360.6652365994039 -19.55244 -10.54957 366.4174 0.0 0.0 0.0
724 -42.451043286195706 -12.658014587608843 361.0932998363065 -19.59573 -10.57038 366.8759 0.0 0.0 0.0
725 -42.70316090516551 -12.6776126587018 361.4655170206417 -19.64989 -10.59195 367.3221 0.0 0.0 0.0
726 -42.84077060263269 -12.70101676659593 361.8819595339574 -19.71691 -10.61419 367.7556 0.0 0.0 0.0
727 -43.05609456379644 -12.734758299228266 362.2702835265516 -19.79756 -10.63599 368.193 0.0 0.0 0.0
728 -43.210990444611234 -12.759696958212817 362.68760990709166 -19.89223 -10.65635 368.6282 0.0 0.0 0.0
729 -43.296081213476526 -12.761883041745158 363.1071463356562 -19.99201 -10.67197 369.0442 0.0 0.0 0.0
730 -43.45881238534244 -12.781631437226196 363.51922255709957 -20.11145 -10.69258 369.4708 0.0 0.0 0.0
731 -43.647044974997456 -12.820200521487415 363.91965520753035 -20.25209 -10.71488 369.8915 0.0 0.0 0.0
732 -43.83360212151114 -12.841787263556341 364.2831381663489 -20.4131 -10.73262 370.2672 0.0 0.0 0.0
733 -44.11755329646949 -12.872418841078584 364.6117993584576 -20.59635 -10.74732 370.6619 0.0 0.0 0.0
734 -44.423166881672906 -12.915551282979278 364.9232076637334 -20.79175 -10.75976 371.0542 0.0 0.0 0.0
735 -44.66139711678497 -12.96133066428101 365.2321371494192 -20.99448 -10.76923 371.3905 0.0 0.0 0.0
736 -44.93596022778498 -12.996201469784106 365.56742603605517 -21.22593 -10.77923 371.7584 0.0 0.0 0.0
737 -45.27125939816876 -13.019018104360772 365.86020106560267 -21.48733 -10.79175 372.1192 0.0 0.0 0.0
738 -45.576675796255316 -13.04021448949463 366.12617385281425 -21.76792 -10.78903 372.412 0.0 0.0 0.0
739 -45.95230200664655 -13.072533018550114 366.4040447941644 -22.07385 -10.78485 372.7666 0.0 0.0 0.0
740 -46.32961924165557 -13.122097576787699 366.6908280707547 -22.40006 -10.77442 373.1138 0.0 0.0 0.0
741 -46.6905008160676 -13.149658656947443 366.92836042962466 -22.74041 -10.76969 373.3813 0.0 0.0 0.0
742 -47.09945634651003 -13.214239737607047 367.1960136181754 -23.11657 -10.76253 373.6999 0.0 0.0 0.0
743 -47.51135807967832 -13.261531794531932 367.38569534440325 -23.51416 -10.74819 373.9226 0.0 0.0 0.0
744 -47.977270931111946 -13.288737374936103 367.5681461634309 -23.9314 -10.72974 374.1995 0.0 0.0 0.0
745 -48.461189660228754 -13.322649104983663 367.72251264902656 -24.37041 -10.71168 374.4566 0.0 0.0 0.0
746 -48.921028743187705 -13.364343883496975 367.84282353518483 -24.82872 -10.70388 374.5891 0.0 0.0 0.0
747 -49.434854457714245 -13.40518894191065 367.8934798190446 -25.3119 -10.6949 374.7754 0.0 0.0 0.0
748 -49.949810869052314 -13.451476774867492 367.9500426508511 -25.80661 -10.68257 374.9355 0.0 0.0 0.0
749 -50.45853183464825 -13.491302977208033 367.97977748850445 -26.31378 -10.66974 374.9978 0.0 0.0 0.0
750 -51.00128162442654 -13.547622278573844 367.97803662972444 -26.84913 -10.65755 375.1027 0.0 0.0 0.0
751 -51.55029699630047 -13.621823532553263 367.9022837350338 -27.40599 -10.64986 375.1528 0.0 0.0 0.0
752 -52.10354088973257 -13.671996277412394 367.79968290241834 -27.96897 -10.63684 375.108 0.0 0.0 0.0
753 -52.66538677885558 -13.719039329022461 367.69853820868315 -28.54132 -10.62462 375.0885 0.0 0.0 0.0
754 -53.24035363359937 -13.74805035532008 367.60272998513636 -29.12195 -10.60557 375.0327 0.0 0.0 0.0
755 -53.836610253154085 -13.79196517661814 367.5289360625713 -29.72223 -10.58472 374.9866 0.0 0.0 0.0
756 -54.42058322996519 -13.808356963238051 367.3450809411148 -30.33161 -10.56036 374.9304 0.0 0.0 0.0
757 -55.02502990939134 -13.833589284771458 367.21382880406276 -30.94654 -10.53899 374.8624 0.0 0.0 0.0
758 -55.618459625731234 -13.89840596933672 367.0476324528191 -31.5615 -10.51891 374.7889 0.0 0.0 0.0
759 -56.21867582490993 -13.95120622738813 366.89315504899196 -32.17858 -10.49498 374.7144 0.0 0.0 0.0
760 -56.829445380597235 -13.967040866128034 366.7275558459096 -32.8073 -10.46742 374.6461 0.0 0.0 0.0
761 -57.461647143838746 -13.994844379157604 366.5696256090405 -33.45603 -10.44538 374.5824 0.0 0.0 0.0
762 -58.11455182114343 -14.054865293975487 366.42363278237394 -34.1246 -10.4301 374.5193 0.0 0.0 0.0
763 -58.77626521324634 -14.130659400267593 366.26318688319594 -34.80652 -10.4195 374.4543 0.0 0.0 0.0
764 -59.44245091736073 -14.193957404702175 366.09044669340733 -35.49402 -10.40427 374.3853 0.0 0.0 0.0
765 -60.11901665553618 -14.238930694583892 365.9065280371369 -36.19251 -10.38614 374.312 0.0 0.0 0.0
766 -60.80567954974661 -14.298507152316724 365.72023433300666 -36.90223 -10.36462 374.2372 0.0 0.0 0.0
767 -61.509151185476604 -14.373627944269094 365.55688052423625 -37.62426 -10.34508 374.1631 0.0 0.0 0.0
768 -62.21890920244264 -14.4275287079849 365.354321759619 -38.36035 -10.32578 374.089 0.0 0.0 0.0
769 -62.95237435093396 -14.493616383019043 365.1897543115705 -39.11122 -10.30501 374.017 0.0 0.0 0.0
770 -63.705126392911495 -14.544421028478366 365.008571078907 -39.88459 -10.28617 373.9571 0.0 0.0 0.0
771 -64.47186581653757 -14.610861159027928 364.81902488556585 -40.67409 -10.26296 373.8909 0.0 0.0 0.0
772 -65.25472450601526 -14.675555827630879 364.64801706947657 -41.47522 -10.24075 373.8277 0.0 0.0 0.0
773 -66.0659141153322 -14.740010579462686 364.5333103442922 -42.29422 -10.20926 373.7678 0.0 0.0 0.0
774 -66.888625906274 -14.79747854663714 364.4142674163453 -43.12535 -10.17746 373.7174 0.0 0.0 0.0
775 -67.72518598539658 -14.870332816404103 364.2542355851518 -43.97811 -10.14326 373.6686 0.0 0.0 0.0
776 -68.57713087024048 -14.93903243930896 364.0650487232902 -44.85127 -10.10567 373.6186 0.0 0.0 0.0
777 -69.43948595586843 -15.007015078126175 363.87996155352675 -45.73389 -10.07084 373.5706 0.0 0.0 0.0
778 -70.31544641007629 -15.087508977979493 363.71882132996245 -46.62626 -10.02954 373.5291 0.0 0.0 0.0
779 -71.18535946029951 -15.13653404146697 363.5005374208661 -47.52284 -9.991003 373.4909 0.0 0.0 0.0
780 -72.06441932453562 -15.206657529239108 363.31615496244655 -48.42205 -9.953142 373.4503 0.0 0.0 0.0
781 -72.94776979335658 -15.260896169785502 363.12145950950924 -49.32645 -9.914375 373.4089 0.0 0.0 0.0
782 -73.83915166231247 -15.329240284443568 362.93900031144756 -50.23736 -9.876888 373.372 0.0 0.0 0.0
783 -74.73555317039877 -15.407910957572083 362.7595247931001 -51.15358 -9.841602 373.3369 0.0 0.0 0.0
784 -75.63989694200669 -15.489343722791965 362.5910285348995 -52.07555 -9.806627 373.2968 0.0 0.0 0.0
785 -76.54579609838622 -15.572250048613727 362.41811861371053 -53.00011 -9.773933 373.2575 0.0 0.0 0.0
786 -77.44996415487367 -15.648610011278471 362.26250075539883 -53.91919 -9.738669 373.2173 0.0 0.0 0.0
787 -78.35156533187721 -15.721265170990568 362.0987019558976 -54.83668 -9.701954 373.1742 0.0 0.0 0.0
788 -79.25208061458197 -15.800572760020517 361.9289298989553 -55.75461 -9.666145 373.1277 0.0 0.0 0.0
789 -80.14674656782233 -15.87456553070656 361.75005207554585 -56.66814 -9.629948 373.0824 0.0 0.0 0.0
790 -81.053195019755 -15.905023174001386 361.61847065070634 -57.58298 -9.595395 373.0404 0.0 0.0 0.0
791 -81.93849773876556 -15.990581131528167 361.434487878781 -58.48949 -9.561552 372.9954 0.0 0.0 0.0
792 -82.83540711943911 -16.064410949185863 361.286931053563 -59.39958 -9.525374 372.9496 0.0 0.0 0.0
793 -83.70623765861112 -16.1842070304626 361.04834435499805 -60.30854 -9.48765 372.905 0.0 0.0 0.0
794 -84.5914919708831 -16.277017579131 360.8549464712435 -61.21711 -9.447759 372.854 0.0 0.0 0.0
795 -85.47968004173977 -16.35503541056287 360.6557880437152 -62.12827 -9.413426 372.7971 0.0 0.0 0.0
796 -86.35630618155488 -16.443857748675427 360.4470771999766 -63.03109 -9.379269 372.7365 0.0 0.0 0.0
797 -87.22728061724786 -16.53355195078945 360.21795748716164 -63.93282 -9.341901 372.6685 0.0 0.0 0.0
798 -88.09473284943317 -16.611623077306003 359.9994360130564 -64.82727 -9.302409 372.5998 0.0 0.0 0.0
799 -88.95790143456058 -16.70058348331275 359.76853985498474 -65.72199 -9.267669 372.5323 0.0 0.0 0.0
800 -89.825541854857 -16.780419896734973 359.5599806714211 -66.61519 -9.234586 372.4709 0.0 0.0 0.0
801 -90.7004977673064 -16.85281307185652 359.37469125873207 -67.5092 -9.200919 372.4021 0.0 0.0 0.0
802 -91.57752268502958 -16.939756602770306 359.19659547169357 -68.40522 -9.171513 372.3333 0.0 0.0 0.0
803 -92.44147106999802 -17.00607292046991 358.9632651388129 -69.30001 -9.143158 372.2717 0.0 0.0 0.0
804 -93.30642365726872 -17.084507049409975 358.7738369176126 -70.18617 -9.112672 372.2087 0.0 0.0 0.0
805 -94.17773480761873 -17.16763468178603 358.62434245572086 -71.07138 -9.081827 372.1463 0.0 0.0 0.0
806 -95.04817023914126 -17.250253281735095 358.45895564158917 -71.95849 -9.051563 372.0834 0.0 0.0 0.0
807 -95.91651733212878 -17.331114677657958 358.28620645862867 -72.84534 -9.021905 372.0284 0.0 0.0 0.0
808 -96.77554727559213 -17.393132110169482 358.06873963623497 -73.73148 -8.989193 371.9759 0.0 0.0 0.0
809 -97.6283061769194 -17.46665849333821 357.8492681731943 -74.61312 -8.955145 371.9277 0.0 0.0 0.0
810 -98.48708081337256 -17.531726015924967 357.6505990025785 -75.49532 -8.920653 371.8861 0.0 0.0 0.0
811 -99.32779017475467 -17.603725563966897 357.4160798592016 -76.36962 -8.885715 371.8493 0.0 0.0 0.0
812 -100.18452120206011 -17.680723862046882 357.25391546479284 -77.24379 -8.853528 371.8176 0.0 0.0 0.0
813 -101.03874619443438 -17.75113262794685 357.0863072575606 -78.11605 -8.82199 371.7873 0.0 0.0 0.0
814 -101.8880119047715 -17.821239634844474 356.91302806141044 -78.98474 -8.793073 371.7602 0.0 0.0 0.0
815 -102.73648130446948 -17.902105075290976 356.7611512982716 -79.84974 -8.767265 371.7354 0.0 0.0 0.0
816 -103.58778721039953 -17.97432475369898 356.6038402601075 -80.71785 -8.739272 371.7185 0.0 0.0 0.0
817 -104.43774727834328 -18.048920644699976 356.45099816875893 -81.58408 -8.709843 371.7068 0.0 0.0 0.0
818 -105.29020535725788 -18.099234597812217 356.31182838916783 -82.44873 -8.680237 371.6974 0.0 0.0 0.0
819 -106.14187330503943 -18.160064472830026 356.18205805330143 -83.31178 -8.648349 371.6948 0.0 0.0 0.0
820 -106.9956906462791 -18.218803554494787 356.127945611954 -84.16878 -8.617964 371.698 0.0 0.0 0.0
821 -107.82827656608735 -18.2937772756683 355.98971487777936 -85.01559 -8.589614 371.7041 0.0 0.0 0.0
822 -108.6432920906852 -18.369946468122937 355.86776926371596 -85.84271 -8.562016 371.7099 0.0 0.0 0.0
823 -109.43323729812906 -18.459058825551953 355.71278637031827 -86.65213 -8.5347 371.7181 0.0 0.0 0.0
824 -110.21665861219545 -18.534232242706853 355.6098516431911 -87.44548 -8.511473 371.7253 0.0 0.0 0.0
825 -110.97565292043417 -18.613514125386825 355.5027045581355 -88.21569 -8.488287 371.7341 0.0 0.0 0.0
826 -111.7163790249695 -18.68363449685163 355.3982587016616 -88.96671 -8.4681 371.742 0.0 0.0 0.0
827 -112.43331315365714 -18.73705543097962 355.277351106198 -89.69543 -8.448239 371.7483 0.0 0.0 0.0
828 -113.13446048963254 -18.802013075677042 355.2076083829221 -90.40266 -8.426609 371.7553 0.0 0.0 0.0
829 -113.80934485678566 -18.877529690108872 355.12036422886536 -91.08715 -8.410589 371.7554 0.0 0.0 0.0
830 -114.45784251692321 -18.931363629032273 355.0283309284132 -91.74421 -8.396913 371.7538 0.0 0.0 0.0
831 -115.07448621146442 -19.0038629446743 354.9052490873683 -92.37686 -8.377804 371.7472 0.0 0.0 0.0
832 -115.68287922423355 -19.04162820471165 354.82844268288915 -92.99091 -8.359815 371.7379 0.0 0.0 0.0
833 -116.27045516325298 -19.07579182451082 354.747459525062 -93.58457 -8.343593 371.7213 0.0 0.0 0.0
834 -116.82086785200701 -19.09285287773587 354.51635074010915 -94.18117 -8.327124 371.7 0.0 0.0 0.0
835 -117.40509237237895 -19.15858586654609 354.42942393697996 -94.7746 -8.309292 371.6732 0.0 0.0 0.0
836 -117.97127090051896 -19.225045641178934 354.26552996459253 -95.36688 -8.292758 371.6455 0.0 0.0 0.0
837 -118.54273143516019 -19.294549008282214 354.1432381684291 -95.95417 -8.278958 371.6101 0.0 0.0 0.0
838 -119.11574196777846 -19.354884998219116 354.04110719992855 -96.5378 -8.263858 371.5706 0.0 0.0 0.0
839 -119.69019241875094 -19.361730474630725 353.9612380786976 -97.116 -8.247622 371.5277 0.0 0.0 0.0
840 -120.24071562398281 -19.404085261739418 353.78750313564007 -97.6929 -8.229449 371.484 0.0 0.0 0.0
841 -120.80934902203927 -19.431949782105754 353.68194640196805 -98.26993 -8.213451 371.4388 0.0 0.0 0.0
842 -121.36439835530317 -19.493817534579975 353.5301173743215 -98.84636 -8.199034 371.389 0.0 0.0 0.0
843 -121.91598326782052 -19.560491332946185 353.3458664871496 -99.42884 -8.186657 371.3324 0.0 0.0 0.0
844 -122.49301526262968 -19.607510661153324 353.2256714121152 -100.0168 -8.171096 371.2717 0.0 0.0 0.0
845 -123.06351833599761 -19.66857599336149 353.06241254595466 -100.6101 -8.156426 371.2114 0.0 0.0 0.0
846 -123.6518440873458 -19.726469850253377 352.93100348135187 -101.2124 -8.141451 371.1501 0.0 0.0 0.0
847 -124.23517735767219 -19.779723764084327 352.755777878177 -101.8198 -8.127155 371.0817 0.0 0.0 0.0
848 -124.82799046696329 -19.851301562367222 352.60444303801927 -102.4309 -8.112895 371.0055 0.0 0.0 0.0
849 -125.40843183001437 -19.93553221727548 352.3942918790072 -103.0491 -8.096046 370.9299 0.0 0.0 0.0
850 -126.00864480503643 -20.00669180310742 352.20966535465226 -103.6768 -8.07829 370.8586 0.0 0.0 0.0
851 -126.62659072826429 -20.079559424372004 352.0570925664287 -104.3134 -8.060977 370.7887 0.0 0.0 0.0
852 -127.25985652849792 -20.1335243439454 351.89884143600966 -104.9637 -8.04239 370.7129 0.0 0.0 0.0
853 -127.90806175893293 -20.194574826017906 351.7423105241763 -105.6283 -8.019412 370.6343 0.0 0.0 0.0
854 -128.55420086816446 -20.26691408671377 351.54865353265654 -106.3014 -7.995103 370.5532 0.0 0.0 0.0
855 -129.22702164104354 -20.334191728183825 351.3517905715983 -106.9999 -7.961767 370.4698 0.0 0.0 0.0
856 -129.91712364287105 -20.394479483842094 351.17214958711156 -107.7095 -7.927113 370.3837 0.0 0.0 0.0
857 -130.60940139544005 -20.44816114708482 350.973808812853 -108.4259 -7.892215 370.2999 0.0 0.0 0.0
858 -131.3127569373701 -20.50611342826269 350.80070956523315 -109.1474 -7.863187 370.2185 0.0 0.0 0.0
859 -132.0152803147838 -20.564916565300624 350.6058876196065 -109.8735 -7.822793 370.1404 0.0 0.0 0.0
860 -132.7417490692749 -20.61704634772787 350.39887916372066 -110.6253 -7.775619 370.0636 0.0 0.0 0.0
861 -133.51107023450436 -20.686147934053384 350.21736924139884 -111.4139 -7.727221 369.9905 0.0 0.0 0.0
862 -134.3118532998288 -20.748908032382687 350.07844097808544 -112.2248 -7.690621 369.9157 0.0 0.0 0.0
863 -135.07679735143313 -20.841167251906214 349.80351727621695 -113.0391 -7.648582 369.8495 0.0 0.0 0.0
864 -135.8651467694394 -20.911510297846917 349.6080358038444 -113.8504 -7.59755 369.7875 0.0 0.0 0.0
865 -136.66574461256306 -20.980481479454916 349.42351198602586 -114.671 -7.551143 369.7225 0.0 0.0 0.0
866 -137.48366135430885 -21.053864711992603 349.2235395365153 -115.5125 -7.506696 369.6572 0.0 0.0 0.0
867 -138.3359077171208 -21.119114507789885 349.0484008509224 -116.3815 -7.470759 369.5879 0.0 0.0 0.0
868 -139.19374925771686 -21.213817289665105 348.8021627531048 -117.2754 -7.432281 369.5175 0.0 0.0 0.0
869 -140.06253662365972 -21.314123438528615 348.5658349022235 -118.1783 -7.392513 369.4551 0.0 0.0 0.0
870 -140.9473992411337 -21.391651670808297 348.40251493075425 -119.079 -7.352691 369.402 0.0 0.0 0.0
871 -141.84200365775564 -21.497497162992435 348.2546005609526 -119.9904 -7.316884 369.3637 0.0 0.0 0.0
872 -142.7453739161043 -21.599828249488326 348.068379382918 -120.9176 -7.287875 369.3375 0.0 0.0 0.0
873 -143.65646522747303 -21.728591078349393 347.81862807657285 -121.8705 -7.268012 369.3124 0.0 0.0 0.0
874 -144.6102865395788 -21.83364987179625 347.6496351608002 -122.8443 -7.242979 369.291 0.0 0.0 0.0
875 -145.55360556799596 -21.948015683278804 347.4161027076507 -123.822 -7.210357 369.2685 0.0 0.0 0.0
876 -146.51327372845986 -22.03027637776619 347.2527933632786 -124.798 -7.171402 369.251 0.0 0.0 0.0
877 -147.47548806965486 -22.114545395775277 347.10655556609044 -125.7739 -7.12972 369.236 0.0 0.0 0.0
878 -148.4416400579659 -22.21961793067304 346.9519661084493 -126.7573 -7.094259 369.2286 0.0 0.0 0.0
879 -149.41450969123306 -22.3277881597304 346.78930230663303 -127.7492 -7.067306 369.222 0.0 0.0 0.0
880 -150.3890429524775 -22.439279931298653 346.6199509449589 -128.7442 -7.039616 369.2162 0.0 0.0 0.0
881 -151.3709644044194 -22.542928880759735 346.4930958368199 -129.7392 -7.010053 369.2059 0.0 0.0 0.0
882 -152.35592336261038 -22.66747592530168 346.377613674491 -130.7381 -6.978782 369.1913 0.0 0.0 0.0
883 -153.33315106118238 -22.78222983293287 346.1924783909737 -131.7386 -6.944658 369.1754 0.0 0.0 0.0
884 -154.31540848206365 -22.874351362938825 346.03453527188 -132.737 -6.909152 369.1613 0.0 0.0 0.0
885 -155.28461252648023 -22.968399418029705 345.86377827868756 -133.7249 -6.873 369.151 0.0 0.0 0.0
886 -156.25466785342186 -23.052205805648313 345.70510552336236 -134.7107 -6.836596 369.142 0.0 0.0 0.0
887 -157.21890538378477 -23.183428478213976 345.5260142874508 -135.6995 -6.801852 369.1313 0.0 0.0 0.0
888 -158.1907937280415 -23.29423701897807 345.3471613155783 -136.6932 -6.767486 369.1167 0.0 0.0 0.0
889 -159.16330733856924 -23.388267147308216 345.1659218617594 -137.686 -6.733132 369.0914 0.0 0.0 0.0
890 -160.12770047629692 -23.46818641570207 344.9933807159212 -138.6679 -6.69739 369.063 0.0 0.0 0.0
891 -161.08304178562832 -23.562537158406773 344.8316932282266 -139.6402 -6.665761 369.0262 0.0 0.0 0.0
892 -162.027091676843 -23.652926752489886 344.6324130235397 -140.6078 -6.63286 368.984 0.0 0.0 0.0
893 -162.97417547683062 -23.758021427324653 344.4439445249427 -141.5778 -6.602139 368.9429 0.0 0.0 0.0
894 -163.9220379293234 -23.864801238182974 344.27587872857583 -142.5454 -6.57532 368.9094 0.0 0.0 0.0
895 -164.86699457017647 -23.997700595363884 344.0976294013694 -143.5151 -6.547679 368.8734 0.0 0.0 0.0
896 -165.8102995187254 -24.088421730650985 343.88150311286125 -144.486 -6.517102 368.839 0.0 0.0 0.0
897 -166.75474111553393 -24.195844389480392 343.6971098453356 -145.4529 -6.483563 368.8004 0.0 0.0 0.0
898 -167.6995114013754 -24.28930186951052 343.50217592798543 -146.4204 -6.445217 368.758 0.0 0.0 0.0
899 -168.63427974124096 -24.36503447693667 343.3011605146923 -147.3774 -6.403585 368.7095 0.0 0.0 0.0
900 -169.552391225535 -24.460656039914323 343.07192225135674 -148.326 -6.362759 368.6537 0.0 0.0 0.0
901 -170.4782634678593 -24.562134648002043 342.8763667790351 -149.2752 -6.32144 368.5981 0.0 0.0 0.0
902 -171.40965979036775 -24.66392292710973 342.6920081153412 -150.2278 -6.288175 368.5407 0.0 0.0 0.0
903 -172.33292689430556 -24.75394309107204 342.4490565860797 -151.1845 -6.256123 368.4837 0.0 0.0 0.0
904 -173.27270984848002 -24.832051631571 342.29626466812186 -152.1373 -6.21918 368.425 0.0 0.0 0.0
905 -174.19820053384495 -24.916384750025077 342.1024799158565 -153.0839 -6.175756 368.3679 0.0 0.0 0.0
906 -175.13092717548227 -24.98031458610227 341.94361002184525 -154.0295 -6.138328 368.3067 0.0 0.0 0.0
907 -176.052462379367 -25.06036082971373 341.76563406979324 -154.9685 -6.101396 368.2417 0.0 0.0 0.0
908 -176.96603757654918 -25.138218114554764 341.57651157296465 -155.9016 -6.064642 368.1752 0.0 0.0 0.0
909 -177.87333560709413 -25.23156698737578 341.3694068074924 -156.834 -6.028879 368.1108 0.0 0.0 0.0
910 -178.7711623088413 -25.327122793623065 341.1446223750171 -157.7614 -5.992298 368.0449 0.0 0.0 0.0
911 -179.67975130492292 -25.399793575323336 340.98912878461715 -158.6835 -5.959485 367.9845 0.0 0.0 0.0
912 -180.58627621482114 -25.474345640334544 340.8492547188275 -159.6016 -5.927697 367.9298 0.0 0.0 0.0
913 -181.4834487291308 -25.57654159071746 340.6714352424431 -160.5196 -5.894364 367.8737 0.0 0.0 0.0
914 -182.38824564012393 -25.665398132533245 340.53291789048035 -161.4371 -5.861145 367.8205 0.0 0.0 0.0
915 -183.28072624202701 -25.761131797517102 340.34114023995903 -162.3529 -5.826577 367.7697 0.0 0.0 0.0
916 -184.1531958815585 -25.85575981564605 340.12381218468374 -163.2549 -5.789504 367.7206 0.0 0.0 0.0
917 -185.03033266505605 -25.935476150965588 339.98093428856333 -164.1449 -5.750163 367.6707 0.0 0.0 0.0
918 -185.8957591448792 -26.006318342433907 339.8224735973341 -165.0253 -5.709019 367.6228 0.0 0.0 0.0
919 -186.73338168089012 -26.1038881247467 339.6148030113883 -165.8914 -5.66698 367.5742 0.0 0.0 0.0
920 -187.55886074454924 -26.186710355875555 339.410833600122 -166.7434 -5.627809 367.5248 0.0 0.0 0.0
921 -188.37654074973236 -26.25329930812714 339.2040917043128 -167.5871 -5.591398 367.4736 0.0 0.0 0.0
922 -189.18222255825887 -26.33675856482238 339.0251381852601 -168.4147 -5.560208 367.4265 0.0 0.0 0.0
923 -189.96492808295267 -26.419611407741524 338.8778793512467 -169.2138 -5.530577 367.3848 0.0 0.0 0.0
924 -190.72418502818107 -26.49635793754667 338.7290123025579 -169.9897 -5.497707 367.3471 0.0 0.0 0.0
925 -191.46799818901496 -26.58890860941001 338.6075028562875 -170.7472 -5.465282 367.3055 0.0 0.0 0.0
926 -192.19884613336623 -26.673744865225864 338.46653738051185 -171.4949 -5.43615 367.2694 0.0 0.0 0.0
927 -192.9148240339092 -26.753624314025448 338.31537995710977 -172.2298 -5.408734 367.2374 0.0 0.0 0.0
928 -193.60418481969893 -26.798033007624767 338.18577577666343 -172.9313 -5.384605 367.2013 0.0 0.0 0.0
929 -194.26908709556025 -26.88142429459976 338.0882192980109 -173.6069 -5.362451 367.1608 0.0 0.0 0.0
930 -194.9073588615645 -26.94020939434243 337.9811860967177 -174.255 -5.340548 367.1185 0.0 0.0 0.0
931 -195.53135845706598 -26.996945349485454 337.8875635635968 -174.8867 -5.317998 367.076 0.0 0.0 0.0
932 -196.13393898410825 -27.051335678918836 337.75277086076176 -175.5043 -5.29466 367.0285 0.0 0.0 0.0
933 -196.7248331051801 -27.11543343469283 337.6082348936551 -176.1135 -5.27718 366.9763 0.0 0.0 0.0
934 -197.2976738874413 -27.18674464391752 337.463483520956 -176.7064 -5.259521 366.9279 0.0 0.0 0.0
935 -197.8620943977116 -27.245992111296204 337.32554347326703 -177.2879 -5.242102 366.8763 0.0 0.0 0.0
936 -198.41398953648482 -27.288504013848716 337.2059237208646 -177.8516 -5.224067 366.8251 0.0 0.0 0.0
937 -198.9478848632796 -27.338413303318372 337.0539507787586 -178.4058 -5.200726 366.7708 0.0 0.0 0.0
938 -199.47562175892546 -27.393904516164792 336.9191892304747 -178.9483 -5.178101 366.7006 0.0 0.0 0.0
939 -199.99655902823258 -27.426090621208917 336.77884346398014 -179.4822 -5.157679 366.6191 0.0 0.0 0.0
940 -200.49271943893785 -27.486446228920826 336.5759293902384 -180.0128 -5.137863 366.5239 0.0 0.0 0.0
941 -200.98141574100842 -27.538186985321985 336.3804670859683 -180.5245 -5.114952 366.3922 0.0 0.0 0.0
942 -201.46980910625555 -27.58459276593526 336.168596528511 -181.041 -5.091005 366.2572 0.0 0.0 0.0
943 -201.94089243972883 -27.63016611865755 335.93050188521477 -181.5484 -5.065694 366.1069 0.0 0.0 0.0
944 -202.40082489615284 -27.69161795981276 335.69366623368524 -182.0234 -5.042477 365.8942 0.0 0.0 0.0
945 -202.8120626186384 -27.726417979765735 335.37510668628295 -182.5069 -5.016582 365.7009 0.0 0.0 0.0
946 -203.2174279282051 -27.75018942798347 335.0545657186587 -182.9767 -4.990208 365.4859 0.0 0.0 0.0
947 -203.63152019191992 -27.781424686747293 334.74860452856836 -183.3992 -4.960498 365.1915 0.0 0.0 0.0
948 -203.99218741788903 -27.808199060043897 334.3899098853657 -183.8309 -4.931494 364.9227 0.0 0.0 0.0
949 -204.3271150634556 -27.822031566274042 334.0132372955272 -184.2427 -4.906417 364.6328 0.0 0.0 0.0
950 -204.652172397591 -27.836803454558872 333.6004522642261 -184.596 -4.880452 364.2445 0.0 0.0 0.0
951 -204.916533908111 -27.862710669731364 333.16953810214557 -184.9679 -4.85677 363.9019 0.0 0.0 0.0
952 -205.19032068133845 -27.87729128416733 332.7447616539644 -185.318 -4.831999 363.538 0.0 0.0 0.0
953 -205.44780530005627 -27.888550954672787 332.2576084218415 -185.6 -4.805931 363.0652 0.0 0.0 0.0
954 -205.64410157903336 -27.893419248708057 331.77902085373205 -185.9006 -4.775507 362.6453 0.0 0.0 0.0
955 -205.84760864353845 -27.88973243457828 331.24174261101314 -186.1231 -4.744508 362.1165 0.0 0.0 0.0
956 -205.98496767300273 -27.87892436557715 330.7352429845443 -186.3646 -4.71322 361.6515 0.0 0.0 0.0
957 -206.0958847395053 -27.8720756261401 330.21445647442084 -186.5757 -4.68742 361.1633 0.0 0.0 0.0
958 -206.19185731564258 -27.857494333975712 329.6196550129454 -186.7261 -4.654975 360.5806 0.0 0.0 0.0
959 -206.22533918147084 -27.832649723518696 329.0683094191542 -186.8836 -4.625626 360.0514 0.0 0.0 0.0
960 -206.29900842889307 -27.76873439266681 328.51025845253264 -186.9996 -4.592235 359.4979 0.0 0.0 0.0
961 -206.26565949346926 -27.733868799381106 327.8938819481654 -187.0639 -4.5607 358.8838 0.0 0.0 0.0
962 -206.23345727445863 -27.71767531269043 327.3044054318939 -187.1247 -4.531234 358.2971 0.0 0.0 0.0
963 -206.16495595202124 -27.670539330359567 326.68734327836717 -187.1523 -4.505623 357.6756 0.0 0.0 0.0
964 -206.11633035091916 -27.622404075570238 326.069490502793 -187.1797 -4.473612 357.0554 0.0 0.0 0.0
965 -206.05593640779767 -27.581881753085614 325.4365175595808 -187.1955 -4.44088 356.4193 0.0 0.0 0.0
966 -205.98261967048128 -27.53547203562246 324.7958603867885 -187.206 -4.412544 355.7735 0.0 0.0 0.0
967 -205.89391336811178 -27.482553004622048 324.15662664964543 -187.2126 -4.393112 355.1263 0.0 0.0 0.0
968 -205.80615268235547 -27.438131773119178 323.50305098110863 -187.2097 -4.369286 354.4658 0.0 0.0 0.0
969 -205.709876723504 -27.388936801774907 322.8461933774824 -187.1974 -4.339156 353.8009 0.0 0.0 0.0
970 -205.5734960010825 -27.352841017127965 322.1795460153587 -187.1702 -4.316768 353.1204 0.0 0.0 0.0
971 -205.44371151668133 -27.312004914020456 321.49332110734696 -187.1252 -4.29869 352.4225 0.0 0.0 0.0
972 -205.28889652195426 -27.26683437544104 320.8004436683571 -187.0783 -4.279837 351.7129 0.0 0.0 0.0
973 -205.1560227004321 -27.22340957466991 320.0931917470532 -187.0304 -4.261203 350.9938 0.0 0.0 0.0
974 -204.97831347453703 -27.182109440766144 319.38052267944374 -186.971 -4.242069 350.2608 0.0 0.0 0.0
975 -204.84707990761456 -27.127033693133324 318.64581346725737 -186.9043 -4.221325 349.5157 0.0 0.0 0.0
976 -204.68431839392326 -27.075785734388216 317.90530973800657 -186.8369 -4.199482 348.7591 0.0 0.0 0.0
977 -204.52117437223762 -27.028288582884265 317.14751358480163 -186.7699 -4.177337 347.9857 0.0 0.0 0.0
978 -204.3577853145651 -26.979505160780338 316.37650442481345 -186.7002 -4.153622 347.1995 0.0 0.0 0.0
979 -204.17045047471535 -26.915827359136394 315.59514338999963 -186.6213 -4.129835 346.3977 0.0 0.0 0.0
980 -203.98407359102478 -26.847665452013683 314.8016937473807 -186.5329 -4.104362 345.585 0.0 0.0 0.0
981 -203.82161503799006 -26.81618450104726 313.98957504900216 -186.4415 -4.07709 344.7617 0.0 0.0 0.0
982 -203.6397773418986 -26.75352680679279 313.1789733703018 -186.343 -4.043981 343.9351 0.0 0.0 0.0
983 -203.45127116914145 -26.69947906378748 312.35600072644695 -186.2422 -4.015366 343.0956 0.0 0.0 0.0
984 -203.25185903604867 -26.659092859047377 311.5236972649367 -186.1381 -3.987286 342.2456 0.0 0.0 0.0
985 -203.04894849103985 -26.583155612946644 310.67739051958966 -186.036 -3.960565 341.3784 0.0 0.0 0.0
986 -202.8453262864926 -26.521245477221306 309.8143785847396 -185.9369 -3.936593 340.4954 0.0 0.0 0.0
987 -202.64260749313522 -26.46866619084086 308.9384064218894 -185.8362 -3.912968 339.6007 0.0 0.0 0.0
988 -202.44364804419357 -26.407895635642898 308.0528742095635 -185.7407 -3.893331 338.6963 0.0 0.0 0.0
989 -202.23821660836677 -26.34771440364685 307.1663948653876 -185.6499 -3.86895 337.7892 0.0 0.0 0.0
990 -202.0251592687716 -26.282381286074035 306.2696098223629 -185.5588 -3.84331 336.87 0.0 0.0 0.0
991 -201.80082544495232 -26.21978682610605 305.37360551992464 -185.4699 -3.819756 335.9488 0.0 0.0 0.0
992 -201.58021213161237 -26.169655744825167 304.467606808147 -185.3826 -3.79503 335.0194 0.0 0.0 0.0
993 -201.3670192966189 -26.093404967600204 303.560309339229 -185.3002 -3.764975 334.0884 0.0 0.0 0.0
994 -201.16478380273824 -26.072090081213787 302.6446188204219 -185.2184 -3.733635 333.1545 0.0 0.0 0.0
995 -200.9869735651984 -25.99708409124712 301.72652704794154 -185.1342 -3.698286 332.2208 0.0 0.0 0.0
996 -200.7623694871599 -25.917252019711658 300.82828946850736 -185.0534 -3.662061 331.2957 0.0 0.0 0.0
997 -200.5679515968794 -25.86215771354291 299.9236298701552 -184.9741 -3.627279 330.3728 0.0 0.0 0.0
998 -200.36553968055944 -25.802426298358682 299.01046034576683 -184.8995 -3.589469 329.4393 0.0 0.0 0.0
999 -200.17357397985953 -25.735427010959548 298.1031576140181 -184.8257 -3.554183 328.5131 0.0 0.0 0.0
1000 -199.96195697505001 -25.66068675894695 297.187580083588 -184.7565 -3.522351 327.5735 0.0 0.0 0.0
1001 -199.77272268020783 -25.59015817830386 296.2753171679803 -184.6927 -3.489816 326.6419 0.0 0.0 0.0
1002 -199.5693974097232 -25.520952673584002 295.3621611112765 -184.6267 -3.45773 325.7067 0.0 0.0 0.0
1003 -199.36994728261624 -25.448742858989057 294.45058937632797 -184.5562 -3.428208 324.7739 0.0 0.0 0.0
1004 -199.17843960819675 -25.379079166144486 293.5308900710451 -184.4861 -3.397748 323.835 0.0 0.0 0.0
1005 -198.99502589859247 -25.30806141900468 292.6091999394666 -184.4181 -3.364575 322.8956 0.0 0.0 0.0
1006 -198.80684543815963 -25.241965999099932 291.6807432777166 -184.348 -3.332388 321.9491 0.0 0.0 0.0
1007 -198.64705170710545 -25.174894237124136 290.745222004658 -184.2803 -3.30081 321.0006 0.0 0.0 0.0
1008 -198.45895998389938 -25.082627735561218 289.81513439788125 -184.2193 -3.265983 320.0498 0.0 0.0 0.0
1009 -198.25917752041505 -25.034858171776797 288.8791266273345 -184.1701 -3.231575 319.0934 0.0 0.0 0.0
1010 -198.09947954831276 -24.95614863735724 287.9429081547023 -184.1277 -3.199115 318.1419 0.0 0.0 0.0
1011 -197.94972504477715 -24.889822234612016 287.0003057214391 -184.0779 -3.164447 317.1871 0.0 0.0 0.0
1012 -197.76472431665016 -24.82492709556423 286.0560532485562 -184.0244 -3.127592 316.2249 0.0 0.0 0.0
1013 -197.576613049513 -24.775464140078785 285.1092292299093 -183.9789 -3.092866 315.26 0.0 0.0 0.0
1014 -197.41871689244115 -24.689713715981686 284.16514586077017 -183.9332 -3.055122 314.3008 0.0 0.0 0.0
1015 -197.26802754731693 -24.62844191735292 283.22565282278487 -183.8728 -3.008214 313.3504 0.0 0.0 0.0
1016 -197.0810309502546 -24.562688009278865 282.3007944003785 -183.8124 -2.968608 312.4073 0.0 0.0 0.0
1017 -196.9137547482635 -24.480482386618757 281.37012032323895 -183.7616 -2.932355 311.4602 0.0 0.0 0.0
1018 -196.72191306439436 -24.411125564385777 280.4437702859723 -183.71 -2.900357 310.5136 0.0 0.0 0.0
1019 -196.51835873604728 -24.354445351219656 279.5138989330554 -183.6542 -2.86823 309.5622 0.0 0.0 0.0
1020 -196.33593815183326 -24.304478389197104 278.5850553563099 -183.6018 -2.83886 308.6162 0.0 0.0 0.0
1021 -196.1487996608973 -24.238068907515657 277.66199511275215 -183.5521 -2.809138 307.6738 0.0 0.0 0.0
1022 -195.96216920377563 -24.179545366402674 276.7441329691956 -183.5027 -2.77948 306.7371 0.0 0.0 0.0
1023 -195.7871525796795 -24.123504834976686 275.8184704195845 -183.4581 -2.749605 305.7949 0.0 0.0 0.0
1024 -195.61494911315805 -24.061146694277085 274.9001385623088 -183.4195 -2.718396 304.8598 0.0 0.0 0.0
1025 -195.43231141245772 -24.021043923845433 273.9850128500143 -183.3786 -2.6898 303.9271 0.0 0.0 0.0
1026 -195.27249171762 -23.94719139133583 273.0738871725758 -183.3431 -2.662548 303.0002 0.0 0.0 0.0
1027 -195.11166887708893 -23.891445956618696 272.16407117564415 -183.3166 -2.628647 302.0756 0.0 0.0 0.0
1028 -194.9721712956697 -23.8345632276918 271.24430238838073 -183.2895 -2.597211 301.1445 0.0 0.0 0.0
1029 -194.80557501872062 -23.782787190023583 270.32734855928896 -183.2613 -2.570727 300.2119 0.0 0.0 0.0
1030 -194.6859670184513 -23.723232553815848 269.4104485119541 -183.2372 -2.538212 299.2862 0.0 0.0 0.0
1031 -194.521866473377 -23.66864177062723 268.50843742857364 -183.2087 -2.505074 298.3688 0.0 0.0 0.0
1032 -194.33723522606812 -23.596616614312452 267.6101350913892 -183.1788 -2.47137 297.45 0.0 0.0 0.0
1033 -194.18347246949492 -23.524977614120584 266.6997494249646 -183.1531 -2.438103 296.5249 0.0 0.0 0.0
1034 -194.02380533876783 -23.476594301713472 265.7908442110028 -183.1228 -2.411142 295.6017 0.0 0.0 0.0
1035 -193.8571068597497 -23.417689345172107 264.8902773800364 -183.0905 -2.384435 294.6849 0.0 0.0 0.0
1036 -193.67200997465133 -23.37300783289401 263.98589562446443 -183.0403 -2.355767 293.7625 0.0 0.0 0.0
1037 -193.45852011455545 -23.318111914170938 263.0915136994773 -182.982 -2.328667 292.8436 0.0 0.0 0.0
1038 -193.27013861619392 -23.25904273317414 262.1751208461729 -182.9273 -2.297451 291.9083 0.0 0.0 0.0
1039 -193.0794804056654 -23.209496213917433 261.2588066835891 -182.8746 -2.267893 290.973 0.0 0.0 0.0
1040 -192.8693549180448 -23.165487635832797 260.3424877054008 -182.8171 -2.238052 290.0341 0.0 0.0 0.0
1041 -192.67721918015283 -23.101616722719736 259.4278559717485 -182.7666 -2.207091 289.0992 0.0 0.0 0.0
1042 -192.4817675466301 -23.040509744229123 258.51505913353424 -182.7218 -2.176152 288.1653 0.0 0.0 0.0
1043 -192.29542534056333 -22.98411501276221 257.5902989426188 -182.6726 -2.147003 287.222 0.0 0.0 0.0
1044 -192.10840015001128 -22.92332365399935 256.6539311349947 -182.6138 -2.123569 286.2673 0.0 0.0 0.0
1045 -191.96332798035468 -22.87811535711805 255.7030162402643 -182.5528 -2.097813 285.3066 0.0 0.0 0.0
1046 -191.7857705214352 -22.8200661573183 254.75873917756465 -182.4948 -2.065947 284.3463 0.0 0.0 0.0
1047 -191.5902864966965 -22.742806965928335 253.8192093731185 -182.4419 -2.031942 283.3856 0.0 0.0 0.0
1048 -191.38728298831003 -22.672604414730976 252.8844607938368 -182.3929 -1.996433 282.4284 0.0 0.0 0.0
1049 -191.23783009849242 -22.61070564289007 251.93275259495928 -182.3488 -1.963862 281.4646 0.0 0.0 0.0
1050 -191.06239681464947 -22.541541074278054 250.97519133140594 -182.3004 -1.925579 280.4906 0.0 0.0 0.0
1051 -190.9118584999993 -22.477935583674384 250.01046234968555 -182.2509 -1.885551 279.5142 0.0 0.0 0.0
1052 -190.75114348168267 -22.416400033811506 249.037990847074 -182.2003 -1.841502 278.5289 0.0 0.0 0.0
1053 -190.58908718498077 -22.349655558594794 248.07983543556276 -182.1499 -1.800893 277.557 0.0 0.0 0.0
1054 -190.41016544722598 -22.273111391202672 247.1237301036871 -182.0977 -1.766355 276.5833 0.0 0.0 0.0
1055 -190.24411462556722 -22.203381628055304 246.1640877492874 -182.0509 -1.732915 275.6086 0.0 0.0 0.0
1056 -190.06204465247944 -22.131788700072452 245.20114026357558 -182.0014 -1.699389 274.6278 0.0 0.0 0.0
1057 -189.88172199584181 -22.062754754515005 244.24296033465575 -181.9452 -1.6645 273.6526 0.0 0.0 0.0
1058 -189.67021824074558 -21.97671767720234 243.2847940364571 -181.8851 -1.628436 272.6701 0.0 0.0 0.0
1059 -189.49895551409358 -21.91145945805568 242.3183034932062 -181.8235 -1.591806 271.689 0.0 0.0 0.0
1060 -189.32603783904386 -21.84585257588035 241.3566863586523 -181.7618 -1.554957 270.7124 0.0 0.0 0.0
1061 -189.12894803601662 -21.778298279705687 240.40712988012822 -181.6986 -1.518421 269.743 0.0 0.0 0.0
1062 -188.92564798735026 -21.689238728373315 239.45500583176442 -181.6385 -1.484133 268.7678 0.0 0.0 0.0
1063 -188.76577056410997 -21.60973337249567 238.4768408496608 -181.5688 -1.45015 267.7765 0.0 0.0 0.0
1064 -188.5346607403847 -21.535884198562037 237.51301002533117 -181.5024 -1.413471 266.7855 0.0 0.0 0.0
1065 -188.3106435785258 -21.471082234951933 236.53906901325243 -181.4246 -1.374923 265.7878 0.0 0.0 0.0
1066 -188.1178586459725 -21.408112478254875 235.57447757246626 -181.3532 -1.335469 264.8055 0.0 0.0 0.0
1067 -187.9336436801919 -21.330027556564467 234.60248816377754 -181.2862 -1.295565 263.8162 0.0 0.0 0.0
1068 -187.74812500080702 -21.27020324374638 233.6413139287108 -181.2198 -1.264596 262.8382 0.0 0.0 0.0
1069 -187.5175748626329 -21.217239219217724 232.6821941789623 -181.1524 -1.242004 261.8529 0.0 0.0 0.0
1070 -187.3274742889228 -21.149708757910343 231.70644150419955 -181.0843 -1.224198 260.859 0.0 0.0 0.0
1071 -187.09904782231123 -21.10393166619629 230.7164942936749 -181.0093 -1.208518 259.8449 0.0 0.0 0.0
1072 -186.87671298099923 -21.04124939691175 229.72669035312907 -180.9292 -1.182226 258.832 0.0 0.0 0.0
1073 -186.66166896228634 -20.9821850996606 228.7406196088972 -180.8483 -1.149494 257.8248 0.0 0.0 0.0
1074 -186.43586457348022 -20.908077461659115 227.76879453406391 -180.7704 -1.114211 256.828 0.0 0.0 0.0
1075 -186.2310595898763 -20.840325945139828 226.79942942133485 -180.6952 -1.078985 255.8384 0.0 0.0 0.0
1076 -186.0220556880832 -20.774316999322092 225.831801708319 -180.6275 -1.046652 254.8491 0.0 0.0 0.0
1077 -185.79251401217465 -20.716034137002936 224.86919243110373 -180.561 -1.019212 253.8604 0.0 0.0 0.0
1078 -185.59160036037449 -20.648421032510896 223.9043925534392 -180.4967 -0.9941325 252.875 0.0 0.0 0.0
1079 -185.3868044893857 -20.58774246751766 222.94151066009303 -180.4354 -0.9705894 251.8909 0.0 0.0 0.0
1080 -185.1713399484977 -20.54087934487621 221.98151924752491 -180.3727 -0.94663 250.9082 0.0 0.0 0.0
1081 -184.98615941055908 -20.49565371171298 221.0133373656614 -180.312 -0.9223052 249.9236 0.0 0.0 0.0
1082 -184.791780382756 -20.44321369033509 220.05588225915656 -180.2514 -0.8975132 248.9474 0.0 0.0 0.0
1083 -184.58667638526305 -20.385275272952402 219.1094447922783 -180.191 -0.8712488 247.9795 0.0 0.0 0.0
1084 -184.38311312213926 -20.331306664868034 218.167838376739 -180.1307 -0.8440752 247.0169 0.0 0.0 0.0
1085 -184.17699928605685 -20.27186044988571 217.2332776823877 -180.0771 -0.8176461 246.0599 0.0 0.0 0.0
1086 -183.99372989657263 -20.217860381943385 216.29569531602223 -180.0256 -0.7912622 245.1048 0.0 0.0 0.0
1087 -183.80234226636546 -20.15659094556036 215.36919366794655 -179.9748 -0.7643523 244.1585 0.0 0.0 0.0
1088 -183.61910387209969 -20.08624197208277 214.45216575171844 -179.932 -0.733112 243.2222 0.0 0.0 0.0
1089 -183.45190322042035 -20.02613741934122 213.54683925092485 -179.89 -0.7015608 242.3011 0.0 0.0 0.0
1090 -183.27033377551993 -19.95498130879332 212.66332640331925 -179.8396 -0.6755522 241.3981 0.0 0.0 0.0
1091 -183.10786771142892 -19.898656281297793 211.78907108436465 -179.8009 -0.6438624 240.5085 0.0 0.0 0.0
1092 -182.94887537677207 -19.834050233929222 210.92527870422379 -179.7651 -0.6101037 239.6292 0.0 0.0 0.0
1093 -182.74408212429265 -19.793896709166606 210.08237492120472 -179.7063 -0.5888265 238.7631 0.0 0.0 0.0
1094 -182.55643414614863 -19.756591394449117 209.25346491201074 -179.645 -0.5708078 237.9148 0.0 0.0 0.0
1095 -182.39678270544331 -19.71354058616818 208.43149665834548 -179.6034 -0.5482957 237.0777 0.0 0.0 0.0
1096 -182.20604159397016 -19.653358018009488 207.61912174859245 -179.5652 -0.5273764 236.2422 0.0 0.0 0.0
1097 -182.02838735297527 -19.605138238101407 206.81407428750435 -179.5221 -0.5092179 235.4177 0.0 0.0 0.0
1098 -181.90029561866717 -19.58441563589078 206.01642681744454 -179.4866 -0.4890252 234.6106 0.0 0.0 0.0
1099 -181.76731582733163 -19.52746843522179 205.2380067779026 -179.4618 -0.4651856 233.8196 0.0 0.0 0.0
1100 -181.65962086353724 -19.466143861990307 204.47671116493524 -179.4435 -0.4403554 233.0489 0.0 0.0 0.0
1101 -181.50003293896114 -19.43508118710278 203.73848669474302 -179.4262 -0.4184439 232.2935 0.0 0.0 0.0
1102 -181.36602005954143 -19.400305435154404 203.0165264087186 -179.41 -0.396176 231.5589 0.0 0.0 0.0
1103 -181.22516321921577 -19.345030666078895 202.31867680283813 -179.3952 -0.3719122 230.8454 0.0 0.0 0.0
1104 -181.1083252745553 -19.30607999832269 201.63685909851304 -179.3848 -0.3491587 230.153 0.0 0.0 0.0
1105 -180.9922614400593 -19.2601632299615 200.97691788658156 -179.3801 -0.3282832 229.4817 0.0 0.0 0.0
1106 -180.88348929600355 -19.227224459676314 200.33527671127933 -179.377 -0.3078274 228.8304 0.0 0.0 0.0
1107 -180.78896241866448 -19.202196186307106 199.71518065552735 -179.3729 -0.2870117 228.203 0.0 0.0 0.0
1108 -180.682724126505 -19.163638579163994 199.11915190170228 -179.3672 -0.2672289 227.5967 0.0 0.0 0.0
1109 -180.58270412935096 -19.127294266242252 198.5412462930502 -179.3616 -0.2485969 227.0094 0.0 0.0 0.0
1110 -180.4561854429332 -19.0948685799245 197.99245346437408 -179.3532 -0.231539 226.4456 0.0 0.0 0.0
1111 -180.35866556104983 -19.06722291642126 197.45873351176917 -179.3378 -0.2153403 225.9028 0.0 0.0 0.0
1112 -180.26634632771984 -19.038675077180223 196.94707490027994 -179.3138 -0.1992051 225.3829 0.0 0.0 0.0
1113 -180.12631625560178 -19.00502961771084 196.47419601077215 -179.2845 -0.1833889 224.8897 0.0 0.0 0.0
1114 -180.0256138697286 -18.97726235413773 196.0165740574059 -179.2524 -0.1699047 224.4216 0.0 0.0 0.0
1115 -179.9036624949577 -18.945808291445598 195.5761626836158 -179.2118 -0.1577349 223.9655 0.0 0.0 0.0
1116 -179.77092175240657 -18.934959345577568 195.14810793390944 -179.1595 -0.1468091 223.5204 0.0 0.0 0.0
1117 -179.64121967022945 -18.927902005974044 194.72600617912872 -179.0907 -0.1355985 223.0843 0.0 0.0 0.0
1118 -179.48356292920909 -18.90173315756064 194.3028683401288 -178.9955 -0.1229871 222.6423 0.0 0.0 0.0
1119 -179.3216911764482 -18.864908327203693 193.9034619159597 -178.8929 -0.1104466 222.2223 0.0 0.0 0.0
1120 -179.13702807086827 -18.83533264805684 193.49294001995833 -178.7547 -0.1001665 221.793 0.0 0.0 0.0
1121 -178.93621495438012 -18.802690056574 193.12476486448597 -178.6098 -0.09114754 221.3982 0.0 0.0 0.0
1122 -178.67473593536081 -18.761745046040005 192.80541116607134 -178.4408 -0.08341023 221.0195 0.0 0.0 0.0
1123 -178.41399862796067 -18.72679600496019 192.44956200402257 -178.2271 -0.08023768 220.632 0.0 0.0 0.0
1124 -178.1430155242991 -18.68232602549026 192.14564685674165 -178.0215 -0.07354154 220.2778 0.0 0.0 0.0
1125 -177.8682153415265 -18.640619952272164 191.82057169107202 -177.7993 -0.06734474 219.9124 0.0 0.0 0.0
1126 -177.57070548054222 -18.5904908751708 191.4674569538087 -177.5389 -0.05918083 219.5279 0.0 0.0 0.0
1127 -177.28816535229657 -18.553631568893937 191.15322649133552 -177.2817 -0.05065815 219.1907 0.0 0.0 0.0
1128 -176.95865520009949 -18.51316384021919 190.87603413939445 -176.9931 -0.04192789 218.8687 0.0 0.0 0.0
1129 -176.56255389550387 -18.447263521526608 190.59746009909364 -176.6523 -0.03061677 218.5186 0.0 0.0 0.0
1130 -176.17657118050627 -18.397939051524993 190.35138610837188 -176.3154 -0.01959867 218.205 0.0 0.0 0.0
1131 -175.77233574960295 -18.34598110171538 190.12183304081395 -175.9537 -0.008613545 217.9086 0.0 0.0 0.0
1132 -175.32665972605312 -18.297450732701122 189.85838155175372 -175.5342 0.001303197 217.6015 0.0 0.0 0.0
1133 -174.8878779924039 -18.239247785340226 189.6251895103377 -175.108 0.008884163 217.3396 0.0 0.0 0.0
1134 -174.4091367139355 -18.171764141280946 189.43196069997683 -174.6464 0.01392669 217.0988 0.0 0.0 0.0
1135 -173.8566673277274 -18.101108425580424 189.241688674908 -174.1229 0.01612814 216.8298 0.0 0.0 0.0
1136 -173.3310473127801 -18.03363703881596 189.0584391723971 -173.5983 0.01603695 216.6318 0.0 0.0 0.0
1137 -172.75085364230807 -17.968365844673542 188.92805089267685 -173.0375 0.01526395 216.4235 0.0 0.0 0.0
1138 -172.16995245022875 -17.921671674020573 188.8586995014713 -172.474 0.01245219 216.2595 0.0 0.0 0.0
1139 -171.57124628118424 -17.856991048863815 188.80872574530946 -171.8842 0.01226133 216.1281 0.0 0.0 0.0
1140 -170.91861306618503 -17.783752130680085 188.7898617909384 -171.2424 0.006738538 215.9877 0.0 0.0 0.0
1141 -170.27429768831203 -17.715859265716233 188.81510237936055 -170.6006 -0.0006340179 215.8959 0.0 0.0 0.0
1142 -169.61276857137238 -17.64739367489227 188.8402166587321 -169.9389 -0.007785711 215.8249 0.0 0.0 0.0
1143 -168.92641788909316 -17.57510634350334 188.88470601717162 -169.2517 -0.01961535 215.7481 0.0 0.0 0.0
1144 -168.2459711036654 -17.502181797128138 188.95163984017142 -168.5656 -0.03513643 215.7053 0.0 0.0 0.0
1145 -167.550972846881 -17.432939110862193 189.04046881190325 -167.8625 -0.04809223 215.6708 0.0 0.0 0.0
1146 -166.85715095058907 -17.36152434481039 189.11945283052896 -167.1609 -0.05831758 215.6513 0.0 0.0 0.0
1147 -166.14377261114 -17.311472832880266 189.18677349950977 -166.4434 -0.07436568 215.6216 0.0 0.0 0.0
1148 -165.42653065887947 -17.255645971281883 189.28552567121807 -165.7179 -0.09615531 215.5997 0.0 0.0 0.0
1149 -164.70081557348098 -17.19357723543476 189.38207560350622 -164.9838 -0.1188212 215.5792 0.0 0.0 0.0
1150 -163.97317506704488 -17.1358865616345 189.49198410365838 -164.246 -0.138904 215.5684 0.0 0.0 0.0
1151 -163.24104495567343 -17.053259580056523 189.60541767566684 -163.5009 -0.1556038 215.5524 0.0 0.0 0.0
1152 -162.5052102482594 -16.97810687776655 189.7168509141401 -162.7532 -0.1745427 215.5422 0.0 0.0 0.0
1153 -161.75854041909753 -16.909367609345768 189.85473159739192 -161.9912 -0.1972969 215.5327 0.0 0.0 0.0
1154 -160.99154837586752 -16.844785778731136 189.97929293755425 -161.2119 -0.2213943 215.5241 0.0 0.0 0.0
1155 -160.20947142802595 -16.780052792686988 190.0916886399314 -160.4196 -0.2475348 215.5174 0.0 0.0 0.0
1156 -159.41366467729915 -16.704966423875256 190.23075979996798 -159.6089 -0.2795917 215.5124 0.0 0.0 0.0
1157 -158.61446915208066 -16.628675821349976 190.34631193455704 -158.7983 -0.3074569 215.5063 0.0 0.0 0.0
1158 -157.81806345604286 -16.551667537518977 190.48340249449225 -157.9869 -0.3292413 215.4944 0.0 0.0 0.0
1159 -157.01723310667742 -16.48272066158731 190.63758894557247 -157.1687 -0.3490628 215.4909 0.0 0.0 0.0
1160 -156.19651105469518 -16.402985398028726 190.77428405289422 -156.3334 -0.3744766 215.4749 0.0 0.0 0.0
1161 -155.37182611076778 -16.331577039873796 190.91643420697872 -155.4939 -0.3999312 215.4766 0.0 0.0 0.0
1162 -154.543841997702 -16.259641510250866 191.06067368186083 -154.6509 -0.4260836 215.4909 0.0 0.0 0.0
1163 -153.70829514007607 -16.181107385418155 191.21752371707487 -153.798 -0.4491774 215.5215 0.0 0.0 0.0
1164 -152.85329513523712 -16.097846351142852 191.37774891942578 -152.9246 -0.4765393 215.5288 0.0 0.0 0.0
1165 -151.98894773381463 -16.017352699235687 191.5337958525511 -152.043 -0.5017483 215.5373 0.0 0.0 0.0
1166 -151.11237758325825 -15.94013761737267 191.69138767307567 -151.1495 -0.5295159 215.545 0.0 0.0 0.0
1167 -150.2323459516819 -15.85501933345318 191.85848567752265 -150.2503 -0.5601175 215.5562 0.0 0.0 0.0
1168 -149.35610230515908 -15.739503776236296 191.99961137891788 -149.3558 -0.5823925 215.5771 0.0 0.0 0.0
1169 -148.4826732033535 -15.650243832704442 192.155834873551 -148.4648 -0.6008344 215.6092 0.0 0.0 0.0
1170 -147.60321969920935 -15.571769298253583 192.32585484491236 -147.5671 -0.6198851 215.6569 0.0 0.0 0.0
1171 -146.7214847921004 -15.48075151945272 192.50059358572912 -146.6647 -0.6483958 215.6906 0.0 0.0 0.0
1172 -145.84393705012542 -15.395606628470047 192.70284984390713 -145.7612 -0.6795057 215.7217 0.0 0.0 0.0
1173 -144.95927420079636 -15.317523701719619 192.88378637505295 -144.8559 -0.7108617 215.7519 0.0 0.0 0.0
1174 -144.08377198564693 -15.238261325072216 193.1058295619105 -143.9508 -0.7389006 215.7977 0.0 0.0 0.0
1175 -143.20426458646799 -15.152958250621746 193.3027455194934 -143.0473 -0.7706459 215.8453 0.0 0.0 0.0
1176 -142.32356694278187 -15.070846461993186 193.48739801487773 -142.1458 -0.8040035 215.8968 0.0 0.0 0.0
1177 -141.45689139853474 -14.981011839123028 193.71287608117416 -141.2479 -0.8410487 215.9462 0.0 0.0 0.0
1178 -140.58974447872407 -14.898897153897988 193.92586168652386 -140.3543 -0.8685023 216.0153 0.0 0.0 0.0
1179 -139.7268733344803 -14.821478370970786 194.17826127222702 -139.4551 -0.8905654 216.0874 0.0 0.0 0.0
1180 -138.85582469897813 -14.748420928320819 194.40569346618378 -138.5557 -0.9204463 216.1647 0.0 0.0 0.0
1181 -137.98085662795998 -14.674133930768267 194.61606271117992 -137.6571 -0.9524096 216.2474 0.0 0.0 0.0
1182 -137.11208670692739 -14.597261143399441 194.80728012704685 -136.7684 -0.9745783 216.3308 0.0 0.0 0.0
1183 -136.25352765487565 -14.507579309509115 195.03251058727676 -135.8805 -0.9967056 216.4147 0.0 0.0 0.0
1184 -135.3907084470203 -14.423647716361986 195.25116602872342 -134.9897 -1.024534 216.4855 0.0 0.0 0.0
1185 -134.53689774092572 -14.33501314780533 195.4847583287229 -134.1037 -1.047336 216.5623 0.0 0.0 0.0
1186 -133.68556531788607 -14.247845460672483 195.68665753995788 -133.2288 -1.0716 216.6465 0.0 0.0 0.0
1187 -132.84650199788126 -14.157888492071523 195.90439065894452 -132.3612 -1.094509 216.7257 0.0 0.0 0.0
1188 -132.00386452227417 -14.073886542746589 196.05209777058127 -131.5054 -1.117805 216.803 0.0 0.0 0.0
1189 -131.17924972067073 -14.025543955699977 196.25820998543074 -130.6583 -1.143989 216.8839 0.0 0.0 0.0
1190 -130.3627038748846 -13.94784684986363 196.44703439817994 -129.8199 -1.168113 216.9542 0.0 0.0 0.0
1191 -129.55780159769338 -13.884269827251673 196.63936213874845 -128.9928 -1.194745 217.0182 0.0 0.0 0.0
1192 -128.75496229663284 -13.83020788678825 196.82229014778733 -128.1705 -1.23286 217.0757 0.0 0.0 0.0
1193 -127.97777787037381 -13.768040610406452 197.01913135340158 -127.3692 -1.27213 217.1305 0.0 0.0 0.0
1194 -127.21800458420603 -13.679551331058171 197.20590198624092 -126.5849 -1.306515 217.191 0.0 0.0 0.0
1195 -126.477308174457 -13.613895828676844 197.38614661713999 -125.8229 -1.342639 217.25 0.0 0.0 0.0
1196 -125.74747990615701 -13.556476041775154 197.54410100356662 -125.076 -1.381566 217.289 0.0 0.0 0.0
1197 -125.05028793639019 -13.492485442380678 197.7170058895669 -124.3571 -1.421077 217.3301 0.0 0.0 0.0
1198 -124.36909430036586 -13.431374597767649 197.87232332013937 -123.6574 -1.453254 217.3657 0.0 0.0 0.0
1199 -123.70442784075571 -13.367945997914257 198.0056349633478 -122.9783 -1.493099 217.3942 0.0 0.0 0.0
1200 -123.06449038980531 -13.315032475488684 198.1298067961104 -122.3261 -1.535093 217.4189 0.0 0.0 0.0
1201 -122.4457763697487 -13.280681245774463 198.25083148988188 -121.6962 -1.572983 217.4395 0.0 0.0 0.0
1202 -121.83469101090084 -13.228568693039108 198.35908808656387 -121.0747 -1.610957 217.452 0.0 0.0 0.0
1203 -121.23755367622341 -13.175106566863997 198.48334394936393 -120.4635 -1.644178 217.4662 0.0 0.0 0.0
1204 -120.64271506036401 -13.13170258747466 198.59361231659423 -119.8581 -1.678712 217.4794 0.0 0.0 0.0
1205 -120.04740762351481 -13.089009656270951 198.6942571330592 -119.2538 -1.71198 217.487 0.0 0.0 0.0
1206 -119.46333095610821 -13.027498333873679 198.82216509335927 -118.6536 -1.74273 217.4972 0.0 0.0 0.0
1207 -118.8759929367833 -12.958855922752033 198.93025350870477 -118.0529 -1.765239 217.5009 0.0 0.0 0.0
1208 -118.28514724109645 -12.908129854350552 199.02541148130211 -117.4528 -1.789865 217.5015 0.0 0.0 0.0
1209 -117.68980461403682 -12.849694736268793 199.10713724828838 -116.8496 -1.815262 217.4959 0.0 0.0 0.0
1210 -117.10450115988972 -12.782035983358194 199.21811682641896 -116.2506 -1.8409 217.4919 0.0 0.0 0.0
1211 -116.52410494509208 -12.713275722515885 199.2978062115745 -115.661 -1.856427 217.5002 0.0 0.0 0.0
1212 -115.94019185184679 -12.65047230662817 199.38294406267818 -115.0678 -1.864826 217.514 0.0 0.0 0.0
1213 -115.36038978954718 -12.588456721299254 199.4798143492393 -114.4769 -1.869443 217.5287 0.0 0.0 0.0
1214 -114.79327978400481 -12.515292782717287 199.57033481491354 -113.8982 -1.885694 217.5304 0.0 0.0 0.0
1215 -114.22568091187293 -12.464056311625628 199.64321459615417 -113.324 -1.905071 217.5353 0.0 0.0 0.0
1216 -113.66676785241921 -12.397206145732747 199.74675856620158 -112.7521 -1.91705 217.5543 0.0 0.0 0.0
1217 -113.11488996614412 -12.336298471021328 199.85190116916428 -112.188 -1.923584 217.5872 0.0 0.0 0.0
1218 -112.56166849929056 -12.29432292699962 199.99612632757112 -111.616 -1.935585 217.6231 0.0 0.0 0.0
1219 -112.0091609714726 -12.2441532868226 200.14128820242115 -111.0473 -1.945084 217.6962 0.0 0.0 0.0
1220 -111.46171573277284 -12.19135781636738 200.28968667411272 -110.4838 -1.964158 217.7775 0.0 0.0 0.0
1221 -110.92365768002848 -12.136283317034747 200.45226495151843 -109.9277 -1.97678 217.8753 0.0 0.0 0.0
1222 -110.39189855045538 -12.08962054171851 200.63644174183534 -109.3774 -1.987256 218.0015 0.0 0.0 0.0
1223 -109.86594503183113 -12.034028034035847 200.83104480819432 -108.8327 -1.995466 218.1458 0.0 0.0 0.0
1224 -109.34840038092022 -11.984128191395468 201.0489193189063 -108.2909 -2.004646 218.3013 0.0 0.0 0.0
1225 -108.84539194523505 -11.935422238685957 201.29657406411462 -107.764 -2.019178 218.4985 0.0 0.0 0.0
1226 -108.35986793026548 -11.902456865847238 201.56806420824958 -107.2563 -2.021587 218.7282 0.0 0.0 0.0
1227 -107.89219556126953 -11.860560147989668 201.85714577679812 -106.7495 -2.025929 218.9454 0.0 0.0 0.0
1228 -107.44883335220605 -11.851102544997765 202.17862346852957 -106.2729 -2.029648 219.2153 0.0 0.0 0.0
1229 -107.01717209745382 -11.814656692050587 202.51205561331122 -105.7926 -2.038583 219.4762 0.0 0.0 0.0
1230 -106.59906388797283 -11.770718641405617 202.85959126545947 -105.3492 -2.045845 219.7938 0.0 0.0 0.0
1231 -106.21263748244334 -11.729718355912452 203.2368125730602 -104.9255 -2.060392 220.1308 0.0 0.0 0.0
1232 -105.86589844565628 -11.74385526981532 203.6396839069837 -104.5035 -2.078284 220.4538 0.0 0.0 0.0
1233 -105.5258273134592 -11.7335407885869 204.0648290465351 -104.1155 -2.105153 220.8349 0.0 0.0 0.0
1234 -105.22297238604936 -11.716379677749675 204.5169815187161 -103.7453 -2.129794 221.2334 0.0 0.0 0.0
1235 -104.96858575491379 -11.741962797552858 204.98816131375898 -103.3709 -2.158418 221.616 0.0 0.0 0.0
1236 -104.68471024354649 -11.739743783779698 205.45923551927208 -103.036 -2.189144 222.0512 0.0 0.0 0.0
1237 -104.43923834616177 -11.752078712931196 205.94527500848892 -102.7308 -2.232675 222.5002 0.0 0.0 0.0
1238 -104.20093641479706 -11.75016426510181 206.4120880259149 -102.4376 -2.273704 222.9327 0.0 0.0 0.0
1239 -104.0022137672927 -11.753468298362032 206.9096313258015 -102.1791 -2.315727 223.4001 0.0 0.0 0.0
1240 -103.75040093255154 -11.750105789840537 207.36141326958088 -101.9309 -2.34715 223.8528 0.0 0.0 0.0
1241 -103.60583556566942 -11.76208775480153 207.87742430230682 -101.7237 -2.383609 224.3458 0.0 0.0 0.0
1242 -103.47596414731848 -11.767289151964 208.39664036342594 -101.5432 -2.415078 224.8487 0.0 0.0 0.0
1243 -103.3604048131395 -11.775107192026026 208.90260081744748 -101.3752 -2.444928 225.3389 0.0 0.0 0.0
1244 -103.24181786363731 -11.760877740990285 209.42042449587478 -101.2366 -2.472231 225.8512 0.0 0.0 0.0
1245 -103.22999073772019 -11.78036574531343 209.96679278128403 -101.1157 -2.49977 226.3838 0.0 0.0 0.0
1246 -103.17108681981401 -11.789077485922844 210.5015753054561 -101.0069 -2.526393 226.9101 0.0 0.0 0.0
1247 -103.0044155062467 -11.829727291000097 211.01042869347856 -100.9157 -2.553482 227.4386 0.0 0.0 0.0
1248 -102.9873768621005 -11.859919908186393 211.54637135062958 -100.8306 -2.570641 227.9686 0.0 0.0 0.0
1249 -102.94775091551212 -11.880286301186121 212.0731527747299 -100.7342 -2.585013 228.4882 0.0 0.0 0.0
1250 -102.87201852454487 -11.873036707338125 212.59216459084143 -100.6347 -2.600567 229.003 0.0 0.0 0.0
1251 -102.84224377247595 -11.891011308141257 213.1003298307794 -100.5311 -2.625163 229.5011 0.0 0.0 0.0
1252 -102.8276995099332 -11.93044040246945 213.62055136607327 -100.4466 -2.640569 230.0159 0.0 0.0 0.0
1253 -102.73216581365884 -11.942322742726542 214.124821825353 -100.3557 -2.656963 230.5209 0.0 0.0 0.0
1254 -102.70616027246302 -11.957439163742224 214.63185291477728 -100.2521 -2.672563 231.0179 0.0 0.0 0.0
1255 -102.63536215757026 -11.974634253092576 215.13044519983478 -100.1357 -2.68848 231.5079 0.0 0.0 0.0
1256 -102.52845174776898 -12.0004958336291 215.61335351409772 -100.0122 -2.703396 231.9873 0.0 0.0 0.0
1257 -102.40161759183148 -12.03858507646188 216.0886525382331 -99.88399 -2.718972 232.4635 0.0 0.0 0.0
1258 -102.26730673651903 -12.017619942152571 216.55777192326596 -99.75006 -2.728487 232.9331 0.0 0.0 0.0
1259 -102.17700619068027 -12.03010966141011 217.02646966513174 -99.59956 -2.739823 233.3861 0.0 0.0 0.0
1260 -102.02999791281161 -12.025398294904624 217.47447495682897 -99.42555 -2.754618 233.8241 0.0 0.0 0.0
1261 -101.88715018883961 -12.033984248399646 217.88231753324737 -99.20992 -2.762877 234.1986 0.0 0.0 0.0
1262 -101.69674387384157 -12.047234970220874 218.25644380939633 -98.99629 -2.777882 234.5599 0.0 0.0 0.0
1263 -101.53507135109668 -12.057886073831114 218.6038514382492 -98.77588 -2.79773 234.8729 0.0 0.0 0.0
1264 -101.36452462795332 -12.05462227619952 218.9609329304524 -98.56661 -2.811248 235.2085 0.0 0.0 0.0
1265 -101.16872604418033 -12.041590237797125 219.30601266109963 -98.34855 -2.820092 235.5401 0.0 0.0 0.0
1266 -100.95121382915596 -12.021648107893448 219.60944370807752 -98.0861 -2.826192 235.8063 0.0 0.0 0.0
1267 -100.69417692555571 -11.987848952926427 219.9015193258328 -97.80747 -2.837866 236.0797 0.0 0.0 0.0
1268 -100.3999468000997 -11.97207742078901 220.1335058681411 -97.49142 -2.846074 236.2814 0.0 0.0 0.0
1269 -100.12128602735717 -11.959785635399122 220.37565815678497 -97.17427 -2.873917 236.4687 0.0 0.0 0.0
1270 -99.85581320585803 -11.940966680950211 220.60142199643767 -96.87881 -2.878181 236.6544 0.0 0.0 0.0
1271 -99.58105801161769 -11.928703259982571 220.80119872523287 -96.56356 -2.881999 236.7815 0.0 0.0 0.0
1272 -99.27308676509125 -11.904641386970372 220.95189252510897 -96.25415 -2.886378 236.9311 0.0 0.0 0.0
1273 -98.97507632856947 -11.875141823885194 221.1231214247664 -95.93153 -2.889154 237.0532 0.0 0.0 0.0
1274 -98.65938368863546 -11.837638183633786 221.28282552728223 -95.61348 -2.892253 237.2126 0.0 0.0 0.0
1275 -98.34436257455609 -11.796419208451857 221.45474805666723 -95.28315 -2.893774 237.3588 0.0 0.0 0.0
1276 -98.01079509431038 -11.762506358257632 221.60976487457816 -94.93043 -2.895213 237.4685 0.0 0.0 0.0
1277 -97.65538330190282 -11.731102481747596 221.7459394554763 -94.56472 -2.904768 237.5781 0.0 0.0 0.0
1278 -97.28742779097695 -11.700141614563224 221.87719031407337 -94.18508 -2.914728 237.6748 0.0 0.0 0.0
1279 -96.90358782146009 -11.659654704062199 222.0053562076659 -93.78494 -2.924129 237.7469 0.0 0.0 0.0
1280 -96.51297428122862 -11.613323772266444 222.13587358204867 -93.37827 -2.929392 237.8266 0.0 0.0 0.0
1281 -96.10073613314962 -11.574168261551085 222.2483776147098 -92.95531 -2.934146 237.8988 0.0 0.0 0.0
1282 -95.68550066980605 -11.50620751862837 222.38384838287857 -92.51885 -2.940151 237.9685 0.0 0.0 0.0
1283 -95.24740524915566 -11.473715542781056 222.51460457191644 -92.0658 -2.94732 238.0376 0.0 0.0 0.0
1284 -94.79435626722622 -11.42730021234082 222.644419947361 -91.59685 -2.957697 238.1027 0.0 0.0 0.0
1285 -94.31801583988995 -11.37649220807275 222.759852253274 -91.10748 -2.970966 238.1588 0.0 0.0 0.0
1286 -93.83410465366954 -11.326750923680315 222.9112485605002 -90.60052 -2.985924 238.2071 0.0 0.0 0.0
1287 -93.32472221970525 -11.287070135511106 223.0430334265808 -90.07469 -3.000677 238.2483 0.0 0.0 0.0
1288 -92.79502902731865 -11.233029597364434 223.1560978915559 -89.53204 -3.015435 238.2882 0.0 0.0 0.0
1289 -92.24487799386932 -11.17184972864514 223.2829991691662 -88.96618 -3.031384 238.3336 0.0 0.0 0.0
1290 -91.67908388828039 -11.115762811886922 223.40595575122003 -88.38745 -3.040495 238.3917 0.0 0.0 0.0
1291 -91.07398106074073 -11.042659025011535 223.54607960866045 -87.76457 -3.050019 238.447 0.0 0.0 0.0
1292 -90.46247155482055 -10.975161164101582 223.687739371705 -87.13484 -3.068087 238.488 0.0 0.0 0.0
1293 -89.83214415801706 -10.898926193879298 223.82992689138987 -86.48629 -3.071277 238.5401 0.0 0.0 0.0
1294 -89.18462272029626 -10.824192168925707 223.97905097070378 -85.81893 -3.089892 238.5774 0.0 0.0 0.0
1295 -88.52611575044445 -10.748871631700947 224.13410934833215 -85.13954 -3.10953 238.6147 0.0 0.0 0.0
1296 -87.85052716759743 -10.669085139812239 224.28737135125473 -84.44349 -3.131581 238.6508 0.0 0.0 0.0
1297 -87.16350206437295 -10.602248856322955 224.44520069087417 -83.73651 -3.141617 238.689 0.0 0.0 0.0
1298 -86.44448545905416 -10.515195709565045 224.60310551163454 -82.99599 -3.164465 238.7136 0.0 0.0 0.0
1299 -85.72418597754029 -10.43464951998305 224.76784521783694 -82.25386 -3.18894 238.7468 0.0 0.0 0.0
1300 -85.00165301983165 -10.36022892350107 224.97134963105702 -81.501 -3.193174 238.7936 0.0 0.0 0.0
1301 -84.2528512156735 -10.28864549888695 225.14049660837262 -80.73125 -3.204779 238.8359 0.0 0.0 0.0
1302 -83.48292130601334 -10.202101044275338 225.305299430808 -79.94014 -3.188593 238.8723 0.0 0.0 0.0
1303 -82.6979841123984 -10.117080288850703 225.4398453728758 -79.14001 -3.199573 238.9059 0.0 0.0 0.0
1304 -81.91102734432769 -10.053673059170954 225.58514130059586 -78.3389 -3.201263 238.9574 0.0 0.0 0.0
1305 -81.12885359803217 -9.97630409360211 225.74009963534684 -77.53959 -3.204957 239.0111 0.0 0.0 0.0
1306 -80.33486371775739 -9.88373463726175 225.87823551182396 -76.72966 -3.214693 239.0557 0.0 0.0 0.0
1307 -79.53492166476734 -9.788770549320043 226.03132280802924 -75.91108 -3.224093 239.1026 0.0 0.0 0.0
1308 -78.72870229790611 -9.702959882815774 226.18487308348634 -75.08744 -3.239402 239.1507 0.0 0.0 0.0
1309 -77.91257619916782 -9.613385526346164 226.3401686361021 -74.25346 -3.253523 239.2005 0.0 0.0 0.0
1310 -77.09474575121197 -9.529575282178685 226.4953607259293 -73.41834 -3.272699 239.247 0.0 0.0 0.0
1311 -76.27123940970671 -9.438454903523073 226.66787675335357 -72.57493 -3.292981 239.3139 0.0 0.0 0.0
1312 -75.43355194996334 -9.368587235713925 226.79922912447643 -71.72614 -3.314227 239.3683 0.0 0.0 0.0
1313 -74.58738209568064 -9.308315828455077 226.97016628123058 -70.86221 -3.33866 239.4117 0.0 0.0 0.0
1314 -73.73698708563377 -9.233201920451956 227.14510494431246 -69.99191 -3.366787 239.4464 0.0 0.0 0.0
1315 -72.87545982593193 -9.16225455309787 227.29415325419941 -69.11572 -3.390705 239.481 0.0 0.0 0.0
1316 -72.01477091820578 -9.079029376199019 227.45818316082716 -68.23645 -3.412566 239.513 0.0 0.0 0.0
1317 -71.15056246629584 -8.996236423127321 227.6350281509317 -67.35162 -3.440482 239.5488 0.0 0.0 0.0
1318 -70.2644864982278 -8.92115080634192 227.75291884363136 -66.45635 -3.487813 239.5791 0.0 0.0 0.0
1319 -69.39183709672635 -8.837171465803845 227.92117426270292 -65.56589 -3.534768 239.621 0.0 0.0 0.0
1320 -68.51067741829446 -8.752196600183606 228.0986048377305 -64.66636 -3.602912 239.6577 0.0 0.0 0.0
1321 -67.63689626024913 -8.670772225492781 228.25804521803659 -63.77679 -3.651501 239.7007 0.0 0.0 0.0
1322 -66.76429474437576 -8.58742026467737 228.4372633956657 -62.88482 -3.696764 239.754 0.0 0.0 0.0
1323 -65.8987278355317 -8.50944977435238 228.62841657260398 -61.99803 -3.746013 239.8088 0.0 0.0 0.0
1324 -65.02258306178624 -8.435688742079112 228.81362218424005 -61.10321 -3.809388 239.8603 0.0 0.0 0.0
1325 -64.14907449673483 -8.347982634452272 229.0003030909519 -60.20898 -3.87313 239.9033 0.0 0.0 0.0
1326 -63.280280765467644 -8.24668156929589 229.21666810071548 -59.31175 -3.939659 239.9526 0.0 0.0 0.0
1327 -62.421435244026064 -8.160061533604102 229.40641349997586 -58.4305 -3.980641 240.0059 0.0 0.0 0.0
1328 -61.57423155769889 -8.071708376159087 229.59179275316274 -57.56113 -4.020154 240.0565 0.0 0.0 0.0
1329 -60.73603421763578 -7.993815494811327 229.77605619032667 -56.70195 -4.060627 240.1091 0.0 0.0 0.0
1330 -59.91142700637484 -7.920847483721641 229.97104321894665 -55.85398 -4.101583 240.16 0.0 0.0 0.0
1331 -59.08240380875693 -7.835345043781128 230.1549789474405 -55.00292 -4.143154 240.2089 0.0 0.0 0.0
1332 -58.25504662740289 -7.753002458917133 230.3513701531087 -54.15113 -4.172782 240.2676 0.0 0.0 0.0
1333 -57.43406133374352 -7.65665211532636 230.55173024731153 -53.30353 -4.205374 240.3305 0.0 0.0 0.0
1334 -56.6150404545514 -7.574583451845826 230.73912269429343 -52.46197 -4.242766 240.3855 0.0 0.0 0.0
1335 -55.79728671569289 -7.49761197192118 230.9072762242746 -51.62594 -4.290144 240.4271 0.0 0.0 0.0
1336 -54.98607779152962 -7.408741103501285 231.06906446134127 -50.79621 -4.332237 240.4708 0.0 0.0 0.0
1337 -54.1734083516712 -7.321632406916557 231.25571249737567 -49.96026 -4.376671 240.5163 0.0 0.0 0.0
1338 -53.36369012563953 -7.238637649512635 231.4440209757418 -49.12739 -4.421564 240.5643 0.0 0.0 0.0
1339 -52.55734423343495 -7.164893963975255 231.62777754160314 -48.29973 -4.464891 240.6143 0.0 0.0 0.0
1340 -51.762744666864634 -7.09382123667364 231.83292492921547 -47.4783 -4.504143 240.6616 0.0 0.0 0.0
1341 -50.96232426410872 -7.010618862356924 231.96040106516298 -46.66587 -4.538667 240.7127 0.0 0.0 0.0
1342 -50.17406069017841 -6.933946832447176 232.13662778629265 -45.85726 -4.571703 240.7706 0.0 0.0 0.0
1343 -49.38375735248675 -6.854576631670971 232.3051152394491 -45.04822 -4.610806 240.8271 0.0 0.0 0.0
1344 -48.6148937212226 -6.74844812058531 232.53965110249362 -44.24057 -4.651036 240.8863 0.0 0.0 0.0
1345 -47.844438628307415 -6.65713128081083 232.74660924627068 -43.44076 -4.687337 240.9476 0.0 0.0 0.0
1346 -47.08521198910473 -6.5909219911919426 232.9543361947924 -42.65454 -4.714944 241.0187 0.0 0.0 0.0
1347 -46.33027044157904 -6.508926103336655 233.12746067329942 -41.87896 -4.728352 241.0889 0.0 0.0 0.0
1348 -45.590297942777916 -6.435204710670863 233.30245538638079 -41.11857 -4.737337 241.162 0.0 0.0 0.0
1349 -44.87797030510598 -6.3620062334796215 233.51730255222336 -40.37476 -4.751432 241.236 0.0 0.0 0.0
1350 -44.1718678768201 -6.301119196497825 233.6923805778501 -39.64902 -4.769963 241.3128 0.0 0.0 0.0
1351 -43.49117252398089 -6.225930618318482 233.8914199875243 -38.93985 -4.793176 241.3846 0.0 0.0 0.0
1352 -42.81682877301841 -6.1637470708001 234.06867487675407 -38.24412 -4.801646 241.4615 0.0 0.0 0.0
1353 -42.14564083673863 -6.09898151777599 234.2415068556323 -37.55243 -4.809079 241.5394 0.0 0.0 0.0
1354 -41.47143183776751 -6.027820163955492 234.38648137033329 -36.8629 -4.824751 241.6097 0.0 0.0 0.0
1355 -40.80763787053592 -5.970851616890721 234.56939144155209 -36.17526 -4.839722 241.6749 0.0 0.0 0.0
1356 -40.14054335378319 -5.904850772717518 234.73318093173947 -35.48874 -4.855125 241.7431 0.0 0.0 0.0
1357 -39.47667771040328 -5.835750353408974 234.89912819315754 -34.80489 -4.857816 241.8164 0.0 0.0 0.0
1358 -38.81919716443078 -5.764491799435078 235.05983156817575 -34.12746 -4.863699 241.8815 0.0 0.0 0.0
1359 -38.16344026135302 -5.695472007210532 235.19624192348695 -33.4567 -4.876482 241.939 0.0 0.0 0.0
1360 -37.53006456795359 -5.6209362301969765 235.37208412238064 -32.79782 -4.885648 241.9976 0.0 0.0 0.0
1361 -36.909362646408944 -5.5595360921837615 235.538568946442 -32.15573 -4.889678 242.0644 0.0 0.0 0.0
1362 -36.30582471402092 -5.491339520222987 235.68853587185419 -31.53309 -4.898054 242.1248 0.0 0.0 0.0
1363 -35.717151293737096 -5.427067606125814 235.82665571724442 -30.92804 -4.908945 242.1843 0.0 0.0 0.0
1364 -35.13549515394138 -5.358028488003948 235.92819063414933 -30.3363 -4.922557 242.2396 0.0 0.0 0.0
1365 -34.572928155845176 -5.305234978359944 236.0299905933462 -29.76456 -4.942867 242.2879 0.0 0.0 0.0
1366 -34.03501358893587 -5.254854080201765 236.14740877759183 -29.21431 -4.965689 242.3367 0.0 0.0 0.0
1367 -33.50920257503669 -5.20533448678108 236.2281818453729 -28.68168 -4.986696 242.373 0.0 0.0 0.0
1368 -33.01393513421967 -5.157078094110973 236.34385833251278 -28.17242 -5.007234 242.4081 0.0 0.0 0.0
1369 -32.533960285596244 -5.111715654604804 236.4380909034209 -27.68212 -5.025891 242.432 0.0 0.0 0.0
1370 -32.06735012975103 -5.069464105721861 236.52510528075643 -27.20634 -5.041519 242.4537 0.0 0.0 0.0
1371 -31.61514967010201 -5.022488886385552 236.59227596753658 -26.74717 -5.053168 242.4689 0.0 0.0 0.0
1372 -31.180300571964157 -4.9623087563238935 236.67286571809117 -26.30096 -5.053968 242.4792 0.0 0.0 0.0
1373 -30.75735344641013 -4.914572528858389 236.72566513927117 -25.87211 -5.06017 242.4793 0.0 0.0 0.0
1374 -30.35390768436917 -4.873695294908853 236.79858380207307 -25.46026 -5.070177 242.4733 0.0 0.0 0.0
1375 -29.96323426196993 -4.837756432394978 236.8554408909985 -25.06402 -5.07954 242.4658 0.0 0.0 0.0
1376 -29.591779495656624 -4.81517054517251 236.9310307498785 -24.68451 -5.088412 242.456 0.0 0.0 0.0
1377 -29.228388645399022 -4.786509623798693 236.97029658361544 -24.31871 -5.104554 242.4374 0.0 0.0 0.0
1378 -28.878916724828773 -4.749360770838809 236.99444189748175 -23.9679 -5.119929 242.4093 0.0 0.0 0.0
1379 -28.547235317993035 -4.727618315612431 237.03140323032014 -23.63681 -5.143724 242.3685 0.0 0.0 0.0
1380 -28.235708458694415 -4.67498581474176 237.0522033445418 -23.3242 -5.163532 242.3223 0.0 0.0 0.0
1381 -27.931554679776735 -4.653661811110416 237.0665757312686 -23.02391 -5.190213 242.2745 0.0 0.0 0.0
1382 -27.64989264561353 -4.642396477539916 237.08718191188484 -22.74508 -5.20646 242.2312 0.0 0.0 0.0
1383 -27.385641682520205 -4.618775563854856 237.09601375342163 -22.48378 -5.221438 242.1869 0.0 0.0 0.0
1384 -27.14950642821137 -4.589826459705788 237.09819173539253 -22.24922 -5.23478 242.1494 0.0 0.0 0.0
1385 -26.93477410644871 -4.552763269910948 237.08907953798203 -22.03471 -5.248313 242.1124 0.0 0.0 0.0
1386 -26.73973381235839 -4.534146884451833 237.07330343318395 -21.84323 -5.259766 242.0695 0.0 0.0 0.0
1387 -26.567832796124215 -4.51135113472358 237.0742620300659 -21.67523 -5.265402 242.0269 0.0 0.0 0.0
1388 -26.405165916198587 -4.497764144976503 237.0533199407271 -21.51618 -5.267841 241.9847 0.0 0.0 0.0
1389 -26.24450301064324 -4.4761932597893725 237.0175557654709 -21.35727 -5.27407 241.9371 0.0 0.0 0.0
1390 -26.073819685356984 -4.461728856152244 237.0145718015561 -21.19397 -5.291182 241.8882 0.0 0.0 0.0
1391 -25.907382821712105 -4.430370263715704 237.029955804821 -21.0326 -5.299016 241.8351 0.0 0.0 0.0
1392 -25.74488944578039 -4.410349785258008 237.0290903658341 -20.87495 -5.301724 241.791 0.0 0.0 0.0
1393 -25.58723740389645 -4.3947004323791825 236.9916329217102 -20.71927 -5.30205 241.7434 0.0 0.0 0.0
1394 -25.425617635015517 -4.374836982001339 236.98143332392593 -20.56416 -5.302307 241.6928 0.0 0.0 0.0
1395 -25.26727467951508 -4.349962554561461 236.9544209673659 -20.41009 -5.302005 241.641 0.0 0.0 0.0
1396 -25.10888522943584 -4.336731825106857 236.92150252465223 -20.25737 -5.299092 241.5861 0.0 0.0 0.0
1397 -24.952486560641653 -4.324533338986582 236.8682527323073 -20.10375 -5.291935 241.5245 0.0 0.0 0.0
1398 -24.778114703301483 -4.3024414324775435 236.82956794491574 -19.93858 -5.286906 241.4532 0.0 0.0 0.0
1399 -24.584900075600164 -4.266844311291912 236.7708344268316 -19.75489 -5.289635 241.3621 0.0 0.0 0.0
1400 -24.371006120057512 -4.2274639568767425 236.7103676971908 -19.55122 -5.29894 241.2652 0.0 0.0 0.0
1401 -24.146395821092703 -4.189839713632938 236.60932015325594 -19.33089 -5.318294 241.1505 0.0 0.0 0.0
1402 -23.903683550432913 -4.163719937207877 236.47596133834418 -19.09778 -5.342702 241.0007 0.0 0.0 0.0
1403 -23.643118648295772 -4.128115773970532 236.34774638558739 -18.85305 -5.382576 240.8454 0.0 0.0 0.0
1404 -23.38111137437959 -4.090462531293524 236.19936975937247 -18.60355 -5.40465 240.6741 0.0 0.0 0.0
1405 -23.09869500716424 -4.025293909221689 236.03766215484458 -18.34637 -5.427006 240.4655 0.0 0.0 0.0
1406 -22.789319731334665 -3.988238047615862 235.91826664607223 -18.08613 -5.451539 240.2581 0.0 0.0 0.0
1407 -22.468459053399982 -3.968062216067311 235.72822515232517 -17.81755 -5.481176 240.0003 0.0 0.0 0.0
1408 -22.169513561488227 -3.9305030880071605 235.51741854741442 -17.5544 -5.502023 239.7443 0.0 0.0 0.0
1409 -21.872144565079093 -3.8796655736713346 235.28976267062717 -17.29903 -5.512958 239.4659 0.0 0.0 0.0
1410 -21.554351670450657 -3.844913259636635 235.0182937215116 -17.04794 -5.517479 239.13 0.0 0.0 0.0
1411 -21.271276452022672 -3.8093683622782084 234.7304506254806 -16.81073 -5.516022 238.8014 0.0 0.0 0.0
1412 -21.0112358941464 -3.7688922378511527 234.4129995375131 -16.58565 -5.514193 238.4559 0.0 0.0 0.0
1413 -20.755768708582135 -3.7195851486833367 234.02536348423803 -16.37144 -5.510814 238.0411 0.0 0.0 0.0
1414 -20.50192515478089 -3.685930296864533 233.6620128037053 -16.16855 -5.520163 237.6457 0.0 0.0 0.0
1415 -20.31910360645401 -3.6466683390649037 233.19748208589098 -15.9803 -5.524629 237.1817 0.0 0.0 0.0
1416 -20.07926290753402 -3.6198266201193174 232.78466638731035 -15.81914 -5.521756 236.7315 0.0 0.0 0.0
1417 -19.900541907165824 -3.5857927828861755 232.31192318208517 -15.68153 -5.51225 236.2441 0.0 0.0 0.0
1418 -19.697317098151416 -3.564398290212994 231.79704661696562 -15.55169 -5.508345 235.7056 0.0 0.0 0.0
1419 -19.450047025511587 -3.552166095491512 231.3009546753409 -15.43172 -5.507429 235.1643 0.0 0.0 0.0
1420 -19.24976440934749 -3.52069558922719 230.75864863047516 -15.32649 -5.502579 234.595 0.0 0.0 0.0
1421 -19.062091810414508 -3.4892123522461977 230.17531264617202 -15.23713 -5.494907 233.988 0.0 0.0 0.0
1422 -18.885080424908573 -3.4423049240839885 229.57680566671357 -15.16093 -5.481781 233.3669 0.0 0.0 0.0
1423 -18.713418511464443 -3.4041545045136794 228.95068910971457 -15.09436 -5.468998 232.7201 0.0 0.0 0.0
1424 -18.575835718123326 -3.3395981798588066 228.29384412637035 -15.03583 -5.450609 232.0487 0.0 0.0 0.0
1425 -18.43989361760463 -3.3020889839493552 227.61729762203768 -14.98543 -5.428723 231.3598 0.0 0.0 0.0
1426 -18.276874486300983 -3.271314358476055 226.92546993781497 -14.94039 -5.407624 230.6501 0.0 0.0 0.0
1427 -18.14017721878377 -3.2066174689977975 226.21139112397077 -14.90294 -5.38828 229.9214 0.0 0.0 0.0
1428 -17.99968780819683 -3.168663081188649 225.46958571333874 -14.87945 -5.367708 229.1661 0.0 0.0 0.0
1429 -17.88896962670283 -3.1173507556978377 224.70302252280885 -14.86457 -5.343652 228.3904 0.0 0.0 0.0
1430 -17.748708990617736 -3.0615266338427984 223.92261443961578 -14.85183 -5.322829 227.5959 0.0 0.0 0.0
1431 -17.634069656430988 -2.9946487746641393 223.12080163622284 -14.83457 -5.296103 226.7838 0.0 0.0 0.0
1432 -17.506753126840113 -2.932055751752558 222.30165636631543 -14.82178 -5.263447 225.9532 0.0 0.0 0.0
1433 -17.419678860360595 -2.8388577227808987 221.4580202404923 -14.81286 -5.232088 225.1006 0.0 0.0 0.0
1434 -17.289618804937927 -2.7811259139076747 220.59586915530096 -14.80591 -5.202901 224.2273 0.0 0.0 0.0
1435 -17.144104795647618 -2.7312296938455707 219.71830351760042 -14.79638 -5.167708 223.3371 0.0 0.0 0.0
1436 -16.98634198573094 -2.6828915809161185 218.8255106067378 -14.79054 -5.127437 222.4301 0.0 0.0 0.0
1437 -16.8017915812216 -2.611415342863521 217.91975986052876 -14.77615 -5.09385 221.5037 0.0 0.0 0.0
1438 -16.65894812511721 -2.533737789116257 216.9921112582806 -14.76205 -5.057931 220.5627 0.0 0.0 0.0
1439 -16.500749859332387 -2.443026946067467 216.04687723167342 -14.74402 -5.024081 219.6008 0.0 0.0 0.0
1440 -16.316685250724273 -2.367580625027265 215.09101444659422 -14.72619 -4.990431 218.6252 0.0 0.0 0.0
1441 -16.09628221804902 -2.3218019803893197 214.12174697169027 -14.70817 -4.958863 217.6308 0.0 0.0 0.0
1442 -15.953724908303432 -2.2519489857846615 213.12736270751276 -14.68116 -4.929982 216.6246 0.0 0.0 0.0
1443 -15.763129208430348 -2.1823385618241877 212.1245453160646 -14.64681 -4.902737 215.6024 0.0 0.0 0.0
1444 -15.586588897822212 -2.1139969031513544 211.10687191854987 -14.60524 -4.87412 214.5685 0.0 0.0 0.0
1445 -15.417404798221584 -2.036204538080908 210.07285353361706 -14.55998 -4.8425 213.5193 0.0 0.0 0.0
1446 -15.202038707570525 -1.968749921960228 209.03578066619374 -14.50969 -4.811522 212.4596 0.0 0.0 0.0
1447 -15.024429711069018 -1.9084045932453026 207.9774039404387 -14.45902 -4.783106 211.3863 0.0 0.0 0.0
1448 -14.799598244075492 -1.8449326342115544 206.91383396188775 -14.40526 -4.757659 210.299 0.0 0.0 0.0
1449 -14.57241239066681 -1.752517690500957 205.8423406699634 -14.35348 -4.732652 209.2013 0.0 0.0 0.0
1450 -14.373019001266325 -1.680632679513043 204.75644793490176 -14.30092 -4.705401 208.0965 0.0 0.0 0.0
1451 -14.197683996433492 -1.5967363422934284 203.66045965348385 -14.24429 -4.677533 206.9852 0.0 0.0 0.0
1452 -13.96763806378644 -1.52708238542249 202.56885987242822 -14.17974 -4.652377 205.8696 0.0 0.0 0.0
1453 -13.739383289004003 -1.456520441602367 201.4666835168053 -14.10941 -4.627366 204.7443 0.0 0.0 0.0
1454 -13.549713046715462 -1.3702741789023085 200.3533630565112 -14.0364 -4.606409 203.6142 0.0 0.0 0.0
1455 -13.249309331705868 -1.3001400643595884 199.2578835794991 -13.96238 -4.581422 202.4788 0.0 0.0 0.0
1456 -12.968221215239009 -1.2202593282362708 198.1503213368335 -13.88728 -4.560121 201.336 0.0 0.0 0.0
1457 -12.730361825756987 -1.1444723856331784 197.03042343099787 -13.8127 -4.535794 200.1913 0.0 0.0 0.0
1458 -12.485565146893602 -1.0693936942508653 195.91049648163073 -13.73912 -4.511093 199.0451 0.0 0.0 0.0
1459 -12.184493900819643 -1.0104651254132577 194.79611613840757 -13.6658 -4.484373 197.8919 0.0 0.0 0.0
1460 -11.932554210475969 -0.9253182464398728 193.66505534230217 -13.5915 -4.461457 196.7326 0.0 0.0 0.0
1461 -11.643925917999631 -0.8582552435181792 192.54014919740598 -13.51493 -4.432709 195.5722 0.0 0.0 0.0
1462 -11.337250956942986 -0.7845387913547222 191.41092190287654 -13.43473 -4.406072 194.4028 0.0 0.0 0.0
1463 -11.0881428721838 -0.6989636498541087 190.26447810254058 -13.35421 -4.38168 193.2295 0.0 0.0 0.0
1464 -10.827916347973103 -0.637333460351404 189.11774334676312 -13.27544 -4.356643 192.0549 0.0 0.0 0.0
1465 -10.513052452294176 -0.5581605388271755 187.98186980916302 -13.19833 -4.332718 190.8763 0.0 0.0 0.0
1466 -10.281317110111358 -0.48842682753519995 186.81797821773503 -13.12607 -4.30667 189.69 0.0 0.0 0.0
1467 -10.07213058735552 -0.39865565856890617 185.64700623950682 -13.052 -4.285346 188.4996 0.0 0.0 0.0
1468 -9.796740373195789 -0.32975069183701644 184.47852038267985 -12.98336 -4.253796 187.2995 0.0 0.0 0.0
1469 -9.600934561799184 -0.22826850826204975 183.29102995592723 -12.91699 -4.220079 186.094 0.0 0.0 0.0
1470 -9.419834848381269 -0.11803376497230973 182.09811626694017 -12.85457 -4.17898 184.8847 0.0 0.0 0.0
1471 -9.185893743478154 -0.02598231694503965 180.91051769230236 -12.79407 -4.140603 183.6729 0.0 0.0 0.0
1472 -8.956284420728107 0.06330980250553668 179.71062105634607 -12.7319 -4.10399 182.4501 0.0 0.0 0.0
1473 -8.706696096772506 0.14161790508968886 178.50689698815785 -12.67514 -4.065229 181.2202 0.0 0.0 0.0
1474 -8.446496624068763 0.19767639560852357 177.30137363037446 -12.62118 -4.027475 179.9874 0.0 0.0 0.0
1475 -8.205302902358165 0.2758022516967834 176.08358776941253 -12.56693 -3.991746 178.7452 0.0 0.0 0.0
1476 -7.967949017919321 0.3726163676898775 174.86526733695226 -12.50803 -3.960138 177.502 0.0 0.0 0.0
1477 -7.710176994042683 0.41764008839266153 173.6351718052619 -12.45081 -3.92774 176.2461 0.0 0.0 0.0
1478 -7.493601902950632 0.5113736002025062 172.3969446261521 -12.39605 -3.895038 174.9872 0.0 0.0 0.0
1479 -7.221009175353116 0.5516657518062804 171.15700685407805 -12.34119 -3.859344 173.7187 0.0 0.0 0.0
1480 -6.971649071759147 0.6575898825050215 169.91584642263203 -12.28401 -3.82379 172.4501 0.0 0.0 0.0
1481 -6.711491716337593 0.747323828425593 168.67302389102525 -12.22752 -3.78913 171.1789 0.0 0.0 0.0
1482 -6.485591020652525 0.8318706320070893 167.4134270390849 -12.17501 -3.753055 169.898 0.0 0.0 0.0
1483 -6.253257406188195 0.9128364125053839 166.15273702027807 -12.12392 -3.718784 168.615 0.0 0.0 0.0
1484 -6.058269667993717 1.001174062004616 164.88016640013169 -12.07148 -3.687339 167.326 0.0 0.0 0.0
1485 -5.858120457515817 1.1012062987638733 163.6001669817166 -12.01825 -3.654372 166.0281 0.0 0.0 0.0
1486 -5.646297963238995 1.1968947133413017 162.31938539645319 -11.9612 -3.624176 164.728 0.0 0.0 0.0
1487 -5.40172887691393 1.288691044613088 161.04797521103697 -11.90192 -3.591375 163.4318 0.0 0.0 0.0
1488 -5.197080484129565 1.4132322357009837 159.77061130481087 -11.84135 -3.554551 162.1341 0.0 0.0 0.0
1489 -4.955350011728303 1.517545486579507 158.49605519080578 -11.77885 -3.523863 160.8345 0.0 0.0 0.0
1490 -4.711732042756313 1.5951469034551118 157.21561632212956 -11.72026 -3.495831 159.5304 0.0 0.0 0.0
1491 -4.449968167029635 1.6776858760174176 155.93297397705717 -11.65518 -3.475071 158.2205 0.0 0.0 0.0
1492 -4.193153261630419 1.7562531196388864 154.65036373576194 -11.5911 -3.44908 156.9119 0.0 0.0 0.0
1493 -3.893277489982865 1.8187156246697365 153.37483249540443 -11.52805 -3.427408 155.6018 0.0 0.0 0.0
1494 -3.653606535646074 1.9160122770441008 152.08436794642992 -11.46658 -3.404632 154.2873 0.0 0.0 0.0
1495 -3.364232509138142 2.0518102308987354 150.8109813037344 -11.40471 -3.37976 152.9761 0.0 0.0 0.0
1496 -3.1015338972210804 2.1369541955148126 149.50461544781876 -11.34344 -3.361264 151.6424 0.0 0.0 0.0
1497 -2.8516436378259233 2.219741051908273 148.20695597123492 -11.28131 -3.336424 150.32 0.0 0.0 0.0
1498 -2.6075256599242613 2.2997347388586964 146.908576551624 -11.21753 -3.31279 148.9982 0.0 0.0 0.0
1499 -2.3258723458825754 2.3626368618406874 145.62915848726718 -11.14296 -3.265873 147.6896 0.0 0.0 0.0
1500 -2.0438014468953227 2.437948574334146 144.34743144139088 -11.05762 -3.207848 146.3791 0.0 0.0 0.0
1501 -1.7838624306815813 2.507838521091096 143.0579334165238 -10.97994 -3.16496 145.0648 0.0 0.0 0.0
1502 -1.5329101311649986 2.591009486143547 141.76570665669274 -10.89652 -3.120438 143.7492 0.0 0.0 0.0
1503 -1.3052456906323187 2.6612046085366043 140.4787971312897 -10.81524 -3.079246 142.4436 0.0 0.0 0.0
1504 -1.0631615361912676 2.7439732357769775 139.19496742829392 -10.73215 -3.035455 141.1379 0.0 0.0 0.0
1505 -0.8240914894927543 2.8282753525606203 137.905800453699 -10.65026 -2.995802 139.8272 0.0 0.0 0.0
1506 -0.6139347924283156 2.9287119821674006 136.61423668928737 -10.57055 -2.953729 138.5179 0.0 0.0 0.0
1507 -0.3547214733817049 3.0358145594531583 135.34005369866495 -10.49042 -2.907447 137.2165 0.0 0.0 0.0
1508 -0.0649741040096462 3.093378584926566 134.0817419890265 -10.41078 -2.860157 135.9273 0.0 0.0 0.0
1509 0.21176070114429185 3.184175971440454 132.8238436934817 -10.33398 -2.818003 134.6391 0.0 0.0 0.0
1510 0.4534759236866225 3.275343208355277 131.56262352299578 -10.26756 -2.782459 133.3539 0.0 0.0 0.0
1511 0.7002194649989345 3.3674209011618235 130.29460048498385 -10.19703 -2.76977 132.0608 0.0 0.0 0.0
1512 0.9398235260950322 3.437169764138669 129.0417753355138 -10.12324 -2.741915 130.7858 0.0 0.0 0.0
1513 1.1964753975224707 3.526184232066382 127.80101299843982 -10.05361 -2.722968 129.5177 0.0 0.0 0.0
1514 1.4366098976183577 3.6108435440942186 126.5790686408455 -9.983675 -2.704977 128.2716 0.0 0.0 0.0
1515 1.7032953430176896 3.688791845935265 125.36435489123772 -9.91435 -2.693324 127.0275 0.0 0.0 0.0
1516 1.956863588521555 3.7773098374572314 124.16010885574417 -9.842207 -2.676072 125.7959 0.0 0.0 0.0
1517 2.2200699323264357 3.8534285816335956 122.97972141021545 -9.768507 -2.668058 124.5864 0.0 0.0 0.0
1518 2.446347522164352 3.9479291788669135 121.81227524684618 -9.696148 -2.675813 123.3957 0.0 0.0 0.0
1519 2.7042333498973883 4.009512199235019 120.67181489785472 -9.626526 -2.673222 122.2269 0.0 0.0 0.0
1520 2.9590705022048285 4.082922591583102 119.52855913532733 -9.557928 -2.676765 121.0553 0.0 0.0 0.0
1521 3.2149454054070077 4.167868574189552 118.41803062468735 -9.493383 -2.664828 119.9144 0.0 0.0 0.0
1522 3.413272328416969 4.223111728770979 117.3118281262264 -9.430385 -2.656282 118.791 0.0 0.0 0.0
1523 3.64627382669627 4.286272907363849 116.23956884469824 -9.369618 -2.640186 117.6937 0.0 0.0 0.0
1524 3.886192453530602 4.325238710768644 115.17940460315313 -9.31028 -2.629674 116.6077 0.0 0.0 0.0
1525 4.08919763833027 4.37864017903496 114.12302629732639 -9.254439 -2.616277 115.5322 0.0 0.0 0.0
1526 4.294337015048414 4.440737627954996 113.08334644394013 -9.200535 -2.603835 114.4721 0.0 0.0 0.0
1527 4.496113045154218 4.499145340593224 112.07388702502867 -9.151332 -2.588856 113.4423 0.0 0.0 0.0
1528 4.662767161406976 4.539705358994981 111.0814808083592 -9.105417 -2.57026 112.4364 0.0 0.0 0.0
1529 4.8675127565934355 4.597917486425195 110.11650438151149 -9.061229 -2.551094 111.4494 0.0 0.0 0.0
1530 5.049363151461281 4.651302781545451 109.16670290562283 -9.017561 -2.534579 110.482 0.0 0.0 0.0
1531 5.217456661594874 4.706711463869595 108.23918731589993 -8.973774 -2.518585 109.5389 0.0 0.0 0.0
1532 5.389711686751466 4.755285635447833 107.34791823830902 -8.931383 -2.50091 108.631 0.0 0.0 0.0
1533 5.58187631547947 4.78076916536983 106.48213842931223 -8.88896 -2.499823 107.7448 0.0 0.0 0.0
1534 5.738882245022214 4.835129458265601 105.63669882060344 -8.850383 -2.490803 106.8841 0.0 0.0 0.0
1535 5.909633822523209 4.884266980556745 104.80652256037855 -8.810192 -2.484177 106.0361 0.0 0.0 0.0
1536 6.067107833578931 4.9390970496258 104.00969793532427 -8.774269 -2.471963 105.2229 0.0 0.0 0.0
1537 6.21773969930038 4.985005849244431 103.23111001297008 -8.743349 -2.45648 104.4293 0.0 0.0 0.0
1538 6.3628680609093395 5.02892116674776 102.48297411225468 -8.714586 -2.438815 103.6667 0.0 0.0 0.0
1539 6.5169589178625404 5.0825749127410145 101.75131526997278 -8.679794 -2.425206 102.918 0.0 0.0 0.0
1540 6.656372475344506 5.131836147299962 101.0335244392143 -8.637154 -2.411937 102.1865 0.0 0.0 0.0
1541 6.814222276398773 5.179644019887993 100.3533667976497 -8.579986 -2.39846 101.4891 0.0 0.0 0.0
1542 6.979966524144476 5.21782636335848 99.69443131591018 -8.504861 -2.388482 100.8128 0.0 0.0 0.0
1543 7.191485637860276 5.274260019455953 99.07661647595137 -8.410845 -2.378517 100.1642 0.0 0.0 0.0
1544 7.403657359400366 5.296871130059808 98.4681881395296 -8.297513 -2.373526 99.5295 0.0 0.0 0.0
1545 7.688834226213559 5.3718500924231956 97.91789587571199 -8.163715 -2.36755 98.91972 0.0 0.0 0.0
1546 7.928886881891043 5.403099050762709 97.3663058206803 -8.004362 -2.365664 98.33881 0.0 0.0 0.0
1547 8.191526851835638 5.491887973090522 96.85654601083222 -7.822238 -2.363865 97.78786 0.0 0.0 0.0
1548 8.495811563301702 5.532347165256053 96.36315670213847 -7.618518 -2.365779 97.24366 0.0 0.0 0.0
1549 8.777371960436936 5.582185929473044 95.87165966415415 -7.391983 -2.368503 96.72212 0.0 0.0 0.0
1550 9.07613069838566 5.639745865314528 95.399682789748 -7.139675 -2.371668 96.22046 0.0 0.0 0.0
1551 9.420435754557802 5.696982559201093 94.94962573855646 -6.858427 -2.377152 95.72524 0.0 0.0 0.0
1552 9.800563055352972 5.747852261596686 94.5591491508622 -6.558989 -2.382497 95.26713 0.0 0.0 0.0
1553 10.20415820348876 5.802056708759912 94.20320666601532 -6.241788 -2.3914 94.82915 0.0 0.0 0.0
1554 10.633592454481674 5.881914814125354 93.86125529128115 -5.899838 -2.396299 94.39238 0.0 0.0 0.0
1555 11.013670210625863 5.962447174346847 93.48655965865842 -5.538427 -2.402837 93.99153 0.0 0.0 0.0
1556 11.460679104919251 6.03247514218439 93.20859709153808 -5.158326 -2.408911 93.62076 0.0 0.0 0.0
1557 11.919705260834743 6.09316209062256 92.92747434360632 -4.759829 -2.41455 93.2539 0.0 0.0 0.0
1558 12.392445483722117 6.158552251157544 92.7187920706395 -4.350995 -2.417305 92.93117 0.0 0.0 0.0
1559 12.888614025383163 6.252175230983275 92.5526603287974 -3.910527 -2.412408 92.63366 0.0 0.0 0.0
1560 13.379329624300167 6.335933706002072 92.33964272904083 -3.450087 -2.40785 92.34876 0.0 0.0 0.0
1561 13.87777577322496 6.420086570097768 92.15999058675322 -2.971838 -2.408021 92.10569 0.0 0.0 0.0
1562 14.398336843873047 6.478093360394162 92.0035972248282 -2.475933 -2.410053 91.87573 0.0 0.0 0.0
1563 14.915119125000055 6.54920032910407 91.88589625066467 -1.973871 -2.417222 91.69173 0.0 0.0 0.0
1564 15.436937544470256 6.622355785708823 91.77746678223673 -1.461824 -2.425884 91.527 0.0 0.0 0.0
1565 15.95462493736569 6.71290789995122 91.70890978269182 -0.9535855 -2.435403 91.37699 0.0 0.0 0.0
1566 16.47731927850838 6.783581690877249 91.66154151159354 -0.4368032 -2.446763 91.26186 0.0 0.0 0.0
1567 16.999050383814758 6.865330768682692 91.656667078328 0.08493472 -2.456413 91.18058 0.0 0.0 0.0
1568 17.525429643218377 6.9446513281594635 91.68162053899832 0.6102987 -2.466161 91.09177 0.0 0.0 0.0
1569 18.053201278524238 7.006328535125765 91.70759501548763 1.138073 -2.48012 91.02634 0.0 0.0 0.0
1570 18.584763308926274 7.060439894267772 91.75345815808237 1.669864 -2.501031 90.96038 0.0 0.0 0.0
1571 19.119600137290174 7.124579388105494 91.80366364411606 2.20844 -2.524745 90.91501 0.0 0.0 0.0
1572 19.656663669271342 7.203438995240058 91.84180679306165 2.751248 -2.544208 90.88197 0.0 0.0 0.0
1573 20.19934796610337 7.276271332023666 91.88621399133578 3.299026 -2.55768 90.84272 0.0 0.0 0.0
1574 20.748060439377813 7.355157337653138 91.97292243211211 3.858709 -2.572712 90.8059 0.0 0.0 0.0
1575 21.315112782423252 7.415056484400124 92.04428924595197 4.431705 -2.590718 90.76614 0.0 0.0 0.0
1576 21.8942240033718 7.474440659014456 92.10739798868107 5.016199 -2.612554 90.73841 0.0 0.0 0.0
1577 22.480324492819157 7.544239204450643 92.18340612159824 5.610331 -2.632315 90.71049 0.0 0.0 0.0
1578 23.07393023075132 7.607964709380248 92.26291680927902 6.211745 -2.650403 90.68357 0.0 0.0 0.0
1579 23.674931769553226 7.690239659351581 92.33537430936663 6.821468 -2.665408 90.64843 0.0 0.0 0.0
1580 24.29164955261045 7.756886706419547 92.41698050186507 7.446192 -2.681728 90.6185 0.0 0.0 0.0
1581 24.91480347309493 7.847454306014761 92.50999930336978 8.08109 -2.703699 90.57853 0.0 0.0 0.0
1582 25.55667998566237 7.9307288100974205 92.58433154499507 8.731175 -2.727805 90.54284 0.0 0.0 0.0
1583 26.21386870728338 8.019412613624807 92.68108525181319 9.399524 -2.754209 90.50118 0.0 0.0 0.0
1584 26.878330893707087 8.087749371861829 92.79779306316988 10.07658 -2.773656 90.46928 0.0 0.0 0.0
1585 27.56261868917945 8.165537061512746 92.89889002252247 10.77161 -2.793484 90.4367 0.0 0.0 0.0
1586 28.262166133586156 8.256308428734195 92.97318308352268 11.47973 -2.81297 90.40048 0.0 0.0 0.0
1587 28.982021630437984 8.336789157763544 93.0390392548971 12.20589 -2.834519 90.36536 0.0 0.0 0.0
1588 29.711229655860706 8.440951383037127 93.15868341442919 12.95106 -2.856224 90.33131 0.0 0.0 0.0
1589 30.461370883768772 8.53949115265599 93.24475002828744 13.71186 -2.879219 90.30931 0.0 0.0 0.0
1590 31.22519453804236 8.644490481961377 93.35260246772926 14.48981 -2.901943 90.29031 0.0 0.0 0.0
1591 32.00481888471922 8.733150565966904 93.48238053427669 15.28482 -2.923415 90.28642 0.0 0.0 0.0
1592 32.778454623020984 8.81580137053422 93.67292096774854 16.08562 -2.939984 90.29611 0.0 0.0 0.0
1593 33.57927323282519 8.919297338598309 93.84466842241883 16.91051 -2.960754 90.32149 0.0 0.0 0.0
1594 34.389935842549775 9.009195994644898 94.0251973844153 17.74494 -2.980526 90.35587 0.0 0.0 0.0
1595 35.22450270241296 9.103932474079746 94.17596356836704 18.59667 -3.005455 90.40215 0.0 0.0 0.0
1596 36.0563843480844 9.178382072932806 94.37823844409456 19.45362 -3.03401 90.45965 0.0 0.0 0.0
1597 36.887313372915315 9.271991122812022 94.58930680239403 20.31322 -3.064211 90.52235 0.0 0.0 0.0
1598 37.72341569517586 9.3667405104764 94.80244790937184 21.17745 -3.096855 90.59661 0.0 0.0 0.0
1599 38.554288687782574 9.476585030631043 95.04372927038784 22.04573 -3.13109 90.67111 0.0 0.0 0.0
1600 39.401162498778994 9.544601837668935 95.24546383948731 22.9146 -3.169221 90.7494 0.0 0.0 0.0
1601 40.2378367557479 9.643706658276967 95.46010829424392 23.77962 -3.210301 90.82667 0.0 0.0 0.0
1602 41.07980601756391 9.718667416119581 95.65928688237437 24.64428 -3.253324 90.89534 0.0 0.0 0.0
1603 41.921933577268184 9.800286411042535 95.80193311390634 25.49897 -3.29482 90.95836 0.0 0.0 0.0
1604 42.76426282326838 9.866217443950982 95.9457806957711 26.35325 -3.334796 91.01462 0.0 0.0 0.0
1605 43.600092084485354 9.949111909558596 96.11499271512584 27.20785 -3.371323 91.06401 0.0 0.0 0.0
1606 44.438974826533766 10.026849566004625 96.25241233281048 28.06008 -3.405154 91.09881 0.0 0.0 0.0
1607 45.27794038022821 10.116054372341178 96.40017893805204 28.91571 -3.438232 91.12023 0.0 0.0 0.0
1608 46.11531451157092 10.176510850019607 96.5313822442822 29.76478 -3.470581 91.13015 0.0 0.0 0.0
1609 46.94396788743853 10.295311874378177 96.64537584303031 30.60909 -3.500672 91.12702 0.0 0.0 0.0
1610 47.76266937222703 10.426820492358898 96.7760726560974 31.44794 -3.527684 91.11123 0.0 0.0 0.0
1611 48.59192162259047 10.533037698730137 96.86324281915128 32.28769 -3.554151 91.08555 0.0 0.0 0.0
1612 49.420549961534086 10.623823441622383 96.95068302936969 33.12438 -3.582327 91.0447 0.0 0.0 0.0
1613 50.24227648283114 10.74649858869395 97.08648048351365 33.96442 -3.611519 90.99774 0.0 0.0 0.0
1614 51.07380806576367 10.851227058331656 97.16287764624929 34.80342 -3.63864 90.9378 0.0 0.0 0.0
1615 51.90627660625093 10.947365360776224 97.23615867546607 35.64157 -3.664619 90.87112 0.0 0.0 0.0
1616 52.74217671064242 11.035078499703834 97.30501590554206 36.48132 -3.695783 90.80032 0.0 0.0 0.0
1617 53.57733419355844 11.152502105679227 97.38685868783278 37.32512 -3.725465 90.72894 0.0 0.0 0.0
1618 54.421365684120474 11.247106144181421 97.46783496588813 38.17446 -3.753578 90.65326 0.0 0.0 0.0
1619 55.27144488096129 11.353221999122658 97.54744376583852 39.03116 -3.784327 90.5801 0.0 0.0 0.0
1620 56.126315328903985 11.461989023088488 97.65593818455604 39.89617 -3.816446 90.50847 0.0 0.0 0.0
1621 56.983783822287776 11.580818508967965 97.80996882621129 40.77155 -3.849569 90.4329 0.0 0.0 0.0
1622 57.86847666237416 11.654552566477893 97.84872496358327 41.65672 -3.883158 90.36243 0.0 0.0 0.0
1623 58.752172656062434 11.772055939137806 97.92699525813251 42.54796 -3.919092 90.28996 0.0 0.0 0.0
1624 59.63937361427967 11.876602221654771 98.03206400375308 43.44429 -3.955976 90.22418 0.0 0.0 0.0
1625 60.53019848516808 11.973711780381416 98.13203839473167 44.34296 -3.993405 90.16105 0.0 0.0 0.0
1626 61.423222259974985 12.078135581273145 98.23178710460266 45.24463 -4.029977 90.09781 0.0 0.0 0.0
1627 62.313751230261516 12.196553866762212 98.31372047186667 46.14374 -4.066554 90.03424 0.0 0.0 0.0
1628 63.209399548864795 12.28503402699615 98.37249479000026 47.04273 -4.102566 89.97108 0.0 0.0 0.0
1629 64.10424638572484 12.387683373933102 98.44340296929548 47.94302 -4.1378 89.90361 0.0 0.0 0.0
1630 64.99978162535267 12.463696434254704 98.49975816587255 48.83973 -4.172906 89.82867 0.0 0.0 0.0
1631 65.89131436924694 12.565959491448613 98.52856068080932 49.73213 -4.209393 89.73697 0.0 0.0 0.0
1632 66.78073402967824 12.64657902723448 98.53488157765494 50.61799 -4.24625 89.62973 0.0 0.0 0.0
1633 67.66171862487032 12.779596843999922 98.57738545637427 51.50038 -4.280657 89.50388 0.0 0.0 0.0
1634 68.5500847027395 12.86208535450178 98.58514904977594 52.37928 -4.315191 89.35421 0.0 0.0 0.0
1635 69.43383269877596 12.961497396652739 98.56069441600471 53.25215 -4.349397 89.18563 0.0 0.0 0.0
1636 70.3132519981601 13.053084725171074 98.53235457453435 54.11543 -4.38318 88.99543 0.0 0.0 0.0
1637 71.18085176106307 13.190252174399632 98.50849934945016 54.9685 -4.412621 88.78682 0.0 0.0 0.0
1638 72.04726105573639 13.30182512404764 98.43763901375728 55.81415 -4.435513 88.55772 0.0 0.0 0.0
1639 72.90759227540497 13.412683749913176 98.33402916131189 56.65441 -4.45828 88.31973 0.0 0.0 0.0
1640 73.76366958763631 13.509119022571268 98.20508606096874 57.48695 -4.481396 88.06451 0.0 0.0 0.0
1641 74.61806769385615 13.630831647335148 98.09051405583213 58.3133 -4.506276 87.79163 0.0 0.0 0.0
1642 75.47477706733706 13.743145086112158 97.98030931046692 59.13858 -4.526147 87.51373 0.0 0.0 0.0
1643 76.32925677452117 13.850718893876222 97.80760530408989 59.96701 -4.542452 87.22223 0.0 0.0 0.0
1644 77.19666936177147 13.961349979310786 97.6363563087752 60.80547 -4.550111 86.92074 0.0 0.0 0.0
1645 78.06645913459226 14.076540864502137 97.44553125236445 61.65008 -4.554028 86.61605 0.0 0.0 0.0
1646 78.93588973021704 14.216081345893166 97.289148886499 62.4892 -4.559425 86.30672 0.0 0.0 0.0
1647 79.79709635165017 14.33048568231673 97.09790377054514 63.32202 -4.563838 85.9941 0.0 0.0 0.0
1648 80.6536767024605 14.441011473219831 96.89690705248277 64.1523 -4.568649 85.68272 0.0 0.0 0.0
1649 81.5209361578732 14.549625645266321 96.72042741165153 64.98797 -4.579089 85.37187 0.0 0.0 0.0
1650 82.3984823698297 14.640756007158625 96.52620503172804 65.83372 -4.600068 85.05504 0.0 0.0 0.0
1651 83.2861576139929 14.72887886557807 96.33166885319106 66.68849 -4.622012 84.73494 0.0 0.0 0.0
1652 84.16817981946427 14.826027722030833 96.09324599673366 67.54801 -4.642618 84.41083 0.0 0.0 0.0
1653 85.05986234311455 14.935436246467724 95.89663429830708 68.40622 -4.658949 84.08078 0.0 0.0 0.0
1654 85.9520963928551 15.061938771835582 95.68465886057173 69.26862 -4.671587 83.74444 0.0 0.0 0.0
1655 86.85637783265405 15.200882688648122 95.50404641300537 70.13521 -4.683307 83.40015 0.0 0.0 0.0
1656 87.74968655022289 15.32319688790852 95.26220310836419 70.99861 -4.693642 83.04535 0.0 0.0 0.0
1657 88.65096434110951 15.45088220131963 95.03500482632272 71.85907 -4.703205 82.67153 0.0 0.0 0.0
1658 89.55314572922384 15.575066894834837 94.77906153194364 72.72096 -4.717954 82.28193 0.0 0.0 0.0
1659 90.46025276182054 15.699662889042871 94.53509394541442 73.57852 -4.736698 81.87928 0.0 0.0 0.0
1660 91.36355557275424 15.818259664999156 94.25222547807134 74.43372 -4.755133 81.45699 0.0 0.0 0.0
1661 92.27459195259516 15.913860893498887 93.95535438796712 75.29464 -4.777015 81.02618 0.0 0.0 0.0
1662 93.19514287349651 16.035017573863783 93.64209655828111 76.17016 -4.804992 80.58697 0.0 0.0 0.0
1663 94.12600387592825 16.152071997106216 93.32359690330462 77.05191 -4.831255 80.13589 0.0 0.0 0.0
1664 95.05646257803818 16.270997427368332 92.99348892690774 77.93475 -4.854281 79.6788 0.0 0.0 0.0
1665 95.99726719101979 16.39999638297394 92.68828406562739 78.81983 -4.873979 79.21929 0.0 0.0 0.0
1666 96.93018409974506 16.52674571897985 92.35180718252765 79.7072 -4.893911 78.75908 0.0 0.0 0.0
1667 97.87313846085688 16.655420675188413 92.04531718024228 80.59512 -4.918047 78.30009 0.0 0.0 0.0
1668 98.80782737959466 16.788460327191984 91.72571374855774 81.48042 -4.940816 77.84269 0.0 0.0 0.0
1669 99.72985295430159 16.905441867268514 91.3752710408398 82.36123 -4.964461 77.38417 0.0 0.0 0.0
1670 100.65845307663741 17.019163352796294 91.05610638276627 83.23781 -4.987705 76.92792 0.0 0.0 0.0
1671 101.58600286032662 17.134662505633507 90.74764055257276 84.10869 -5.01216 76.46987 0.0 0.0 0.0
1672 102.50606451719626 17.25501717669423 90.4184962759825 84.97689 -5.03366 76.00608 0.0 0.0 0.0
1673 103.41364734627587 17.378712756449268 90.06431851726111 85.84043 -5.054052 75.53882 0.0 0.0 0.0
1674 104.31454686602873 17.503009274338808 89.69293617590579 86.69522 -5.077013 75.05529 0.0 0.0 0.0
1675 105.20889258288985 17.613701121502583 89.3154686999299 87.53763 -5.096609 74.56077 0.0 0.0 0.0
1676 106.09848029170395 17.743940958060932 88.95326201788068 88.36918 -5.11217 74.06297 0.0 0.0 0.0
1677 106.98014449295081 17.83120580513727 88.57348013360308 89.18892 -5.126981 73.55603 0.0 0.0 0.0
1678 107.84825623196534 17.95674468342876 88.18081003748742 89.99811 -5.1424 73.03782 0.0 0.0 0.0
1679 108.70058591143747 18.0730162397299 87.76602014138194 90.79262 -5.157865 72.50815 0.0 0.0 0.0
1680 109.54494814177227 18.163665108752983 87.342505760265 91.57304 -5.173387 71.96849 0.0 0.0 0.0
1681 110.38044854032218 18.280420625116452 86.91276645685235 92.344 -5.186461 71.41911 0.0 0.0 0.0
1682 111.20329236317512 18.41033730055732 86.46350122304929 93.10435 -5.202598 70.85573 0.0 0.0 0.0
1683 112.02251243676862 18.526979646193173 86.0199624582609 93.85038 -5.217836 70.28594 0.0 0.0 0.0
1684 112.83243572481959 18.644616101457515 85.55913937802131 94.58632 -5.232682 69.70255 0.0 0.0 0.0
1685 113.63137529897583 18.778795463092436 85.09997084646972 95.30854 -5.243985 69.11483 0.0 0.0 0.0
1686 114.42780821674249 18.887352870416745 84.63837087409787 96.02056 -5.253594 68.52145 0.0 0.0 0.0
1687 115.21246775841044 18.99989564107416 84.16668011283775 96.72259 -5.262948 67.92319 0.0 0.0 0.0
1688 115.9861462716882 19.114140839103786 83.69680027176722 97.41618 -5.274783 67.33056 0.0 0.0 0.0
1689 116.75342684602465 19.230599616451354 83.22927101064165 98.10389 -5.288861 66.74088 0.0 0.0 0.0
1690 117.49474847627158 19.3195752267921 82.73879659976838 98.78369 -5.300088 66.16141 0.0 0.0 0.0
1691 118.23216155328919 19.431701321645665 82.27502236732302 99.45129 -5.311916 65.59079 0.0 0.0 0.0
1692 118.9639776148703 19.531775671023325 81.8329630649975 100.1077 -5.322308 65.03401 0.0 0.0 0.0
1693 119.67737387779151 19.625341479103216 81.39514758351085 100.7513 -5.332047 64.49082 0.0 0.0 0.0
1694 120.3577832074071 19.721644774693154 80.94951741728939 101.3805 -5.343843 63.96662 0.0 0.0 0.0
1695 121.03886892898203 19.826139198855238 80.54678326057832 101.9969 -5.356329 63.45978 0.0 0.0 0.0
1696 121.72249034647673 19.902420644087353 80.19102705155336 102.6011 -5.366131 62.97546 0.0 0.0 0.0
1697 122.37496411785212 19.977374186841434 79.82936886237917 103.1925 -5.375732 62.51471 0.0 0.0 0.0
1698 122.99673981883562 20.047374330403308 79.46379422213073 103.7649 -5.381607 62.07033 0.0 0.0 0.0
1699 123.60362971032173 20.12180977169161 79.12104144229052 104.3198 -5.387971 61.6421 0.0 0.0 0.0
1700 124.19361905232567 20.19376822538151 78.77022055599055 104.8666 -5.395081 61.22103 0.0 0.0 0.0
1701 124.80079431097205 20.266953783081057 78.4600128507979 105.4086 -5.405058 60.80105 0.0 0.0 0.0
1702 125.38622585592557 20.349462322302237 78.12308492023575 105.9435 -5.41745 60.38059 0.0 0.0 0.0
1703 125.96916703932482 20.426375947540183 77.78644832351783 106.472 -5.42823 59.95676 0.0 0.0 0.0
1704 126.55419775772596 20.5267079673956 77.4522040860211 107.0032 -5.431921 59.53031 0.0 0.0 0.0
1705 127.12880804396522 20.64876120120319 77.10617445678956 107.5343 -5.43395 59.10283 0.0 0.0 0.0
1706 127.71546593383292 20.755692289072304 76.77441985003317 108.0659 -5.438101 58.67499 0.0 0.0 0.0
1707 128.28703733084367 20.8371716915747 76.42270628104838 108.5895 -5.44414 58.24739 0.0 0.0 0.0
1708 128.8567334920441 20.921335146634636 76.08004889072117 109.1088 -5.44724 57.82387 0.0 0.0 0.0
1709 129.4242115663736 21.005674701247976 75.74465456243894 109.621 -5.443059 57.40047 0.0 0.0 0.0
1710 129.99322185721425 21.091801361816728 75.40176537042395 110.1347 -5.438721 56.97052 0.0 0.0 0.0
1711 130.5695261844943 21.177445857881835 75.04910791799732 110.6568 -5.438021 56.53321 0.0 0.0 0.0
1712 131.15556509413574 21.28369306392633 74.70384569417611 111.184 -5.441619 56.09051 0.0 0.0 0.0
1713 131.739958850032 21.367090479566624 74.32780195188678 111.7175 -5.449228 55.63752 0.0 0.0 0.0
1714 132.3335504422835 21.450335242681074 73.95810185380279 112.255 -5.453527 55.18251 0.0 0.0 0.0
1715 132.93020140964737 21.532310481460385 73.57546493824601 112.7974 -5.457903 54.71893 0.0 0.0 0.0
1716 133.54121112495184 21.628565748157737 73.18925621623478 113.3534 -5.460142 54.24711 0.0 0.0 0.0
1717 134.17109586921777 21.719203357092333 72.8177305428774 113.9193 -5.461816 53.77514 0.0 0.0 0.0
1718 134.81698959325465 21.808715927610617 72.45661627234111 114.495 -5.458762 53.30169 0.0 0.0 0.0
1719 135.45610314402003 21.908618820722552 72.07898852367204 115.0778 -5.455029 52.83118 0.0 0.0 0.0
1720 136.09221501283955 22.0051606174332 71.69022366600251 115.6689 -5.448047 52.3668 0.0 0.0 0.0
1721 136.75945925030925 22.11420257559768 71.3232542177754 116.2817 -5.43495 51.90196 0.0 0.0 0.0
1722 137.43282649813938 22.225761720948334 70.95496660113957 116.9042 -5.427523 51.43942 0.0 0.0 0.0
1723 138.12262856659237 22.320439240541145 70.58385135139807 117.5404 -5.429666 50.97277 0.0 0.0 0.0
1724 138.81813178770483 22.430335251898157 70.22516155107057 118.1849 -5.428109 50.51552 0.0 0.0 0.0
1725 139.52723894167877 22.542754405139394 69.87626224372318 118.8368 -5.424749 50.05485 0.0 0.0 0.0
1726 140.24672249871634 22.62726512985174 69.51032222761378 119.5011 -5.427672 49.58858 0.0 0.0 0.0
1727 140.96127301959496 22.727050047538377 69.09872030279521 120.1732 -5.435032 49.10054 0.0 0.0 0.0
1728 141.69279728335206 22.82796863693992 68.69111807489185 120.8536 -5.44247 48.60209 0.0 0.0 0.0
1729 142.44490994228417 22.936230314315 68.29927467883928 121.5468 -5.448708 48.10172 0.0 0.0 0.0
1730 143.19813450692178 23.041217363634164 67.90223036685674 122.2422 -5.453884 47.59932 0.0 0.0 0.0
1731 143.95680700564003 23.145796084159276 67.4978832127108 122.938 -5.457842 47.0837 0.0 0.0 0.0
1732 144.7212493070009 23.253551228523563 67.07982898817278 123.643 -5.464293 46.56055 0.0 0.0 0.0
1733 145.51012080195775 23.366561111833388 66.66887279054609 124.3646 -5.474036 46.02841 0.0 0.0 0.0
1734 146.30511878302676 23.470490762233 66.24188879621728 125.0927 -5.480393 45.4853 0.0 0.0 0.0
1735 147.10785029566898 23.58699583189341 65.80342717790784 125.8296 -5.486769 44.9311 0.0 0.0 0.0
1736 147.93417794900103 23.737137038976805 65.40614636612571 126.5762 -5.488875 44.37813 0.0 0.0 0.0
1737 148.7524452793736 23.851072208016408 64.96305084021193 127.33 -5.493653 43.82078 0.0 0.0 0.0
1738 149.57855782414362 23.97151564247834 64.5066625784385 128.0916 -5.497699 43.25051 0.0 0.0 0.0
1739 150.42233904358733 24.098046018513575 64.06658208944765 128.8568 -5.501943 42.67077 0.0 0.0 0.0
1740 151.29313271241966 24.24798123397852 63.65583700048129 129.6376 -5.504398 42.08783 0.0 0.0 0.0
1741 152.13129489448073 24.383792205201253 63.18424666289776 130.4148 -5.50481 41.50532 0.0 0.0 0.0
1742 152.97586206100527 24.513106433599855 62.71827625241733 131.1944 -5.500901 40.92278 0.0 0.0 0.0
1743 153.81366079329683 24.63936222445758 62.25638640082227 131.9671 -5.49677 40.34476 0.0 0.0 0.0
1744 154.6642672340118 24.78635571258244 61.82665473199613 132.7406 -5.491393 39.76902 0.0 0.0 0.0
1745 155.5083681100265 24.907503605314005 61.370760208204885 133.518 -5.486478 39.194 0.0 0.0 0.0
1746 156.3748218127146 25.04287923580839 60.94600075272178 134.2979 -5.490212 38.60985 0.0 0.0 0.0
1747 157.2127871616184 25.173509629934436 60.4630983184268 135.0764 -5.495403 38.02133 0.0 0.0 0.0
1748 158.0690456603586 25.316615584018226 60.026150974692 135.848 -5.497469 37.43039 0.0 0.0 0.0
1749 158.93341339043113 25.45078506079626 59.611722378470255 136.6219 -5.500053 36.84905 0.0 0.0 0.0
1750 159.76299181877252 25.564606671348916 59.127550327208766 137.3969 -5.505042 36.27032 0.0 0.0 0.0
1751 160.57468635694744 25.65901907787687 58.61878243335582 138.166 -5.511037 35.69148 0.0 0.0 0.0
1752 161.4142361905365 25.7628890491812 58.157354555474775 138.9499 -5.516939 35.13111 0.0 0.0 0.0
1753 162.2434015517523 25.88510858725384 57.68992143955645 139.7334 -5.518711 34.57697 0.0 0.0 0.0
1754 163.0739488953425 25.99780678233135 57.22606893780022 140.5139 -5.515813 34.02156 0.0 0.0 0.0
1755 163.911838423001 26.126970617926954 56.779868136601486 141.2935 -5.517039 33.46473 0.0 0.0 0.0
1756 164.74312463424263 26.241654906251515 56.33576297561932 142.0627 -5.515589 32.90818 0.0 0.0 0.0
1757 165.57245258828718 26.36100681187096 55.88358021406571 142.8327 -5.512398 32.34819 0.0 0.0 0.0
1758 166.40791433225718 26.502120798388567 55.45678029261222 143.6039 -5.509807 31.79564 0.0 0.0 0.0
1759 167.22456218408735 26.60299747481386 54.99324452220124 144.3637 -5.515093 31.23472 0.0 0.0 0.0
1760 168.04163833649324 26.711022584935314 54.54194797440054 145.1188 -5.521195 30.67549 0.0 0.0 0.0
1761 168.85446431348043 26.828050097181364 54.09525232898045 145.8718 -5.53085 30.12158 0.0 0.0 0.0
1762 169.6635970837296 26.940690895164558 53.62395430082886 146.6232 -5.542701 29.5517 0.0 0.0 0.0
1763 170.47428314987158 27.03639844633053 53.14663903319746 147.3785 -5.549202 28.98277 0.0 0.0 0.0
1764 171.28281333806703 27.155410342100065 52.676891435074864 148.1333 -5.558442 28.4182 0.0 0.0 0.0
1765 172.0933801912293 27.271325387619736 52.22805778314937 148.8767 -5.56361 27.85319 0.0 0.0 0.0
1766 172.8863649177801 27.373971163785765 51.763970447237895 149.6167 -5.566991 27.299 0.0 0.0 0.0
1767 173.68101401180138 27.480003956723507 51.32599393519421 150.3476 -5.568938 26.75099 0.0 0.0 0.0
1768 174.46801434947218 27.577800026736025 50.888592243358076 151.0728 -5.577653 26.20853 0.0 0.0 0.0
1769 175.24801682368502 27.672842732651844 50.445847263969235 151.7983 -5.586083 25.67277 0.0 0.0 0.0
1770 176.0146161061118 27.77457627447225 50.010083592036366 152.5061 -5.591898 25.13714 0.0 0.0 0.0
1771 176.7539877575426 27.881867499854966 49.56343381039384 153.2005 -5.599003 24.61232 0.0 0.0 0.0
1772 177.47111139564583 27.980203225529227 49.13341236763814 153.8709 -5.607533 24.10306 0.0 0.0 0.0
1773 178.1795623497839 28.0682495344959 48.72985094033476 154.5212 -5.616276 23.60351 0.0 0.0 0.0
1774 178.86304341867245 28.155149760634934 48.295232902640805 155.1614 -5.627315 23.09991 0.0 0.0 0.0
1775 179.54745895086376 28.245895573545965 47.876096339640874 155.7951 -5.641768 22.59936 0.0 0.0 0.0
1776 180.22284114666707 28.328979495280418 47.4757221510159 156.4098 -5.661844 22.1043 0.0 0.0 0.0
1777 180.87394562766522 28.418911020129958 47.093516212611846 157.0048 -5.675327 21.63112 0.0 0.0 0.0
1778 181.48674510656798 28.50124430575251 46.7168530766082 157.5671 -5.68306 21.17512 0.0 0.0 0.0
1779 182.0675957838904 28.589464219349832 46.34235619005913 158.1026 -5.694254 20.72955 0.0 0.0 0.0
1780 182.6210945656711 28.655555927432562 45.96935183918504 158.6182 -5.705713 20.30073 0.0 0.0 0.0
1781 183.1678990159638 28.73598212178385 45.61976727141031 159.1201 -5.720431 19.88174 0.0 0.0 0.0
1782 183.72406227069092 28.794510312431175 45.31513327529223 159.6057 -5.737221 19.47009 0.0 0.0 0.0
1783 184.23274528488338 28.858191215233052 44.965486526359285 160.0792 -5.755764 19.06944 0.0 0.0 0.0
1784 184.74736541266074 28.9409517710691 44.65042490358506 160.5555 -5.769695 18.69011 0.0 0.0 0.0
1785 185.27184963128917 29.00258169740042 44.36534779524572 161.0344 -5.781742 18.32864 0.0 0.0 0.0
1786 185.7765435732363 29.070134890613637 44.06639549353598 161.5121 -5.794799 17.98182 0.0 0.0 0.0
1787 186.31430703535767 29.122897152839336 43.8238611318962 162.0108 -5.806721 17.66252 0.0 0.0 0.0
1788 186.845402919468 29.18608718333489 43.56561917992861 162.5275 -5.819248 17.36993 0.0 0.0 0.0
1789 187.35541374703575 29.256800443915687 43.30872859102611 163.0425 -5.828843 17.11344 0.0 0.0 0.0
1790 187.90705495674905 29.346480893977535 43.14823650863027 163.5796 -5.84466 16.89122 0.0 0.0 0.0
1791 188.44851650552815 29.407795205472375 43.01865748654854 164.102 -5.863518 16.69004 0.0 0.0 0.0
1792 189.00001773730332 29.479701782456264 42.90489423003358 164.6402 -5.887082 16.51101 0.0 0.0 0.0
1793 189.55501464992062 29.548753604624093 42.8430508161517 165.1817 -5.910052 16.3598 0.0 0.0 0.0
1794 190.10879727691588 29.6113098004735 42.79434033448664 165.7257 -5.932357 16.23124 0.0 0.0 0.0
1795 190.6896879142115 29.68431358563778 42.75812123485735 166.302 -5.954339 16.12414 0.0 0.0 0.0
1796 191.27536955708538 29.746546522758546 42.7483829149888 166.8844 -5.978445 16.03917 0.0 0.0 0.0
1797 191.85712348461925 29.798646024118472 42.77084039795008 167.4654 -6.003373 15.98023 0.0 0.0 0.0
1798 192.4539157189972 29.876688193361403 42.80583896030658 168.0665 -6.028742 15.94135 0.0 0.0 0.0
1799 193.04858884389756 29.95639871145397 42.84669733662814 168.6674 -6.043175 15.92211 0.0 0.0 0.0
1800 193.649128535232 30.033564173526493 42.90311693356982 169.2753 -6.055693 15.91281 0.0 0.0 0.0
1801 194.26419075368193 30.108228026040123 42.97638744195665 169.8988 -6.074099 15.92521 0.0 0.0 0.0
1802 194.88026219739302 30.18505287348688 43.067702052832985 170.5258 -6.093598 15.9418 0.0 0.0 0.0
1803 195.5006560374408 30.26315498315947 43.15836313848419 171.1572 -6.110564 15.95774 0.0 0.0 0.0
1804 196.12559852998118 30.344936342738965 43.25136747307001 171.794 -6.127817 15.96664 0.0 0.0 0.0
1805 196.76102272497434 30.421633064614426 43.34261537765875 172.4402 -6.147256 15.97113 0.0 0.0 0.0
1806 197.41017094448307 30.50769191708843 43.41432802340905 173.0987 -6.165077 15.97268 0.0 0.0 0.0
1807 198.0735998171461 30.584105016075082 43.45902506765487 173.7678 -6.181189 15.96818 0.0 0.0 0.0
1808 198.74090507673625 30.68791407601901 43.49810598234271 174.444 -6.197603 15.95901 0.0 0.0 0.0
1809 199.40760426036306 30.77445359620457 43.577991474907975 175.1205 -6.220298 15.94518 0.0 0.0 0.0
1810 200.07719093759567 30.854296075903534 43.641898482693556 175.7972 -6.244754 15.92832 0.0 0.0 0.0
1811 200.75020497205958 30.930613259344106 43.708847185110486 176.477 -6.267177 15.90335 0.0 0.0 0.0
1812 201.43497713063437 31.00975613367533 43.75954964480837 177.1672 -6.287121 15.87215 0.0 0.0 0.0
1813 202.13269400918162 31.096876357670265 43.80708594536204 177.8705 -6.309818 15.83326 0.0 0.0 0.0
1814 202.83927166497753 31.201510545392612 43.86290022190161 178.5853 -6.342144 15.79677 0.0 0.0 0.0
1815 203.55584281901014 31.27125895077146 43.917171226235986 179.3053 -6.377428 15.75628 0.0 0.0 0.0
1816 204.27588830004044 31.353442015610693 43.96358887724842 180.0295 -6.404246 15.70949 0.0 0.0 0.0
1817 204.99353036300738 31.429937305205822 44.009695989013004 180.7506 -6.426161 15.65927 0.0 0.0 0.0
1818 205.71738039232886 31.514107238313027 44.022807288262655 181.477 -6.448627 15.60401 0.0 0.0 0.0
1819 206.44764008009844 31.618137478223936 44.04236670859495 182.2109 -6.474966 15.53203 0.0 0.0 0.0
1820 207.18888520625444 31.703124668833443 44.06327666952806 182.9538 -6.499988 15.46437 0.0 0.0 0.0
1821 207.93346463541369 31.803183395157255 44.1011228481373 183.7037 -6.527412 15.41202 0.0 0.0 0.0
1822 208.68559802927402 31.891192460928455 44.155661235454915 184.4609 -6.552659 15.36267 0.0 0.0 0.0
1823 209.43966808766254 31.98177349326441 44.2006425164932 185.219 -6.574898 15.30234 0.0 0.0 0.0
1824 210.19822263739223 32.0708117591965 44.23994425957387 185.9807 -6.598723 15.23813 0.0 0.0 0.0
1825 210.95363610564837 32.17215830496587 44.282138996293206 186.7415 -6.62411 15.18121 0.0 0.0 0.0
1826 211.715317054357 32.27265577428232 44.35360098293851 187.5112 -6.64292 15.13049 0.0 0.0 0.0
1827 212.4803780505073 32.35465902570023 44.41189609338811 188.2805 -6.660596 15.07299 0.0 0.0 0.0
1828 213.2408424744408 32.457654699314155 44.4678674882009 189.0477 -6.678413 15.01701 0.0 0.0 0.0
1829 213.9995876418079 32.56586624480066 44.52555638939065 189.8139 -6.696543 14.95921 0.0 0.0 0.0
1830 214.75898924890112 32.66433339693839 44.55664302901458 190.5775 -6.715856 14.8968 0.0 0.0 0.0
1831 215.5207346094482 32.76719481629377 44.57309808882081 191.3435 -6.731426 14.8327 0.0 0.0 0.0
1832 216.28448802639406 32.87576063422638 44.611392961181295 192.1137 -6.744713 14.77624 0.0 0.0 0.0
1833 217.05312929206272 32.99732210026419 44.70025367908275 192.8943 -6.763373 14.71461 0.0 0.0 0.0
1834 217.83082601994616 33.10127898397172 44.74758071437114 193.6769 -6.782223 14.64361 0.0 0.0 0.0
1835 218.61034382412936 33.2047732473809 44.78066213040482 194.461 -6.800695 14.57804 0.0 0.0 0.0
1836 219.3886938440253 33.28686102456819 44.85731044428312 195.2442 -6.821679 14.51022 0.0 0.0 0.0
1837 220.17378066851813 33.40441251110278 44.91198309303242 196.0363 -6.843719 14.43769 0.0 0.0 0.0
1838 220.9650155538174 33.494860167907405 44.97094571091864 196.8309 -6.870881 14.36297 0.0 0.0 0.0
1839 221.7658325441474 33.58551671467683 45.012783908807975 197.6335 -6.899957 14.28382 0.0 0.0 0.0
1840 222.5791996343368 33.67253391643576 45.04248921802828 198.4476 -6.926056 14.2027 0.0 0.0 0.0
1841 223.39295723122623 33.775992897492706 45.066856461601084 199.2633 -6.95111 14.11607 0.0 0.0 0.0
1842 224.22040157459892 33.8580708729045 45.06118789089469 200.09 -6.975899 14.03013 0.0 0.0 0.0
1843 225.05044431929534 33.954860290792006 45.096799082925074 200.9222 -7.003243 13.95074 0.0 0.0 0.0
1844 225.87627583642495 34.084356575848645 45.14740230014384 201.7552 -7.033032 13.8698 0.0 0.0 0.0
1845 226.7118659128171 34.181250650670705 45.171033981321514 202.5921 -7.057848 13.7853 0.0 0.0 0.0
1846 227.54450793823463 34.2745255638545 45.21349992832772 203.4268 -7.080672 13.70436 0.0 0.0 0.0
1847 228.37852965332297 34.37542655487306 45.24372538669615 204.2626 -7.105891 13.61782 0.0 0.0 0.0
1848 229.2172086205478 34.48321639690157 45.291163569788466 205.1049 -7.133726 13.53411 0.0 0.0 0.0
1849 230.06053176976798 34.58001940980333 45.32345486130095 205.9506 -7.160891 13.45887 0.0 0.0 0.0
1850 230.90241359784414 34.678193728210125 45.364425578715114 206.796 -7.183536 13.3891 0.0 0.0 0.0
1851 231.7450815941948 34.7748899870411 45.39828235432139 207.6407 -7.212206 13.31007 0.0 0.0 0.0
1852 232.57991295681268 34.860811680936564 45.41660575224944 208.4765 -7.243658 13.23858 0.0 0.0 0.0
1853 233.40572482069084 34.96198913606915 45.43786001052796 209.3057 -7.272696 13.17348 0.0 0.0 0.0
1854 234.24494999715083 35.058940583508424 45.48273096584556 210.1489 -7.30156 13.11109 0.0 0.0 0.0
1855 235.09311816479195 35.147740544647505 45.53757334098544 211.0003 -7.337463 13.04697 0.0 0.0 0.0
1856 235.94568682646621 35.23935364146578 45.556583001457184 211.8545 -7.375526 12.97973 0.0 0.0 0.0
1857 236.78523379482206 35.3335192281686 45.594503390503476 212.6973 -7.402686 12.91574 0.0 0.0 0.0
1858 237.61967307066203 35.42805747724868 45.63760107002912 213.5357 -7.424758 12.85506 0.0 0.0 0.0
1859 238.45119467619512 35.55367913280165 45.68644603234693 214.376 -7.447524 12.80054 0.0 0.0 0.0
1860 239.2967221954755 35.65028848679612 45.71286394627485 215.2247 -7.474428 12.73783 0.0 0.0 0.0
1861 240.15301031567233 35.742571370304276 45.749694101719975 216.0829 -7.501955 12.66143 0.0 0.0 0.0
1862 241.0122709067634 35.84100984302208 45.72248669017845 216.9447 -7.527571 12.58792 0.0 0.0 0.0
1863 241.8686959411938 35.96025842189622 45.78370087825061 217.808 -7.551199 12.51318 0.0 0.0 0.0
1864 242.725573096596 36.03130524453081 45.82950301269127 218.6649 -7.577625 12.43313 0.0 0.0 0.0
1865 243.58231871783659 36.12361935272804 45.85725722492783 219.5233 -7.604253 12.35733 0.0 0.0 0.0
1866 244.4414628982497 36.22562333251122 45.947227677158516 220.3895 -7.631751 12.2827 0.0 0.0 0.0
1867 245.31679899630583 36.3132962990634 45.98914785630679 221.2664 -7.667763 12.20917 0.0 0.0 0.0
1868 246.19772937332823 36.41493192587809 46.053071437254296 222.1519 -7.701483 12.13701 0.0 0.0 0.0
1869 247.08039380600667 36.51418646514334 46.08330631315304 223.0375 -7.731282 12.06855 0.0 0.0 0.0
1870 247.96071280761757 36.612932263202495 46.13673052655319 223.9226 -7.757379 12.00953 0.0 0.0 0.0
1871 248.8427951357833 36.72137699158744 46.167565060184224 224.8091 -7.78435 11.94495 0.0 0.0 0.0
1872 249.73001052155905 36.82580237338675 46.20528794796884 225.6999 -7.812128 11.87296 0.0 0.0 0.0
1873 250.61553235797427 36.933689193651134 46.269095872594455 226.5911 -7.846308 11.80622 0.0 0.0 0.0
1874 251.50602127351908 37.03535377868323 46.276671966772504 227.4843 -7.873427 11.73678 0.0 0.0 0.0
1875 252.3964405454041 37.16137508567841 46.32050608093029 228.3808 -7.899172 11.65757 0.0 0.0 0.0
1876 253.29170800395332 37.280430180423565 46.36551200168517 229.2805 -7.929607 11.57203 0.0 0.0 0.0
1877 254.18520334363888 37.36837901958137 46.401853186517236 230.1748 -7.962599 11.49123 0.0 0.0 0.0
1878 255.07334390777015 37.46991348568647 46.40620893975234 231.0638 -7.987456 11.40077 0.0 0.0 0.0
1879 255.9673893913487 37.57108002053766 46.430694749684136 231.9589 -8.014843 11.31023 0.0 0.0 0.0
1880 256.8693618065376 37.66682399216917 46.48070047314163 232.8634 -8.047081 11.23237 0.0 0.0 0.0
1881 257.77305243362196 37.761073936658306 46.50873644538388 233.7688 -8.077315 11.15712 0.0 0.0 0.0
1882 258.6765405867992 37.83745027004641 46.519309002668734 234.6716 -8.101966 11.076 0.0 0.0 0.0
1883 259.5656003831198 37.95154243590346 46.52926284898264 235.5637 -8.124246 10.99112 0.0 0.0 0.0
1884 260.45091669356634 38.05980060966554 46.577885225466005 236.4527 -8.151328 10.90857 0.0 0.0 0.0
1885 261.3396975287709 38.14730589117199 46.584536263172076 237.3404 -8.183767 10.816 0.0 0.0 0.0
1886 262.2213232678157 38.25882119446904 46.630303638935246 238.2244 -8.217037 10.71992 0.0 0.0 0.0
1887 263.112502047972 38.354650124935105 46.63825290209643 239.1154 -8.251307 10.62832 0.0 0.0 0.0
1888 264.003481343878 38.42665301561953 46.622863723140995 240.0045 -8.29203 10.54401 0.0 0.0 0.0
1889 264.8850768426654 38.50775000561761 46.628374765414875 240.8856 -8.332096 10.46736 0.0 0.0 0.0
1890 265.7565915159107 38.58143641403312 46.61893925048939 241.7562 -8.367849 10.39098 0.0 0.0 0.0
1891 266.6239967432989 38.67500323366883 46.60366116936444 242.6249 -8.408269 10.31952 0.0 0.0 0.0
1892 267.4972576094364 38.77398770179164 46.6407518109352 243.5008 -8.447662 10.24877 0.0 0.0 0.0
1893 268.3707185690955 38.8694442676465 46.67687312469368 244.3762 -8.492051 10.17767 0.0 0.0 0.0
1894 269.2339822652366 38.9513536062458 46.67154805192125 245.2395 -8.531326 10.10603 0.0 0.0 0.0
1895 270.0801940021077 39.068727987567115 46.67066748901175 246.0908 -8.565326 10.04291 0.0 0.0 0.0
1896 270.93060113578133 39.149071423337766 46.63317940596486 246.9424 -8.603928 9.977031 0.0 0.0 0.0
1897 271.7857906867238 39.21892553729002 46.7012209976773 247.7997 -8.641954 9.910329 0.0 0.0 0.0
1898 272.6377724082394 39.30705000719611 46.76408754528353 248.6556 -8.680654 9.850928 0.0 0.0 0.0
1899 273.48257435429457 39.39929154136688 46.78110934434368 249.5031 -8.716152 9.79641 0.0 0.0 0.0
1900 274.30796640650067 39.50658413263523 46.82236575343219 250.3337 -8.745963 9.735576 0.0 0.0 0.0
1901 275.1262454365054 39.59600512810849 46.83417928651927 251.1539 -8.776984 9.672126 0.0 0.0 0.0
1902 275.9294180236838 39.69287997240002 46.89438419108396 251.9624 -8.813807 9.616742 0.0 0.0 0.0
1903 276.7256991512512 39.7861413655104 46.94183844766932 252.7631 -8.849214 9.56537 0.0 0.0 0.0
1904 277.51025671630936 39.8678842529559 47.00208316872489 253.5514 -8.883502 9.508367 0.0 0.0 0.0
1905 278.28354536807586 39.95626483851501 47.06756045856915 254.3298 -8.91595 9.452561 0.0 0.0 0.0
1906 279.04388695738413 40.02937727079588 47.12285825670916 255.0932 -8.949611 9.401473 0.0 0.0 0.0
1907 279.78042579782544 40.10600768811453 47.180133563228736 255.8336 -8.976456 9.34923 0.0 0.0 0.0
1908 280.50109211608316 40.18748062408712 47.211842412245026 256.5572 -9.002864 9.297183 0.0 0.0 0.0
1909 281.21145217867826 40.263014733207584 47.27546684411025 257.2723 -9.027674 9.248384 0.0 0.0 0.0
1910 281.9156316484883 40.34189165494155 47.306291856306245 257.9792 -9.05498 9.197519 0.0 0.0 0.0
1911 282.61481233120566 40.4128256981444 47.365599003664286 258.6815 -9.085217 9.140396 0.0 0.0 0.0
1912 283.2961387797841 40.489491693001774 47.39296831525608 259.3643 -9.115183 9.079415 0.0 0.0 0.0
1913 283.86411802960686 40.54968615530815 47.4063360792941 259.9257 -9.134049 8.975124 0.0 0.0 0.0
1914 284.43268627984315 40.606384801509215 47.43535817336373 260.4879 -9.152938 8.870715 0.0 0.0 0.0
1915 285.0011968960325 40.65946721707158 47.45128689481301 261.0492 -9.171786 8.76649 0.0 0.0 0.0
1916 285.56858714110655 40.72128404580169 47.45898966500296 261.6101 -9.190618 8.662332 0.0 0.0 0.0
1917 286.1362180589724 40.78129153721067 47.45780731878787 262.171 -9.209445 8.558198 0.0 0.0 0.0
1918 286.7042325378389 40.83554937586358 47.44307822401678 262.7319 -9.228266 8.454091 0.0 0.0 0.0
1919 287.27102971067217 40.900404425743794 47.43296503034466 263.2926 -9.247078 8.350028 0.0 0.0 0.0
1920 287.8343752662722 40.95806669591223 47.36650174311273 263.8529 -9.265872 8.246051 0.0 0.0 0.0
1921 288.4016120819693 41.01699049036156 47.356692823774665 264.4134 -9.284669 8.142069 0.0 0.0 0.0
1922 288.9651024752697 41.07926235892357 47.30525369877356 264.9728 -9.303418 8.038313 0.0 0.0 0.0
1923 289.5316240058216 41.14290502357267 47.27726966122567 265.5337 -9.322224 7.934305 0.0 0.0 0.0
1924 290.094135147997 41.20021677332991 47.214145694959065 266.0928 -9.340956 7.83065 0.0 0.0 0.0
1925 290.6582567533838 41.262017752584946 47.16136017432201 266.6529 -9.359723 7.726849 0.0 0.0 0.0
1926 291.2223245112716 41.32784389572418 47.1239319988277 267.2122 -9.378456 7.62322 0.0 0.0 0.0
1927 291.78499115295 41.389647776202054 47.062964525784565 267.7717 -9.397193 7.51959 0.0 0.0 0.0
1928 292.3444999330937 41.463961533888664 47.001589827002 268.3296 -9.41585 7.415961 0.0 0.0 0.0
1929 292.7445907458824 41.509393701291636 46.96296627748795 268.7197 -9.429499 7.309828 0.0 0.0 0.0
1930 293.1204147213923 41.56411027485639 46.90593975462111 269.0908 -9.443289 7.211929 0.0 0.0 0.0
1931 293.4719414862711 41.638211793198664 46.88496015399949 269.4389 -9.454256 7.121329 0.0 0.0 0.0
1932 293.8004834113938 41.71590530209282 46.84844744211253 269.7686 -9.463785 7.040605 0.0 0.0 0.0
1933 294.1198733713228 41.72829065439412 46.85514375467615 270.0809 -9.473729 6.972944 0.0 0.0 0.0
1934 294.4222890694857 41.73311910687483 46.85898718013667 270.3777 -9.484841 6.915676 0.0 0.0 0.0
1935 294.7030040434714 41.74074636622866 46.87541653511327 270.6548 -9.49823 6.869143 0.0 0.0 0.0
1936 294.9739143782104 41.75208777560522 46.896452456817315 270.9235 -9.511336 6.829242 0.0 0.0 0.0
1937 295.23143472955826 41.75209653607252 46.871817637111526 271.1802 -9.529927 6.803106 0.0 0.0 0.0
1938 295.48503216998637 41.77440827795531 46.87636506973431 271.4334 -9.544996 6.780906 0.0 0.0 0.0
1939 295.7376149924503 41.806792117656684 46.90346669144501 271.689 -9.559927 6.77571 0.0 0.0 0.0
1940 295.9904832752443 41.854578294843684 46.931163182534526 271.9474 -9.573521 6.781844 0.0 0.0 0.0
1941 296.22238577738483 41.87897078135981 46.9953374283619 272.1883 -9.586484 6.79891 0.0 0.0 0.0
1942 296.47784499047214 41.887570177278334 47.05357439307173 272.4487 -9.599096 6.826436 0.0 0.0 0.0
1943 296.7287642965149 41.92131613469126 47.12372769889777 272.7085 -9.612324 6.863175 0.0 0.0 0.0
1944 296.94216103615605 41.93028178410158 47.227748904606756 272.9398 -9.62631 6.915555 0.0 0.0 0.0
1945 297.18770954298856 41.947033962381255 47.31368080119478 273.1906 -9.643554 6.984555 0.0 0.0 0.0
1946 297.43582630521195 41.97275875863939 47.412405285849104 273.4483 -9.662857 7.056585 0.0 0.0 0.0
1947 297.64582743184576 42.00106464567143 47.52696323844012 273.6741 -9.67712 7.139266 0.0 0.0 0.0
1948 297.87957934346883 42.01755609962178 47.68238331358864 273.937 -9.69374 7.237626 0.0 0.0 0.0
1949 298.0974068371524 42.036300335711196 47.807277393776474 274.1601 -9.711016 7.353067 0.0 0.0 0.0
1950 298.35292616682614 42.058723560287504 47.97476184249831 274.4355 -9.72674 7.486302 0.0 0.0 0.0
1951 298.5957805002086 42.09350778590097 48.165204180120014 274.7081 -9.734573 7.63491 0.0 0.0 0.0
1952 298.81004856039544 42.110234519899 48.35417335050381 274.9354 -9.744474 7.808509 0.0 0.0 0.0
1953 299.05825110643025 42.13033918728157 48.59292430993487 275.2061 -9.760267 8.021776 0.0 0.0 0.0
1954 299.2673939611149 42.13158831425878 48.87394153820769 275.4581 -9.77804 8.264455 0.0 0.0 0.0
1955 299.5342022757727 42.15518861640531 49.2617995013386 275.651 -9.79447 8.694219 0.0 0.0 0.0
1956 299.8181128094033 42.187197886815945 49.63428298712336 275.8414 -9.810775 9.123003 0.0 0.0 0.0
1957 300.06733598070883 42.21921895474189 50.02942992866191 276.03 -9.827008 9.551308 0.0 0.0 0.0
1958 300.2639017657295 42.22730333707271 50.45098033124568 276.2154 -9.843049 9.977662 0.0 0.0 0.0
1959 300.4470597820236 42.23596913615851 50.8779026926434 276.3997 -9.859061 10.40388 0.0 0.0 0.0
1960 300.5808599370145 42.2307508643472 51.32047452177365 276.5818 -9.874937 10.8286 0.0 0.0 0.0
1961 300.76870425920094 42.209287825684186 51.73911872667522 276.761 -9.890639 11.25127 0.0 0.0 0.0
1962 300.88345998033543 42.22206330915524 52.18207692390039 276.9388 -9.906249 11.6728 0.0 0.0 0.0
1963 300.96219340530547 42.243918439328844 52.63068127712667 277.115 -9.921765 12.09308 0.0 0.0 0.0
1964 301.03599128067185 42.248790096508834 53.078143568396804 277.2893 -9.937146 12.5115 0.0 0.0 0.0
1965 301.07764178169157 42.253683729378515 53.527208606824566 277.4617 -9.952392 12.92799 0.0 0.0 0.0
1966 301.1332468940957 42.25168355169785 53.972197122457004 277.6324 -9.967501 13.34241 0.0 0.0 0.0
1967 301.1838064440029 42.238495264780404 54.414986986814064 277.8014 -9.982477 13.75473 0.0 0.0 0.0
1968 301.23352945890076 42.232555195765926 54.85602317173606 277.9693 -9.997356 14.16535 0.0 0.0 0.0
1969 301.2675197894391 42.226738052353625 55.294825323312836 278.135 -10.01204 14.57286 0.0 0.0 0.0
1970 301.277285965644 42.22928909632145 55.73430518380361 278.2922 -10.02657 14.98313 0.0 0.0 0.0
1971 301.2640791701181 42.2178847824518 56.36159640100426 278.402 -10.04318 15.60076 0.0 0.0 0.0
1972 301.22692541144863 42.207090043616915 56.998552184658195 278.5111 -10.07051 16.2289 0.0 0.0 0.0
1973 301.2344253500521 42.18222798870161 57.65104489852273 278.5999 -10.10274 16.87504 0.0 0.0 0.0
1974 301.26013248377006 42.14451937275307 58.32019292800442 278.6755 -10.13097 17.54087 0.0 0.0 0.0
1975 301.1415774923212 42.14767658110035 58.99943048750623 278.7489 -10.14776 18.22626 0.0 0.0 0.0
1976 301.1114430598756 42.125669129769065 59.71921367275513 278.8166 -10.1709 18.94345 0.0 0.0 0.0
1977 301.05810967681595 42.09453025024394 60.466998960410145 278.8871 -10.20698 19.68959 0.0 0.0 0.0
1978 300.98133904503607 42.04826718491417 61.2218995903492 278.9518 -10.24079 20.44628 0.0 0.0 0.0
1979 300.9118068606589 41.99195073213599 61.98543225591249 279.0064 -10.26544 21.2127 0.0 0.0 0.0
1980 300.8383143019878 41.97216612337051 62.774547185169276 279.0503 -10.28186 22.00409 0.0 0.0 0.0
1981 300.7520158385188 41.94244337875791 63.591535772638856 279.0817 -10.29864 22.82539 0.0 0.0 0.0
1982 300.6293593951331 41.926303171948184 64.41802930595904 279.1188 -10.32374 23.65989 0.0 0.0 0.0
1983 300.5626775560075 41.88809606532672 65.26872887944805 279.1531 -10.34729 24.51304 0.0 0.0 0.0
1984 300.48225188462044 41.86610894767613 66.1295982916932 279.1989 -10.37467 25.37629 0.0 0.0 0.0
1985 300.4332895590936 41.83964855027599 67.01052170070693 279.2569 -10.40958 26.25637 0.0 0.0 0.0
1986 300.3873135226064 41.820118275065276 67.90242223042931 279.31 -10.44057 27.14755 0.0 0.0 0.0
1987 300.3173557121044 41.7868604941249 68.80847596876751 279.367 -10.47041 28.05463 0.0 0.0 0.0
1988 300.26993969146713 41.7639276574169 69.7366170858329 279.43 -10.49615 28.98177 0.0 0.0 0.0
1989 300.2074633819759 41.73286141430219 70.66490955752006 279.492 -10.52519 29.91016 0.0 0.0 0.0
1990 300.1506247830664 41.71104829485088 71.59741383252032 279.5555 -10.54802 30.84221 0.0 0.0 0.0
1991 300.0977332335449 41.68730253085368 72.53220028496887 279.6233 -10.57151 31.77604 0.0 0.0 0.0
1992 300.04930452016157 41.654719228428625 73.47914515470684 279.682 -10.60332 32.72243 0.0 0.0 0.0
1993 300.0097612964091 41.62247802194408 74.43135617657101 279.7476 -10.63896 33.67308 0.0 0.0 0.0
1994 299.9755242526494 41.59405260868197 75.40088761727597 279.815 -10.67413 34.64065 0.0 0.0 0.0
1995 299.96053255886005 41.562061861781814 76.38217721195738 279.8916 -10.7157 35.6187 0.0 0.0 0.0
1996 299.91829639656873 41.53394204059132 77.37381455758887 279.9697 -10.75207 36.60789 0.0 0.0 0.0
1997 299.8719416281757 41.51068571207849 78.36358727530303 280.0476 -10.78236 37.59549 0.0 0.0 0.0
1998 299.8339164376521 41.479485443908985 79.35784457150544 280.1173 -10.81541 38.58797 0.0 0.0 0.0
1999 299.8094603050514 41.467158922776164 80.3442510176294 280.1964 -10.85174 39.57091 0.0 0.0 0.0
2000 299.76080934700764 41.42032759236315 81.33577560314058 280.2713 -10.88964 40.56118 0.0 0.0 0.0
2001 299.7393921508365 41.372203736097134 82.33967896759664 280.3408 -10.93233 41.56315 0.0 0.0 0.0
2002 299.68389291919027 41.34250043629414 83.35175287466441 280.4126 -10.97462 42.57375 0.0 0.0 0.0
2003 299.5729433550364 41.2803595289236 84.36492538803277 280.4856 -11.01262 43.59155 0.0 0.0 0.0
2004 299.4885299899533 41.24977073280403 85.37511497387656 280.5539 -11.0483 44.60279 0.0 0.0 0.0
2005 299.4355046038809 41.22218983758911 86.39311900370697 280.6232 -11.0805 45.61968 0.0 0.0 0.0
2006 299.3784693663381 41.19394027155674 87.41235819432778 280.6912 -11.10898 46.63824 0.0 0.0 0.0
2007 299.30266352222577 41.168340322367676 88.44283846779247 280.7575 -11.14183 47.66917 0.0 0.0 0.0
2008 299.24062394959094 41.14737887641447 89.46077181615608 280.8247 -11.16933 48.68662 0.0 0.0 0.0
2009 299.20037226092035 41.12237603028397 90.4746646667791 280.8942 -11.19345 49.69895 0.0 0.0 0.0
2010 299.1428454389984 41.098125080877395 91.49464375686496 280.9667 -11.21703 50.71799 0.0 0.0 0.0
2011 299.09028299177436 41.073414807506666 92.50681801895212 281.0372 -11.2477 51.72891 0.0 0.0 0.0
2012 299.03552299201925 41.04597609519482 93.52462082553767 281.1096 -11.28176 52.74541 0.0 0.0 0.0
2013 298.96901434088056 40.99184421042869 94.54267332122505 281.1898 -11.31856 53.76325 0.0 0.0 0.0
2014 298.89573840561695 40.97614928390588 95.57364216478562 281.2698 -11.35809 54.79308 0.0 0.0 0.0
2015 298.8367907077209 40.93553606352474 96.60243639870365 281.3237 -11.39973 55.82211 0.0 0.0 0.0
2016 298.79344166098724 40.90895316671416 97.62210322578217 281.3875 -11.43904 56.84029 0.0 0.0 0.0
2017 298.6916932856597 40.87912119522298 98.64055515572048 281.457 -11.47506 57.86125 0.0 0.0 0.0
2018 298.6562241573463 40.84429636655059 99.67638207487472 281.5355 -11.51657 58.89446 0.0 0.0 0.0
2019 298.6161687986929 40.81262992892854 100.69981384547373 281.6092 -11.55132 59.91592 0.0 0.0 0.0
2020 298.57801780714755 40.79059293801207 101.7332135337722 281.6941 -11.57887 60.9464 0.0 0.0 0.0
2021 298.5174263308556 40.771423821263554 102.76365496003756 281.7904 -11.60922 61.97385 0.0 0.0 0.0
2022 298.4766829358366 40.75144630985549 103.78833660977088 281.8928 -11.64024 62.99394 0.0 0.0 0.0
2023 298.4677110831512 40.7354930005479 104.80995446018338 282.0 -11.66955 64.00966 0.0 0.0 0.0
2024 298.4389725117842 40.71219365632834 105.83410521767696 282.0889 -11.70038 65.03015 0.0 0.0 0.0
2025 298.39710839942273 40.68766631982857 106.86783039022542 282.1681 -11.7337 66.06144 0.0 0.0 0.0
2026 298.3641530159114 40.663725334027056 107.90387278564 282.2464 -11.76324 67.0949 0.0 0.0 0.0
2027 298.30142063687924 40.64443927432383 108.93322142853124 282.3171 -11.7941 68.12345 0.0 0.0 0.0
2028 298.21820757801083 40.618725397657975 109.94683302666955 282.3862 -11.82862 69.13786 0.0 0.0 0.0
2029 298.1742122199286 40.59345511600552 110.96618420606376 282.4545 -11.86542 70.15552 0.0 0.0 0.0
2030 298.1454534937303 40.55200264140632 111.98835054816126 282.5238 -11.90562 71.17579 0.0 0.0 0.0
2031 298.11994728239597 40.5323922546709 113.02026242992025 282.5814 -11.94809 72.20572 0.0 0.0 0.0
2032 298.07134325212144 40.49640141719484 114.04252894138327 282.6307 -11.9836 73.22797 0.0 0.0 0.0
2033 297.9972502302592 40.464638884192325 115.05816392074766 282.6806 -12.01441 74.24511 0.0 0.0 0.0
2034 297.9193100890816 40.433795252611155 116.07234141003838 282.7411 -12.04708 75.26042 0.0 0.0 0.0
2035 297.84741802751284 40.38889876091819 117.08132028762552 282.8004 -12.08175 76.27062 0.0 0.0 0.0
2036 297.7814791109082 40.35191653354691 118.0933674809103 282.8649 -12.12188 77.28264 0.0 0.0 0.0
2037 297.75439312303354 40.31523328367928 119.11407419571134 282.9456 -12.15944 78.30048 0.0 0.0 0.0
2038 297.67319258529585 40.29466928988581 120.1301826889985 283.018 -12.19137 79.31696 0.0 0.0 0.0
2039 297.6364028915289 40.26445573532937 121.14160884451039 283.0985 -12.23081 80.32553 0.0 0.0 0.0
2040 297.6220689358246 40.23623362876066 122.14276986857925 283.1854 -12.26467 81.32284 0.0 0.0 0.0
2041 297.553310550576 40.20873465883293 123.14503318902496 283.2718 -12.29917 82.32352 0.0 0.0 0.0
2042 297.5184033018917 40.17820963012561 124.16376633676859 283.3571 -12.33753 83.33901 0.0 0.0 0.0
2043 297.5047664667387 40.14372214541752 125.19219480089502 283.4417 -12.37684 84.36387 0.0 0.0 0.0
2044 297.45702988610213 40.11276341894996 126.2056878391664 283.5256 -12.40882 85.37498 0.0 0.0 0.0
2045 297.38638256248976 40.08847324077961 127.19723337312377 283.6047 -12.43749 86.36577 0.0 0.0 0.0
2046 297.3522604663873 40.0678464432719 128.18769395324904 283.6838 -12.4711 87.3533 0.0 0.0 0.0
2047 297.3361869905497 40.03321040225988 129.18126999268307 283.7655 -12.51326 88.34335 0.0 0.0 0.0
2048 297.31852047252113 39.99080083251058 130.18719739440465 283.8524 -12.56371 89.3453 0.0 0.0 0.0
2049 297.30266634473145 39.955126531584106 131.1980431117549 283.9401 -12.60724 90.35215 0.0 0.0 0.0
2050 297.30483100054147 39.91600883056512 132.20824363552836 284.0338 -12.64165 91.35817 0.0 0.0 0.0
2051 297.29238957201693 39.89287013022583 133.21606141806785 284.1298 -12.6703 92.36134 0.0 0.0 0.0
2052 297.26809538703037 39.867451618451796 134.21492647133329 284.2313 -12.69838 93.35526 0.0 0.0 0.0
2053 297.2632838651406 39.854179721947766 135.20980964830446 284.3305 -12.72971 94.34479 0.0 0.0 0.0
2054 297.26052681867026 39.832631725568994 136.21142761991177 284.4303 -12.76707 95.34096 0.0 0.0 0.0
2055 297.27054842772026 39.81402877707442 137.22234239814944 284.5419 -12.80761 96.3451 0.0 0.0 0.0
2056 297.27464602858515 39.79045512638755 138.22791342058414 284.6672 -12.84708 97.34234 0.0 0.0 0.0
2057 297.2794668331501 39.77080815734599 139.22945082600182 284.793 -12.88414 98.33546 0.0 0.0 0.0
2058 297.3094732212411 39.75559802652737 140.2251247480738 284.938 -12.91595 99.32058 0.0 0.0 0.0
2059 297.39604729462087 39.75338650921047 141.21778838244828 285.0835 -12.94839 100.3058 0.0 0.0 0.0
2060 297.448949797857 39.73682538272624 142.20844651815446 285.2372 -12.98065 101.2855 0.0 0.0 0.0
2061 297.47633261554427 39.71798346232456 143.1951992512295 285.395 -13.01542 102.2595 0.0 0.0 0.0
2062 297.5001359184153 39.69876824952387 144.1802307484261 285.5419 -13.05481 103.2332 0.0 0.0 0.0
2063 297.49187248370004 39.68580237601569 145.16220639205014 285.6886 -13.09108 104.2036 0.0 0.0 0.0
2064 297.5422986575086 39.67529540565601 146.133703698824 285.8441 -13.12913 105.1632 0.0 0.0 0.0
2065 297.6009735502807 39.64803169191366 147.11056795166115 285.9984 -13.16767 106.1292 0.0 0.0 0.0
2066 297.65639790548846 39.633368494183124 148.0890817949368 286.1578 -13.20807 107.0955 0.0 0.0 0.0
2067 297.7018878569061 39.613359432322284 149.06089686034966 286.3219 -13.25071 108.0537 0.0 0.0 0.0
2068 297.74845039361173 39.61106986421253 150.02724827182135 286.4851 -13.28753 109.0066 0.0 0.0 0.0
2069 297.78625887954865 39.5980955196401 150.99036472733127 286.6417 -13.32242 109.9571 0.0 0.0 0.0
2070 297.81057182683264 39.57984686228837 151.95770145753391 286.7938 -13.35867 110.9122 0.0 0.0 0.0
2071 297.8288361810398 39.54963424127875 152.91655189936364 286.9362 -13.397 111.8603 0.0 0.0 0.0
2072 297.8416313516622 39.5320875782162 153.86989880800922 287.077 -13.4318 112.8028 0.0 0.0 0.0
2073 297.8834404627618 39.528623964139136 154.81394485440026 287.2169 -13.47199 113.7365 0.0 0.0 0.0
2074 297.9024601145201 39.50377548861425 155.75290702542262 287.3536 -13.51254 114.6651 0.0 0.0 0.0
2075 297.8967820202668 39.47663279402026 156.69161629083752 287.491 -13.56 115.5929 0.0 0.0 0.0
2076 297.94276268395873 39.45900387781772 157.62763246953313 287.6309 -13.60737 116.5185 0.0 0.0 0.0
2077 297.9946619589637 39.43787010669756 158.5557053803931 287.7744 -13.6507 117.4361 0.0 0.0 0.0
2078 297.9880848019562 39.442980420152196 159.4699229091039 287.9206 -13.68599 118.3379 0.0 0.0 0.0
2079 297.97687323731094 39.429769042678686 160.3626618142287 288.0587 -13.72267 119.2193 0.0 0.0 0.0
2080 298.0196044342666 39.42749336911571 161.2375549038211 288.19 -13.76306 120.0844 0.0 0.0 0.0
2081 298.1018449954218 39.42419688482222 162.09525345563992 288.3171 -13.79791 120.9359 0.0 0.0 0.0
2082 298.0738921550905 39.41853999709335 162.950835784372 288.4488 -13.83618 121.7809 0.0 0.0 0.0
2083 298.09695821339653 39.40013133024057 163.80896997203664 288.5773 -13.87237 122.6291 0.0 0.0 0.0
2084 298.2284561762018 39.42170274702642 164.64377309365028 288.7102 -13.90798 123.4632 0.0 0.0 0.0
2085 298.32441626536115 39.39158255682386 165.46687585213834 288.8464 -13.93832 124.2806 0.0 0.0 0.0
2086 298.33761042142805 39.393078937813435 166.281089062968 288.9881 -13.96658 125.082 0.0 0.0 0.0
2087 298.33291637971155 39.3883626144938 167.07853048819413 289.1349 -13.9957 125.8653 0.0 0.0 0.0
2088 298.39555437315227 39.3893202666399 167.85606763893358 289.2853 -14.02651 126.6301 0.0 0.0 0.0
2089 298.464075363642 39.36963307312128 168.6205570187641 289.438 -14.05307 127.3821 0.0 0.0 0.0
2090 298.51013005410556 39.378122355391184 169.37136699104258 289.5906 -14.0782 128.1183 0.0 0.0 0.0
2091 298.64318137684904 39.395769772267876 170.0927357689875 289.7435 -14.10606 128.8354 0.0 0.0 0.0
2092 298.7244205208228 39.39731529957724 170.7969115078707 289.9024 -14.13734 129.5255 0.0 0.0 0.0
2093 298.718276566971 39.39640488776104 171.47330416445516 290.0588 -14.16961 130.1828 0.0 0.0 0.0
2094 298.7488884798943 39.39385684482107 172.1297999465165 290.213 -14.19655 130.8211 0.0 0.0 0.0
2095 298.8805277034473 39.38864359716854 172.75381664058105 290.3682 -14.21879 131.4393 0.0 0.0 0.0
2096 298.93979028098096 39.37354801479588 173.37088739397717 290.5237 -14.24517 132.039 0.0 0.0 0.0
2097 299.0564472238432 39.380881740951224 173.9685885469313 290.6836 -14.27296 132.626 0.0 0.0 0.0
2098 299.2243059756908 39.42494190703775 174.52932824598298 290.8457 -14.30013 133.1895 0.0 0.0 0.0
2099 299.4430969493683 39.464706239247896 175.05124599057604 291.0103 -14.32375 133.7319 0.0 0.0 0.0
2100 299.6116256333319 39.507475074639785 175.57615633244473 291.1662 -14.34499 134.262 0.0 0.0 0.0
2101 299.8040808395419 39.538039203598736 176.08651980412313 291.3078 -14.36365 134.7893 0.0 0.0 0.0
2102 299.87807014285335 39.541656683453255 176.61847321076226 291.4387 -14.38105 135.3099 0.0 0.0 0.0
2103 299.90780119501585 39.57342486138292 177.158595290489 291.5808 -14.39899 135.8325 0.0 0.0 0.0
2104 300.01422936775094 39.582240748257924 177.6959411606572 291.7267 -14.41589 136.3603 0.0 0.0 0.0
2105 300.07206694573364 39.55549495184058 178.2394070541106 291.8558 -14.43191 136.8918 0.0 0.0 0.0
2106 300.05183192258716 39.53685145261522 178.78405038205548 291.9617 -14.45144 137.4264 0.0 0.0 0.0
2107 299.98577139362305 39.52945686488376 179.32106157987658 292.0425 -14.47554 137.9609 0.0 0.0 0.0
2108 299.96142735295933 39.5356271945076 179.85618913020124 292.1239 -14.49602 138.49 0.0 0.0 0.0
2109 299.95073178191086 39.52944784679153 180.39105527543921 292.194 -14.51375 139.0201 0.0 0.0 0.0
2110 299.8752106145357 39.53735318335591 180.90410595181734 292.2216 -14.53151 139.5377 0.0 0.0 0.0
2111 299.79599374916774 39.53065953371044 181.42942578477215 292.2395 -14.54607 140.0685 0.0 0.0 0.0
2112 299.67459552546836 39.51278975696019 181.9513691475631 292.2379 -14.56311 140.6044 0.0 0.0 0.0
2113 299.67530559399063 39.50031672173945 182.48171859424428 292.1809 -14.57853 141.1316 0.0 0.0 0.0
2114 299.52953955511873 39.49603604991876 183.01021526344888 292.1276 -14.59807 141.6769 0.0 0.0 0.0
2115 299.3459794038147 39.44770014577296 183.58397173942421 291.7623 -14.60962 142.1582 0.0 0.0 0.0
2116 299.1548388465452 39.39289860858731 184.15126273044098 291.396 -14.62098 142.6347 0.0 0.0 0.0
2117 298.89088490275407 39.35159037053404 184.68777267548023 291.0295 -14.63229 143.1088 0.0 0.0 0.0
2118 298.607301711651 39.33198525278551 185.21146323552676 290.6625 -14.64343 143.5781 0.0 0.0 0.0
2119 298.2657647060922 39.27464382961006 185.69296604613345 290.2955 -14.65447 144.0439 0.0 0.0 0.0
2120 297.90602713739963 39.19380273738806 186.1534737572301 289.9287 -14.66542 144.5058 0.0 0.0 0.0
2121 297.53933835494433 39.08427180758519 186.5988208514588 289.5624 -14.67631 144.9646 0.0 0.0 0.0
2122 297.1803181710141 39.04175128732415 187.05716944913033 289.1967 -14.6871 145.4195 0.0 0.0 0.0
2123 296.7681484303933 38.995423683146555 187.46305768055336 288.8319 -14.69782 145.8707 0.0 0.0 0.0
2124 296.329451048592 38.93336639602606 187.83227864801853 288.4681 -14.70847 146.3181 0.0 0.0 0.0
2125 295.875684844394 38.867465962004694 188.17612514679897 288.1056 -14.71907 146.7619 0.0 0.0 0.0
2126 295.4196635604508 38.79233937444435 188.5105464661437 287.7451 -14.72969 147.2039 0.0 0.0 0.0
2127 294.94584632244624 38.72920095521511 188.81397460835692 287.386 -14.74024 147.6415 0.0 0.0 0.0
2128 294.4619844241148 38.661911724420996 189.09352915627593 287.0291 -14.75079 148.0766 0.0 0.0 0.0
2129 293.96353693258214 38.5870062387405 189.3353046664083 286.6742 -14.76132 148.5084 0.0 0.0 0.0
2130 293.46546172402566 38.52287790411381 189.54166871419622 286.3994 -14.78195 148.9762 0.0 0.0 0.0
2131 292.85354464556156 38.43995724059014 189.76084258751317 285.8334 -14.78774 149.3063 0.0 0.0 0.0
2132 292.1998886130115 38.33373975853717 189.9492734799307 285.2184 -14.7978 149.6157 0.0 0.0 0.0
2133 291.5317589191024 38.235434502046544 190.18225040810847 284.5719 -14.80978 149.9194 0.0 0.0 0.0
2134 290.8720123990732 38.14407113419501 190.44221693830832 283.9252 -14.81823 150.2242 0.0 0.0 0.0
2135 290.191166130096 38.06276721363756 190.68324564805434 283.2644 -14.82401 150.5268 0.0 0.0 0.0
2136 289.50004722629336 37.97045602200539 190.91223756299038 282.5986 -14.81969 150.8355 0.0 0.0 0.0
2137 288.80460623505246 37.89404590935905 191.15975118865012 281.9257 -14.83474 151.1481 0.0 0.0 0.0
2138 288.09036401345077 37.81710070851798 191.392519136291 281.2436 -14.83739 151.4721 0.0 0.0 0.0
2139 287.39141937938336 37.71930045172735 191.69150468507232 280.5534 -14.84138 151.8054 0.0 0.0 0.0
2140 286.6715984345433 37.62224711352529 191.96834514781824 279.8546 -14.83845 152.1458 0.0 0.0 0.0
2141 285.9122529097237 37.52272466853852 192.16598272137213 279.1422 -14.85001 152.4892 0.0 0.0 0.0
2142 285.15814966024294 37.41824741667396 192.43501715609264 278.4185 -14.8643 152.847 0.0 0.0 0.0
2143 284.38884139703276 37.30543394574087 192.6877829459705 277.6855 -14.88056 153.2088 0.0 0.0 0.0
2144 283.6197086930129 37.196996245010254 192.9852742580576 276.943 -14.89145 153.5835 0.0 0.0 0.0
2145 282.8237256921514 37.08735024628556 193.26398151971952 276.187 -14.90243 153.9729 0.0 0.0 0.0
2146 282.01734190002924 36.97990682169974 193.5537317844577 275.4205 -14.91059 154.3706 0.0 0.0 0.0
2147 281.19793583866067 36.86669849580744 193.85757050226877 274.6402 -14.91202 154.7801 0.0 0.0 0.0
2148 280.3689143025334 36.75404207234901 194.1802040412736 273.8488 -14.91226 155.2017 0.0 0.0 0.0
2149 279.5309215966903 36.63074842739484 194.50757802018398 273.0503 -14.91816 155.6341 0.0 0.0 0.0
2150 278.67642126135786 36.503611291345855 194.8278759314385 272.2412 -14.93058 156.0747 0.0 0.0 0.0
2151 277.8410050329 36.36934644633014 195.21189840359617 271.4235 -14.93703 156.516 0.0 0.0 0.0
2152 276.9631893794715 36.274387246159336 195.5550146285094 270.5906 -14.9386 156.9672 0.0 0.0 0.0
2153 276.071023170245 36.15993474047414 195.8710202163662 269.7527 -14.93865 157.422 0.0 0.0 0.0
2154 275.1769076592463 36.0317099509107 196.19612461318815 268.9095 -14.9374 157.8809 0.0 0.0 0.0
2155 274.29464905334004 35.91388946212188 196.54709803899968 268.0716 -14.93337 158.3428 0.0 0.0 0.0
2156 273.40731715703134 35.80226513502877 196.88393784513042 267.2366 -14.92951 158.8076 0.0 0.0 0.0
2157 272.51211297381406 35.68865410858874 197.22923075256043 266.3931 -14.92764 159.2788 0.0 0.0 0.0
2158 271.6218201101899 35.54260326551293 197.58184222517124 265.5431 -14.93282 159.7433 0.0 0.0 0.0
2159 270.71869040565804 35.4047923848646 197.94626395115236 264.6843 -14.9519 160.2224 0.0 0.0 0.0
2160 269.81740854345065 35.28593623832965 198.32126658339214 263.8317 -14.96713 160.7122 0.0 0.0 0.0
2161 268.9174433368214 35.146971588428066 198.7127602044571 262.9761 -14.97995 161.2125 0.0 0.0 0.0
2162 268.0475957628463 35.00820564262336 199.08158576042425 262.1606 -14.97143 161.7093 0.0 0.0 0.0
2163 267.1791701580639 34.88042641743708 199.4920501176699 261.3431 -14.95873 162.2294 0.0 0.0 0.0
2164 266.3026647601919 34.73264987764012 199.87469684532712 260.5331 -14.95181 162.7589 0.0 0.0 0.0
2165 265.4320846872979 34.60321835084112 200.27969093040778 259.7251 -14.94049 163.2934 0.0 0.0 0.0
2166 264.5656130707347 34.481236295190904 200.6899809355134 258.9277 -14.92164 163.8391 0.0 0.0 0.0
2167 263.70339234251594 34.34299166972662 201.10638232391184 258.1366 -14.90177 164.3956 0.0 0.0 0.0
2168 262.8563597264132 34.20982838050754 201.54728709329225 257.3499 -14.88677 164.9528 0.0 0.0 0.0
2169 262.04369327478 34.06078924614991 202.04321398076647 256.5679 -14.87254 165.5157 0.0 0.0 0.0
2170 261.2100060011362 33.93569913369797 202.50773631223294 255.7909 -14.85131 166.0834 0.0 0.0 0.0
2171 260.37536876734475 33.81627162505189 202.97777618357094 255.011 -14.82236 166.6515 0.0 0.0 0.0
2172 259.51714807928244 33.68482782995533 203.41980916074843 254.2206 -14.78342 167.2198 0.0 0.0 0.0
2173 258.65565888187234 33.557345011783944 203.86765451286982 253.4213 -14.76026 167.7851 0.0 0.0 0.0
2174 257.7916430683085 33.42862561169802 204.31636250294034 252.6195 -14.72574 168.3511 0.0 0.0 0.0
2175 256.93692465525334 33.33306906059871 204.79701272911984 251.8124 -14.69464 168.9153 0.0 0.0 0.0
2176 256.054425226196 33.21292017396323 205.2339661060992 250.9912 -14.65667 169.4706 0.0 0.0 0.0
2177 255.18113307294493 33.092174848535045 205.68993588739764 250.1643 -14.61797 170.0182 0.0 0.0 0.0
2178 254.29514118365267 32.94219366399753 206.0995047256813 249.3429 -14.5761 170.5648 0.0 0.0 0.0
2179 253.39563118689148 32.80664355722229 206.4825907263128 248.5162 -14.54374 171.1031 0.0 0.0 0.0
2180 252.49397544578332 32.66351312746623 206.86557758379553 247.6823 -14.51402 171.6359 0.0 0.0 0.0
2181 251.57950479104747 32.5298149085706 207.26581739989464 246.8297 -14.48307 172.1711 0.0 0.0 0.0
2182 250.6773429714686 32.4077189636584 207.6865825410721 245.9791 -14.45692 172.7018 0.0 0.0 0.0
2183 249.76647963297512 32.27925402469122 208.0799356654332 245.1263 -14.42624 173.224 0.0 0.0 0.0
2184 248.85009033443265 32.15845958249075 208.44874986682765 244.2688 -14.40057 173.7284 0.0 0.0 0.0
2185 247.94083796612236 32.029954412161736 208.83475079949594 243.4072 -14.37066 174.2274 0.0 0.0 0.0
2186 247.00932214286246 31.91915900319225 209.15461928069985 242.5488 -14.34179 174.722 0.0 0.0 0.0
2187 246.093959859707 31.79479742678417 209.5124926423652 241.6878 -14.312 175.2111 0.0 0.0 0.0
2188 245.1742033290562 31.67433389528211 209.86710332015593 240.8196 -14.28753 175.6926 0.0 0.0 0.0
2189 244.29221280475628 31.576850343314533 210.3221944040511 239.9455 -14.26868 176.1723 0.0 0.0 0.0
2190 243.3776164544089 31.454120037521115 210.70422027866047 239.0666 -14.25265 176.6464 0.0 0.0 0.0
2191 242.4325740926841 31.324226815474624 210.98544328449742 238.1863 -14.23471 177.1088 0.0 0.0 0.0
2192 241.51189925783333 31.178592238439805 211.32365262580004 237.3097 -14.21372 177.5718 0.0 0.0 0.0
2193 240.59625884269238 31.06293733288207 211.6724970716221 236.4351 -14.18734 178.0277 0.0 0.0 0.0
2194 239.67936992575295 30.94415586269387 212.01098872356275 235.5599 -14.16623 178.4782 0.0 0.0 0.0
2195 238.76852986096424 30.802805219571585 212.33969333573697 234.6932 -14.14473 178.9321 0.0 0.0 0.0
2196 237.85547439941274 30.669663856422645 212.66851148479478 233.8286 -14.11729 179.3917 0.0 0.0 0.0
2197 236.94727684319332 30.518545478531323 213.0006619734901 232.9645 -14.10097 179.8511 0.0 0.0 0.0
2198 236.03687083588318 30.374440904653405 213.31211124470622 232.1043 -14.0914 180.3056 0.0 0.0 0.0
2199 235.14447414131345 30.22680102668197 213.64300136552208 231.2512 -14.08309 180.7526 0.0 0.0 0.0
2200 234.25077017410652 30.08590115835194 213.96857825122368 230.4022 -14.06977 181.2038 0.0 0.0 0.0
2201 233.3536910945542 29.941265673402544 214.292154650893 229.5516 -14.06684 181.6586 0.0 0.0 0.0
2202 232.48635313537426 29.792121455967315 214.67195921191248 228.7077 -14.06108 182.1131 0.0 0.0 0.0
2203 231.60613408227178 29.656600899649558 215.01521201943285 227.8697 -14.04863 182.5698 0.0 0.0 0.0
2204 230.73661008424227 29.52509314363086 215.35712083265304 227.0432 -14.03677 183.0248 0.0 0.0 0.0
2205 229.86045235816994 29.391722705050825 215.69217732454166 226.2149 -14.01951 183.4845 0.0 0.0 0.0
2206 228.98982210109585 29.279955929725002 216.0185687709681 225.3932 -14.00774 183.9336 0.0 0.0 0.0
2207 228.1404795014608 29.186961966315753 216.37668746821046 224.5795 -13.99773 184.3764 0.0 0.0 0.0
2208 227.296143118863 29.062342341142553 216.7182013568641 223.7699 -13.98644 184.8117 0.0 0.0 0.0
2209 226.44139256133383 28.936078440597687 217.02284372411253 222.9616 -13.96843 185.2426 0.0 0.0 0.0
2210 225.59991349964884 28.829073856634594 217.35116331743063 222.1602 -13.95469 185.6726 0.0 0.0 0.0
2211 224.76632191174514 28.697257445120258 217.6758655107273 221.3673 -13.9405 186.1071 0.0 0.0 0.0
2212 223.94598575964295 28.588615555424866 218.0031764330283 220.5869 -13.92145 186.5343 0.0 0.0 0.0
2213 223.1383339660182 28.46198882785262 218.3132599137542 219.8147 -13.91172 186.9443 0.0 0.0 0.0
2214 222.3425081144378 28.341919877916666 218.60117526801227 219.0592 -13.90122 187.344 0.0 0.0 0.0
2215 221.5637756006483 28.2223327230105 218.89861051936717 218.3174 -13.8901 187.7425 0.0 0.0 0.0
2216 220.78078532613645 28.103901374002184 219.1703191016606 217.5792 -13.87919 188.1373 0.0 0.0 0.0
2217 220.00320159230847 27.99023186160238 219.4364365179205 216.8437 -13.87317 188.5212 0.0 0.0 0.0
2218 219.24641798226247 27.865367567055674 219.7239149086094 216.115 -13.87181 188.8953 0.0 0.0 0.0
2219 218.5082720362072 27.750632648692513 219.9898099052347 215.4108 -13.86559 189.2597 0.0 0.0 0.0
2220 217.79334439885807 27.638556825534614 220.24225214757507 214.7303 -13.85704 189.6122 0.0 0.0 0.0
2221 217.09591643375384 27.54886219223778 220.49853509345385 214.0622 -13.84865 189.9494 0.0 0.0 0.0
2222 216.3979932937107 27.39964063523768 220.31867123266258 213.4036 -13.84168 190.2779 0.0 0.0 0.0
2223 215.72325623486532 27.309673003010186 220.54875172503876 212.7616 -13.84026 190.6006 0.0 0.0 0.0
2224 215.06722554092653 27.2083821143079 220.7682372436409 212.138 -13.83654 190.9167 0.0 0.0 0.0
2225 214.40904535552355 27.13403790396111 220.9347713987888 211.5271 -13.82577 191.2219 0.0 0.0 0.0
2226 213.8095443847987 27.064268614862808 221.20985989818243 210.9341 -13.81376 191.5188 0.0 0.0 0.0
2227 213.2096055802845 26.965187654833457 221.4195427534608 210.3623 -13.8046 191.8132 0.0 0.0 0.0
2228 212.62605417281904 26.849563681792656 221.57009729940134 209.8176 -13.80196 192.0958 0.0 0.0 0.0
2229 212.08412851806315 26.759753316152274 221.78330667851245 209.2935 -13.79138 192.3649 0.0 0.0 0.0
2230 211.60276030511204 26.65438138948995 222.0652382183084 208.7857 -13.77793 192.6184 0.0 0.0 0.0
2231 211.06013800372625 26.613817899065854 221.9977336393275 208.2977 -13.7658 192.8681 0.0 0.0 0.0
2232 210.54663954742358 26.576059432285387 221.8860674494527 207.8314 -13.76168 193.1133 0.0 0.0 0.0
2233 210.0969582635492 26.52321100474243 222.11043925592423 207.3857 -13.76465 193.3514 0.0 0.0 0.0
2234 209.65850481020024 26.452155748606245 222.27945662846858 206.9682 -13.75997 193.5784 0.0 0.0 0.0
2235 209.2178779703247 26.386982483244143 222.33764981589943 206.5767 -13.74741 193.7983 0.0 0.0 0.0
2236 208.85790010996547 26.311026793660123 222.5431636358021 206.2106 -13.73804 194.0068 0.0 0.0 0.0
2237 208.46249450089772 26.260979988120873 222.55824836891438 205.8653 -13.7288 194.2062 0.0 0.0 0.0
2238 208.10019466071444 26.21213595828196 222.64885416427126 205.5399 -13.71886 194.3956 0.0 0.0 0.0
2239 207.79100509553808 26.158660455924498 222.80327552138758 205.2423 -13.71347 194.5792 0.0 0.0 0.0
2240 207.5122048049979 26.11778167333785 222.948363129504 204.9738 -13.714 194.7476 0.0 0.0 0.0
2241 207.27674816087304 26.081715529503878 223.11135398846974 204.7297 -13.71641 194.9016 0.0 0.0 0.0
2242 207.05470777012385 26.04615921982019 223.23406833692837 204.5148 -13.71967 195.041 0.0 0.0 0.0
2243 206.82668421514128 26.010823775115423 223.31016646253352 204.3163 -13.72167 195.1811 0.0 0.0 0.0
2244 206.73912064513837 25.979411974631613 223.53083445046724 204.1223 -13.72114 195.3215 0.0 0.0 0.0
2245 206.54163170397365 25.942441961233563 223.65760723432476 203.9306 -13.72379 195.4618 0.0 0.0 0.0
2246 206.34735987320934 25.894911684541402 223.7882459524333 203.7374 -13.7246 195.6023 0.0 0.0 0.0
2247 206.14421761469865 25.873306815858648 223.91157016480204 203.5463 -13.72293 195.7452 0.0 0.0 0.0
2248 205.9985166262088 25.845687248139093 224.10587376186618 203.3726 -13.71801 195.9171 0.0 0.0 0.0
2249 205.81508374561201 25.81518361122573 224.27148914928839 203.2102 -13.713 196.1058 0.0 0.0 0.0
2250 205.59815611193645 25.77298241779498 224.37319332777156 203.0429 -13.71067 196.2824 0.0 0.0 0.0
2251 205.40781494745966 25.73018280221152 224.5215994142759 202.8747 -13.70872 196.4607 0.0 0.0 0.0
2252 205.21559538697136 25.68109721594253 224.6552368244061 202.6968 -13.70926 196.6206 0.0 0.0 0.0
2253 204.995874405411 25.65008501723931 224.7630160143907 202.5157 -13.70786 196.7881 0.0 0.0 0.0
2254 204.79915552472113 25.61492085880613 224.90841199109508 202.3296 -13.70617 196.9507 0.0 0.0 0.0
2255 204.5573259536754 25.584173631945323 224.9988720016422 202.1442 -13.7043 197.133 0.0 0.0 0.0
2256 204.37286876228504 25.542879770052668 225.20098133124966 201.9454 -13.70466 197.3255 0.0 0.0 0.0
2257 204.11172428981087 25.486354898990108 225.34332425361512 201.7259 -13.70537 197.534 0.0 0.0 0.0
2258 203.83944053196976 25.43216734489922 225.53657043106134 201.4737 -13.70834 197.7594 0.0 0.0 0.0
2259 203.52017617947155 25.385012516982737 225.71335384043016 201.1953 -13.71162 198.0 0.0 0.0 0.0
2260 203.192353884472 25.327418565617858 225.92940219906174 200.8951 -13.71056 198.2595 0.0 0.0 0.0
2261 202.84842453744224 25.27377177397658 226.16388925392462 200.5732 -13.70783 198.5288 0.0 0.0 0.0
2262 202.4770269841535 25.22147685863861 226.402981806801 200.2274 -13.70269 198.8085 0.0 0.0 0.0
2263 202.09988078860053 25.173805211434082 226.6806745393899 199.8632 -13.70194 199.1068 0.0 0.0 0.0
2264 201.69690936433912 25.098106539944666 226.96477877459853 199.482 -13.70715 199.4285 0.0 0.0 0.0
2265 201.27016644883167 25.01297246590098 227.2559304496768 199.0768 -13.71403 199.76 0.0 0.0 0.0
2266 200.8148308745011 24.925161193433947 227.54389532735595 198.6508 -13.71219 200.1013 0.0 0.0 0.0
2267 200.33362904604695 24.847325512612986 227.8373415859511 198.1987 -13.70683 200.4467 0.0 0.0 0.0
2268 199.84370870021525 24.765040763051157 228.13955685215993 197.7307 -13.69801 200.7917 0.0 0.0 0.0
2269 199.334740705092 24.691117665930115 228.43794406393724 197.2529 -13.69486 201.1456 0.0 0.0 0.0
2270 198.83228090681513 24.601524462919 228.77457334072372 196.7611 -13.68933 201.5088 0.0 0.0 0.0
2271 198.29768498641894 24.52389134720716 229.08821760313037 196.253 -13.67872 201.872 0.0 0.0 0.0
2272 197.75178838636523 24.446347258166856 229.40169195025413 195.7323 -13.66522 202.2339 0.0 0.0 0.0
2273 197.1752205070894 24.35676140011432 229.706056785648 195.1849 -13.653 202.599 0.0 0.0 0.0
2274 196.5793762026772 24.266937154109335 230.00176277447665 194.6237 -13.64311 202.9671 0.0 0.0 0.0
2275 195.90586767519125 24.153814927162724 230.3590679908874 193.9554 -13.63086 203.3509 0.0 0.0 0.0
2276 195.22575229347737 24.04515244496282 230.70256985422782 193.2881 -13.61862 203.7342 0.0 0.0 0.0
2277 194.54491491148892 23.930058666185644 231.04493627923745 192.6198 -13.60636 204.1179 0.0 0.0 0.0
2278 193.85978907935342 23.818798616004393 231.37985086980387 191.9516 -13.5941 204.5017 0.0 0.0 0.0
2279 193.1454058157142 23.72010850995717 231.65109558072112 191.2835 -13.58184 204.8853 0.0 0.0 0.0
2280 192.45116925942907 23.61924883743145 231.9700472510026 190.6153 -13.56958 205.269 0.0 0.0 0.0
2281 191.7545598080654 23.512325291972285 232.2815536478827 189.9472 -13.55732 205.6527 0.0 0.0 0.0
2282 191.05842496263932 23.406599819941075 232.59461739402295 189.279 -13.54506 206.0363 0.0 0.0 0.0
2283 190.35180893057284 23.308542521554397 232.88357000598498 188.6116 -13.53281 206.4195 0.0 0.0 0.0
2284 189.66172761571926 23.215844097617833 233.2134967534451 187.9435 -13.52055 206.8031 0.0 0.0 0.0
2285 188.96161901948113 23.119600748573912 233.52070340073365 187.2753 -13.50828 207.1867 0.0 0.0 0.0
2286 188.2606424577808 23.0130543069278 233.81984329813827 186.608 -13.49603 207.5698 0.0 0.0 0.0
2287 187.56549355659675 22.90616571524328 234.13448588433778 185.9399 -13.48376 207.9534 0.0 0.0 0.0
2288 186.86177405192905 22.806969356096044 234.42968776218095 185.2726 -13.4715 208.3365 0.0 0.0 0.0
2289 186.15428946972918 22.685282508234582 234.70953593513727 184.6045 -13.45923 208.7201 0.0 0.0 0.0
2290 185.4422965659213 22.594014844078682 234.95791854726366 183.9471 -13.44679 209.1004 0.0 0.0 0.0
2291 184.670365107917 22.458229346926107 235.28088539232104 183.2041 -13.43628 209.5084 0.0 0.0 0.0
2292 183.88697856181543 22.340720526609637 235.61377373791885 182.452 -13.42599 209.9238 0.0 0.0 0.0
2293 183.09273978022037 22.212564106867475 235.93787572493721 181.6952 -13.41608 210.3474 0.0 0.0 0.0
2294 182.29443623188885 22.09937539796357 236.28140746509806 180.9299 -13.40242 210.7743 0.0 0.0 0.0
2295 181.5043372024348 21.9998776447821 236.65306147189418 180.1626 -13.38372 211.2023 0.0 0.0 0.0
2296 180.70281035239591 21.888278949479513 236.99822749495183 179.3913 -13.36666 211.6252 0.0 0.0 0.0
2297 179.89801560576072 21.768901125164543 237.33474855781438 178.6193 -13.34759 212.0481 0.0 0.0 0.0
2298 179.0973847608527 21.662555337714785 237.67133372337216 177.855 -13.32749 212.4736 0.0 0.0 0.0
2299 178.29471633001629 21.547051439243397 238.00871535961883 177.0882 -13.31082 212.9016 0.0 0.0 0.0
2300 177.48645139285955 21.434516237529728 238.33385929488173 176.3215 -13.29865 213.3302 0.0 0.0 0.0
2301 176.6834750013861 21.316014459159053 238.67459234531745 175.5541 -13.28287 213.7612 0.0 0.0 0.0
2302 175.8939650988406 21.195081615721808 239.02915890220166 174.7915 -13.26848 214.1877 0.0 0.0 0.0
2303 175.10087751186987 21.07768468821417 239.37996347130633 174.0245 -13.25105 214.6087 0.0 0.0 0.0
2304 174.2990994112586 20.963728514694825 239.7066158190661 173.2609 -13.23227 215.0319 0.0 0.0 0.0
2305 173.51691843308458 20.845717574292916 240.06148130657954 172.5056 -13.21744 215.4573 0.0 0.0 0.0
2306 172.7555709788914 20.739404667054732 240.44987439849547 171.7547 -13.20315 215.8789 0.0 0.0 0.0
2307 171.97872910287097 20.61895677270206 240.7898862247708 171.0068 -13.18941 216.2961 0.0 0.0 0.0
2308 171.20304485246666 20.497485944963298 241.12748898332458 170.2629 -13.17494 216.7166 0.0 0.0 0.0
2309 170.43770670852075 20.375056198485627 241.49663997885193 169.5153 -13.16501 217.1385 0.0 0.0 0.0
2310 169.64389468232383 20.257925149395263 241.7798872524559 168.7701 -13.16245 217.5493 0.0 0.0 0.0
2311 168.881717092205 20.13955237748113 242.0885750366166 168.0394 -13.15694 217.9446 0.0 0.0 0.0
2312 168.1528522559479 20.02723257214645 242.4295316970552 167.3275 -13.14619 218.336 0.0 0.0 0.0
2313 167.45504820436523 19.908398740156482 242.78956258402093 166.6357 -13.13813 218.7259 0.0 0.0 0.0
2314 166.74368646864613 19.771856022686976 243.07703878696776 165.9531 -13.13633 219.1019 0.0 0.0 0.0
2315 166.04879739101358 19.67246783917198 243.37014886384085 165.2855 -13.13005 219.4665 0.0 0.0 0.0
2316 165.36993417195754 19.56694402088916 243.63830743351167 164.6404 -13.12098 219.8238 0.0 0.0 0.0
2317 164.70647151586883 19.47094581971452 243.89162730530796 164.0103 -13.11339 220.1651 0.0 0.0 0.0
2318 164.0722834065191 19.37411905575594 244.15607185174576 163.3948 -13.10511 220.4854 0.0 0.0 0.0
2319 163.45338880059126 19.281723451276804 244.3936493109593 162.8 -13.09912 220.7923 0.0 0.0 0.0
2320 162.8481065433891 19.188693589187643 244.61298569707867 162.2184 -13.0952 221.0836 0.0 0.0 0.0
2321 162.26356171643363 19.09656464183181 244.82623993604875 161.6533 -13.08579 221.3597 0.0 0.0 0.0
2322 161.70758841198437 19.00828759380851 245.03924779888962 161.1099 -13.0779 221.6184 0.0 0.0 0.0
2323 161.15382902399975 18.923283081447764 245.22476420785983 160.5745 -13.07197 221.8666 0.0 0.0 0.0
2324 160.6083161196086 18.80797528655467 245.39118468730754 160.045 -13.06665 222.1078 0.0 0.0 0.0
2325 160.06125641282094 18.72466473054705 245.56690872825547 159.5105 -13.05916 222.3344 0.0 0.0 0.0
2326 159.49790382045617 18.654002506290883 245.70667321708964 158.9597 -13.0475 222.5303 0.0 0.0 0.0
2327 158.93980217586957 18.579112245145637 245.85105548468266 158.4078 -13.04181 222.7128 0.0 0.0 0.0
2328 158.37369611737188 18.476723527959596 245.93582619144635 157.8455 -13.03627 222.8609 0.0 0.0 0.0
2329 157.81372802456633 18.393888147626477 246.0025584205772 157.2935 -13.03293 223.0029 0.0 0.0 0.0
2330 157.25776526774393 18.302939905432854 246.0284980884298 156.7418 -13.02324 223.1194 0.0 0.0 0.0
2331 156.6988076530797 18.208954860079995 246.03061106237766 156.1813 -13.01146 223.2029 0.0 0.0 0.0
2332 156.15375953585774 18.11349420343307 246.05247580672338 155.633 -12.99975 223.2797 0.0 0.0 0.0
2333 155.6036954488269 18.030003214407827 246.0450439489145 155.0797 -12.98801 223.3373 0.0 0.0 0.0
2334 155.04045738519582 17.950999807518464 246.01874316039076 154.5111 -12.9757 223.364 0.0 0.0 0.0
2335 154.47908724195204 17.88377212896309 245.9916806566171 153.9455 -12.96146 223.3808 0.0 0.0 0.0
2336 153.9256341337276 17.79544524306062 245.8848770184605 153.3752 -12.94579 223.3752 0.0 0.0 0.0
2337 153.3448622717629 17.72953579239681 245.81157738160442 152.7869 -12.92888 223.3501 0.0 0.0 0.0
2338 152.76928230814184 17.649618166295326 245.69148045817892 152.1943 -12.90903 223.327 0.0 0.0 0.0
2339 152.1755460791131 17.563027720377878 245.59239189872565 151.5876 -12.88729 223.2912 0.0 0.0 0.0
2340 151.57218348575648 17.491596124153613 245.46501031097125 150.969 -12.86332 223.245 0.0 0.0 0.0
2341 150.95649610179711 17.42345883901349 245.35459405443729 150.3433 -12.83453 223.1852 0.0 0.0 0.0
2342 150.32915857970806 17.35331595821233 245.22737925477918 149.7033 -12.80137 223.1223 0.0 0.0 0.0
2343 149.68720817301147 17.27778576108739 245.09859659032335 149.0484 -12.76027 223.0606 0.0 0.0 0.0
2344 149.03127576369158 17.221823851227814 244.9781964215168 148.3828 -12.71981 223.0039 0.0 0.0 0.0
2345 148.363448064072 17.13339730205221 244.83502841733394 147.6974 -12.68253 222.9478 0.0 0.0 0.0
2346 147.67419205378653 17.055709013928407 244.72807678212587 146.9992 -12.64604 222.8867 0.0 0.0 0.0
2347 146.9747679881235 16.95901893546822 244.60252231108342 146.2857 -12.60905 222.8246 0.0 0.0 0.0
2348 146.26265391632663 16.885680137110477 244.46261457361237 145.5594 -12.57239 222.768 0.0 0.0 0.0
2349 145.52328345160103 16.79997324246892 244.36169948999077 144.8114 -12.53739 222.7091 0.0 0.0 0.0
2350 144.76287194407493 16.709187819678643 244.25013551224416 144.0411 -12.50132 222.6439 0.0 0.0 0.0
2351 143.9921606210286 16.616089343023496 244.10567307500654 143.2551 -12.46716 222.5763 0.0 0.0 0.0
2352 143.20601028520923 16.51139539814077 243.95890060144313 142.4524 -12.42912 222.5073 0.0 0.0 0.0
2353 142.41131247878644 16.409725192720337 243.82837077421362 141.6445 -12.39462 222.4364 0.0 0.0 0.0
2354 141.6063287833361 16.305320108426685 243.69410119451402 140.8253 -12.36158 222.3675 0.0 0.0 0.0
2355 140.79532138983242 16.199002015110523 243.49206159662307 139.9857 -12.3258 222.3071 0.0 0.0 0.0
2356 139.9409534350878 16.107961553878432 243.36915882072225 139.1198 -12.2907 222.2589 0.0 0.0 0.0
2357 139.07805337472288 15.998777216228808 243.21557064170392 138.2383 -12.26035 222.2126 0.0 0.0 0.0
2358 138.1864530073941 15.900592406975573 243.17230743434348 137.3423 -12.22648 222.1626 0.0 0.0 0.0
2359 137.29801683124816 15.770033584212522 243.01991956634274 136.4334 -12.18824 222.1176 0.0 0.0 0.0
2360 136.3847077303048 15.659791020748075 242.88872288866085 135.5059 -12.14967 222.0757 0.0 0.0 0.0
2361 135.46633511284696 15.541354842350316 242.73172357162372 134.5688 -12.10689 222.0299 0.0 0.0 0.0
2362 134.54526025388301 15.425880730398283 242.52508112256407 133.6194 -12.0638 221.9953 0.0 0.0 0.0
2363 133.6042826273413 15.330218880255694 242.37923230469033 132.6636 -12.02327 221.9695 0.0 0.0 0.0
2364 132.65787999165678 15.199069935319447 242.21525796093047 131.6955 -11.98937 221.9321 0.0 0.0 0.0
2365 131.70075680386537 15.034799167587767 242.06998038571388 130.7148 -11.95903 221.8936 0.0 0.0 0.0
2366 130.72407879089513 14.920207163202454 241.91897786384294 129.7209 -11.93204 221.858 0.0 0.0 0.0
2367 129.7333953440164 14.793540193359018 241.75728148376257 128.711 -11.90519 221.803 0.0 0.0 0.0
2368 128.73574553171468 14.63475409818464 241.59217512291113 127.6893 -11.87237 221.7498 0.0 0.0 0.0
2369 127.73244256321132 14.5177691609501 241.40025756052427 126.6632 -11.8311 221.6993 0.0 0.0 0.0
2370 126.73874382667891 14.371201818995218 241.23483964678414 125.6473 -11.78857 221.6501 0.0 0.0 0.0
2371 125.75013032546454 14.231824721803106 241.07735368044146 124.6384 -11.74693 221.6057 0.0 0.0 0.0
2372 124.75731435584427 14.099071127224095 240.94449314004945 123.6299 -11.71079 221.5549 0.0 0.0 0.0
2373 123.76248501737417 13.961900576990155 240.7879955813859 122.6154 -11.68307 221.5 0.0 0.0 0.0
2374 122.75915957855402 13.82765378696058 240.61628577507588 121.5907 -11.65845 221.4404 0.0 0.0 0.0
2375 121.75633945404442 13.69569668592083 240.4397072334473 120.5664 -11.63185 221.3745 0.0 0.0 0.0
2376 120.7535164140664 13.573268655961686 240.2652397279642 119.5438 -11.598 221.3095 0.0 0.0 0.0
2377 119.75018218548884 13.438735753489206 240.09281862044847 118.5197 -11.56188 221.243 0.0 0.0 0.0
2378 118.76060854908883 13.300698275061263 239.9312862487973 117.5108 -11.5245 221.1714 0.0 0.0 0.0
2379 117.78014436730123 13.174231795604381 239.76558434686092 116.5115 -11.48765 221.1021 0.0 0.0 0.0
2380 116.8048516844772 13.040134998856015 239.59444302271135 115.5151 -11.45162 221.0361 0.0 0.0 0.0
2381 115.83306750865852 12.915989153770337 239.3940568994984 114.5179 -11.42118 220.9683 0.0 0.0 0.0
2382 114.85656646721495 12.788941741294114 239.20004977606564 113.5168 -11.39041 220.9036 0.0 0.0 0.0
2383 113.87908985387887 12.672432577178087 239.01122112051257 112.5172 -11.35672 220.8376 0.0 0.0 0.0
2384 112.90967316341165 12.544408067660962 238.83234336530958 111.5259 -11.32203 220.7722 0.0 0.0 0.0
2385 111.95547377892132 12.410677732871857 238.6350387110426 110.5452 -11.28441 220.708 0.0 0.0 0.0
2386 111.00111943612121 12.28506385577852 238.46948560095373 109.5712 -11.24841 220.6447 0.0 0.0 0.0
2387 110.05010827101442 12.139179120093406 238.32945403366887 108.6011 -11.22102 220.5858 0.0 0.0 0.0
2388 109.10347205088443 12.007559851861373 238.18437203420638 107.6362 -11.19656 220.5323 0.0 0.0 0.0
2389 108.14647877884572 11.888340729645453 238.0577135699387 106.6654 -11.17178 220.4773 0.0 0.0 0.0
2390 107.18605242394524 11.763435596470913 237.93980999654423 105.6915 -11.14687 220.4242 0.0 0.0 0.0
2391 106.23238218437922 11.631327548635017 237.7802969830844 104.7172 -11.12293 220.3737 0.0 0.0 0.0
2392 105.29538224120128 11.499078052312456 237.60577733001654 103.7569 -11.09404 220.3198 0.0 0.0 0.0
2393 104.35222048128863 11.389647300767987 237.4509875252656 102.7971 -11.06032 220.2638 0.0 0.0 0.0
2394 103.41367996304291 11.26143378997672 237.30801000653764 101.8406 -11.03196 220.2186 0.0 0.0 0.0
2395 102.4811216146294 11.130862133437303 237.16215333643729 100.8893 -11.00563 220.1704 0.0 0.0 0.0
2396 101.5520058169742 11.022473107687475 237.006419722389 99.9429 -10.97856 220.117 0.0 0.0 0.0
2397 100.62197059030287 10.891846812963893 236.8640435984175 98.9947 -10.95124 220.0673 0.0 0.0 0.0
2398 99.6942339784009 10.773928686053823 236.70285740396324 98.04753 -10.92193 220.0164 0.0 0.0 0.0
2399 98.77735674355166 10.643033639103262 236.5354988012594 97.1087 -10.89294 219.9567 0.0 0.0 0.0
2400 97.88165994498654 10.528564146473581 236.3140329926179 96.18155 -10.86098 219.8951 0.0 0.0 0.0
2401 96.98287934889314 10.4197901596468 236.12519339116798 95.25961 -10.82502 219.8316 0.0 0.0 0.0
2402 96.0893877287184 10.332450036041868 235.92816274891615 94.34372 -10.7924 219.7619 0.0 0.0 0.0
2403 95.20287479826641 10.219564752501492 235.76434481185987 93.43862 -10.76804 219.6865 0.0 0.0 0.0
2404 94.34869868736688 10.114320627828615 235.6107007469229 92.56677 -10.74452 219.6263 0.0 0.0 0.0
2405 93.50216150791306 10.011286823837423 235.46405548775144 91.70406 -10.71985 219.5641 0.0 0.0 0.0
2406 92.67726566580633 9.89815618047788 235.2870544911213 90.85546 -10.69919 219.5006 0.0 0.0 0.0
2407 91.8523353324275 9.792746133658074 235.13034199735995 90.01191 -10.674 219.4376 0.0 0.0 0.0
2408 91.04546782271396 9.691831160023904 234.98213942260142 89.18744 -10.65382 219.3826 0.0 0.0 0.0
2409 90.26624246225302 9.598776202719813 234.82087844301986 88.38861 -10.63021 219.3263 0.0 0.0 0.0
2410 89.5025415605098 9.506278826540985 234.67361086825684 87.60818 -10.60537 219.2647 0.0 0.0 0.0
2411 88.77640872266781 9.392080173839316 234.49173702811302 86.85337 -10.58478 219.2079 0.0 0.0 0.0
2412 88.06368236258785 9.294843614539326 234.35789179591305 86.12368 -10.56501 219.1578 0.0 0.0 0.0
2413 87.37131080319313 9.209429058656228 234.21254318916164 85.41269 -10.54111 219.1163 0.0 0.0 0.0
2414 86.69185444435806 9.132635860103512 234.10552136150667 84.72207 -10.51592 219.0786 0.0 0.0 0.0
2415 86.0325923204242 9.04034612154821 234.00523674153135 84.04997 -10.49659 219.0453 0.0 0.0 0.0
2416 85.39515317855465 8.950756138279338 233.91089613622023 83.40009 -10.47658 219.0227 0.0 0.0 0.0
2417 84.77945435650197 8.872636517686837 233.79333485729978 82.76889 -10.45391 219.0137 0.0 0.0 0.0
2418 84.1732425570288 8.791366545231426 233.71640272190388 82.15288 -10.43065 219.0163 0.0 0.0 0.0
2419 83.58210320224775 8.710838180926126 233.71284633731477 81.55702 -10.4104 219.0383 0.0 0.0 0.0
2420 83.0041138494934 8.63922489836856 233.6488418635343 80.97264 -10.39008 219.0755 0.0 0.0 0.0
2421 82.41980593631243 8.590300100401507 233.65161684785394 80.38801 -10.36871 219.1151 0.0 0.0 0.0
2422 81.84167853525234 8.59499596560428 233.5681876551605 79.80795 -10.34835 219.1809 0.0 0.0 0.0
2423 81.26348376298972 8.52172283852765 233.53824637468392 79.2293 -10.33041 219.2545 0.0 0.0 0.0
2424 80.70787784494787 8.402350832810379 233.4454338750522 78.66476 -10.31093 219.3662 0.0 0.0 0.0
2425 80.1538046026121 8.268356874214717 233.44437496647097 78.11041 -10.28769 219.497 0.0 0.0 0.0
2426 79.59870166575739 8.224519031518161 233.5610794987008 77.55609 -10.26351 219.6228 0.0 0.0 0.0
2427 79.04583608866406 8.15683297641125 233.66809541905522 77.01629 -10.24585 219.796 0.0 0.0 0.0
2428 78.48005454963297 8.189246287310489 233.67136825699 76.47664 -10.23081 219.9684 0.0 0.0 0.0
2429 77.93891649334446 8.12860906477098 233.81528015392342 75.96056 -10.21989 220.1937 0.0 0.0 0.0
2430 77.43780187691598 8.045904221173519 234.04967581695337 75.46148 -10.20937 220.4461 0.0 0.0 0.0
2431 76.92793568622616 7.9636695060048055 234.26382940322398 74.96605 -10.19899 220.705 0.0 0.0 0.0
2432 76.43641392694184 7.892223721805283 234.53752559715102 74.50344 -10.18687 221.0328 0.0 0.0 0.0
2433 75.96078478570045 7.813660531811425 234.85293929704363 74.06909 -10.18099 221.4112 0.0 0.0 0.0
2434 75.48555634491525 7.741124170555381 235.14272546970304 73.63537 -10.17688 221.7675 0.0 0.0 0.0
2435 75.04900386455407 7.682212634312883 235.5185236423809 73.24704 -10.17531 222.197 0.0 0.0 0.0
2436 74.66136736889091 7.620536345440214 235.9175218975411 72.86285 -10.17148 222.604 0.0 0.0 0.0
2437 74.25393817524066 7.5428287261425 236.32791473247434 72.50725 -10.17451 223.0666 0.0 0.0 0.0
2438 73.86207067965161 7.486792470179948 236.7547343727423 72.1689 -10.17618 223.5403 0.0 0.0 0.0
2439 73.48959341483713 7.419115337679501 237.1898234199876 71.84185 -10.17024 224.0153 0.0 0.0 0.0
2440 73.14646719536861 7.353187237540309 237.70958616502156 71.55033 -10.17198 224.5696 0.0 0.0 0.0
2441 72.83735821748704 7.292909772461932 238.25931548477513 71.28157 -10.1765 225.1433 0.0 0.0 0.0
2442 72.55519816606686 7.224880766412051 238.79988838810863 71.02342 -10.18054 225.6999 0.0 0.0 0.0
2443 72.29177780661793 7.1743543105287735 239.38518151252032 70.7974 -10.18818 226.3027 0.0 0.0 0.0
2444 72.04234732419565 7.120441650298856 239.9873858237848 70.60149 -10.19211 226.9267 0.0 0.0 0.0
2445 71.84095247877032 7.073304357367549 240.5921819040062 70.42167 -10.20149 227.54 0.0 0.0 0.0
2446 71.6405649393546 7.019989510277762 241.23337972872702 70.26524 -10.21211 228.1954 0.0 0.0 0.0
2447 71.48566488685884 6.977846701554445 241.87368016126607 70.1277 -10.22504 228.8409 0.0 0.0 0.0
2448 71.33721464684174 6.931297075791249 242.5398937842731 70.03455 -10.24406 229.5184 0.0 0.0 0.0
2449 71.19916314962843 6.902410406723625 243.21498162897726 69.95561 -10.26536 230.2032 0.0 0.0 0.0
2450 71.09736217135321 6.854739502440908 243.90363613989476 69.8783 -10.2848 230.8964 0.0 0.0 0.0
2451 71.00749071262838 6.820390930284711 244.6145558046231 69.81376 -10.30134 231.6107 0.0 0.0 0.0
2452 70.93485034224817 6.781000480528001 245.33663800739433 69.76113 -10.3178 232.3354 0.0 0.0 0.0
2453 70.85516188525187 6.743603340438848 246.06232757892934 69.71324 -10.33202 233.0647 0.0 0.0 0.0
2454 70.75567497398156 6.7151329595642375 246.79209032386683 69.67008 -10.3491 233.8003 0.0 0.0 0.0
2455 70.6645824856032 6.675721284374575 247.52076716405028 69.63999 -10.36057 234.535 0.0 0.0 0.0
2456 70.58903208259298 6.652230092543613 248.2592122299904 69.62499 -10.37864 235.2773 0.0 0.0 0.0
2457 70.53076585007034 6.610631869960479 249.00191326272528 69.60369 -10.40114 236.0228 0.0 0.0 0.0
2458 70.44532376724959 6.578461743035901 249.75962319668213 69.5821 -10.42199 236.7854 0.0 0.0 0.0
2459 70.3613851036855 6.530979292277784 250.52825078721543 69.56092 -10.44222 237.5595 0.0 0.0 0.0
2460 70.25869007286133 6.487609197089722 251.30419341756084 69.54591 -10.47452 238.3426 0.0 0.0 0.0
2461 70.15797817395891 6.465502291108697 252.08864835025446 69.53554 -10.5086 239.133 0.0 0.0 0.0
2462 70.09563632631146 6.434074170362106 252.8735723464211 69.52027 -10.54974 239.9198 0.0 0.0 0.0
2463 70.00004285124028 6.389363540650938 253.66785492719103 69.4994 -10.59153 240.7197 0.0 0.0 0.0
2464 69.90705333501107 6.345859962803031 254.47273719807657 69.48807 -10.63608 241.5298 0.0 0.0 0.0
2465 69.85479753661794 6.293884424032399 255.29646010130543 69.48017 -10.682 242.3555 0.0 0.0 0.0
2466 69.79547914415647 6.236517967184146 256.1311595476599 69.4694 -10.73043 243.1928 0.0 0.0 0.0
2467 69.69174150427848 6.1959914869414865 256.97566125237785 69.44972 -10.77141 244.0434 0.0 0.0 0.0
2468 69.57988715815456 6.137048154991922 257.82876918187554 69.42243 -10.81483 244.9043 0.0 0.0 0.0
2469 69.464552487907 6.087673174500579 258.69357145270993 69.38453 -10.85518 245.7764 0.0 0.0 0.0
2470 69.36301275356118 6.0466400370600795 259.5645810211882 69.33841 -10.88638 246.6525 0.0 0.0 0.0
2471 69.26383848084936 6.005484492296097 260.44470137026957 69.28696 -10.91134 247.5373 0.0 0.0 0.0
2472 69.13032706899881 5.97903049267743 261.3318402464946 69.23258 -10.93709 248.4328 0.0 0.0 0.0
2473 69.03319297664923 5.938063254999429 262.2256577200542 69.18578 -10.96374 249.3312 0.0 0.0 0.0
2474 68.94966712642756 5.891134281951501 263.1195624319969 69.14107 -10.99093 250.2287 0.0 0.0 0.0
2475 68.84287437594783 5.834926189759715 264.03058385003106 69.09464 -11.02141 251.146 0.0 0.0 0.0
2476 68.73036190709371 5.795103553900974 264.95677007268046 69.04817 -11.05722 252.078 0.0 0.0 0.0
2477 68.59462565214854 5.739784432408005 265.8950094669134 68.99988 -11.09595 253.0256 0.0 0.0 0.0
2478 68.49017928197269 5.688954043239805 266.84687680341256 68.95099 -11.12932 253.9827 0.0 0.0 0.0
2479 68.39450767556374 5.640726596075884 267.80949502200554 68.90225 -11.15833 254.9496 0.0 0.0 0.0
2480 68.27370298286735 5.5971970388701555 268.7836962947782 68.85691 -11.18181 255.9309 0.0 0.0 0.0
2481 68.18233035234304 5.564195854205891 269.7664462338786 68.81186 -11.20662 256.9171 0.0 0.0 0.0
2482 68.11119084974345 5.515913914279658 270.75861777824315 68.75672 -11.2429 257.9108 0.0 0.0 0.0
2483 68.02945889292455 5.478351024072042 271.7536751429281 68.7036 -11.28031 258.9078 0.0 0.0 0.0
2484 67.89262155580516 5.422042256713033 272.75727024673665 68.65058 -11.3195 259.9201 0.0 0.0 0.0
2485 67.7793085869312 5.367768450783189 273.8028164641631 68.58719 -11.36666 260.9702 0.0 0.0 0.0
2486 67.6811709876348 5.317659511677398 274.8595480716803 68.51787 -11.41027 262.0295 0.0 0.0 0.0
2487 67.56187674063754 5.278397274726891 275.90659763745214 68.4622 -11.4422 263.0821 0.0 0.0 0.0
2488 67.44437952565468 5.257842791793934 276.9545030148133 68.40379 -11.46949 264.1348 0.0 0.0 0.0
2489 67.34876457756366 5.23206172019389 278.00321661301285 68.35062 -11.49978 265.1864 0.0 0.0 0.0
2490 67.24263361768412 5.183584661931125 279.0656756947083 68.28856 -11.53683 266.2528 0.0 0.0 0.0
2491 67.07841838109846 5.1240076599392745 280.126074397983 68.22673 -11.58104 267.3248 0.0 0.0 0.0
2492 66.96683327601656 5.076889584309527 281.19288523607605 68.16394 -11.61771 268.396 0.0 0.0 0.0
2493 66.8161969454293 5.03400704889667 282.25210581167096 68.09665 -11.65107 269.4641 0.0 0.0 0.0
2494 66.6896581363775 4.983876309433781 283.32054708851524 68.03033 -11.68154 270.5387 0.0 0.0 0.0
2495 66.52046699193774 4.940372774667742 284.3833818314579 67.96554 -11.7088 271.6135 0.0 0.0 0.0
2496 66.40203399034546 4.914758413381497 285.44817081507375 67.90383 -11.73743 272.683 0.0 0.0 0.0
2497 66.35148457346291 4.919729939501456 286.5153455432138 67.84423 -11.76733 273.7493 0.0 0.0 0.0
2498 66.20840314167846 4.874813397337227 287.56405048065733 67.78534 -11.79767 274.8066 0.0 0.0 0.0
2499 66.09461044791514 4.831925446545228 288.6254106349042 67.72147 -11.83323 275.8724 0.0 0.0 0.0
2500 65.95443335465013 4.771134471302849 289.67782704391385 67.65981 -11.87068 276.9334 0.0 0.0 0.0
2501 65.78806854773383 4.723323237425132 290.7216495178694 67.59292 -11.91077 277.9886 0.0 0.0 0.0
2502 65.73867940430362 4.670526544359601 291.7767679158288 67.52546 -11.95025 279.0433 0.0 0.0 0.0
2503 65.5656962279663 4.612078749686391 292.82377985979224 67.45634 -11.98777 280.1032 0.0 0.0 0.0
2504 65.43155568696912 4.5608039702481005 293.8803400997475 67.38662 -12.02617 281.1665 0.0 0.0 0.0
2505 65.28183730116294 4.51809199494801 294.92409196351474 67.31745 -12.05628 282.2191 0.0 0.0 0.0
2506 65.18364152616533 4.495740888596622 295.9630270213106 67.24878 -12.08302 283.2603 0.0 0.0 0.0
2507 65.02094699458497 4.451443979607233 296.9926484402058 67.17999 -12.11419 284.3009 0.0 0.0 0.0
2508 64.89753530568586 4.398297904373924 298.02937132493935 67.11165 -12.14831 285.3435 0.0 0.0 0.0
2509 64.76174536772459 4.336135531859597 299.07653855790255 67.04325 -12.18235 286.3985 0.0 0.0 0.0
2510 64.59922238188713 4.293779368866026 300.12356376344 66.97369 -12.20862 287.4563 0.0 0.0 0.0
2511 64.46847456503995 4.244571617729454 301.16903727306027 66.90135 -12.22821 288.5084 0.0 0.0 0.0
2512 64.32655116038968 4.192999011299521 302.21051141809625 66.82893 -12.24028 289.5582 0.0 0.0 0.0
2513 64.19614030446122 4.139774283071626 303.2502571700284 66.75997 -12.25277 290.6051 0.0 0.0 0.0
2514 64.06685238467298 4.093076870477278 304.2909792207479 66.68814 -12.25402 291.6524 0.0 0.0 0.0
2515 63.92369918626587 4.024862245637409 305.32571999734057 66.6192 -12.27164 292.6968 0.0 0.0 0.0
2516 63.76783997610093 3.9660844892798672 306.3597901206708 66.54974 -12.28572 293.7418 0.0 0.0 0.0
2517 63.635857766423804 3.9229189598095746 307.39340412241137 66.4788 -12.29898 294.7822 0.0 0.0 0.0
2518 63.45710264636253 3.8780593805168384 308.4154660455831 66.40794 -12.31508 295.8182 0.0 0.0 0.0
2519 63.364784432482 3.839384794109779 309.44499327191187 66.34676 -12.32714 296.8507 0.0 0.0 0.0
2520 63.230076048370385 3.7950037223418462 310.464434847834 66.28919 -12.34465 297.8782 0.0 0.0 0.0
2521 63.10466568281638 3.7630367363727055 311.48375154372377 66.22145 -12.36302 298.9033 0.0 0.0 0.0
2522 62.94007024909173 3.697414583327188 312.48779691721376 66.14628 -12.38715 299.9198 0.0 0.0 0.0
2523 62.816668371904754 3.641959833443158 313.50592468013053 66.07807 -12.40214 300.9445 0.0 0.0 0.0
2524 62.66694636995849 3.58413462197288 314.522979656546 65.99903 -12.42256 301.9709 0.0 0.0 0.0
2525 62.492594633254036 3.5374600844964705 315.53113962175956 65.90919 -12.43954 302.991 0.0 0.0 0.0
2526 62.359389610047025 3.4864603949000044 316.5420839902851 65.82627 -12.45262 304.0085 0.0 0.0 0.0
2527 62.234277290188075 3.434628712797916 317.54165435631734 65.74479 -12.46723 305.0138 0.0 0.0 0.0
2528 62.07404852055094 3.3837300988666494 318.5339617779264 65.66126 -12.47957 306.0167 0.0 0.0 0.0
2529 61.937646029422 3.3268165403080383 319.52844112465306 65.57359 -12.49164 307.0182 0.0 0.0 0.0
2530 61.74462618373932 3.252761049265762 320.5192051027624 65.48054 -12.50702 308.0259 0.0 0.0 0.0
2531 61.57532174818613 3.1967453205020084 321.5213199536318 65.38313 -12.53112 309.0388 0.0 0.0 0.0
2532 61.408825758809336 3.1326433314713427 322.5049272763596 65.27471 -12.55384 310.0323 0.0 0.0 0.0
2533 61.239419407071004 3.074561050554435 323.4916671507105 65.16792 -12.57651 311.0292 0.0 0.0 0.0
2534 61.050878319403154 3.004476818143351 324.4780767087685 65.04766 -12.60101 312.0284 0.0 0.0 0.0
2535 60.877123624912315 2.93695465576839 325.47094183995733 64.92447 -12.63184 313.0306 0.0 0.0 0.0
2536 60.6632923766355 2.8574621371957214 326.44578941622314 64.79958 -12.65875 314.0236 0.0 0.0 0.0
2537 60.48435672396929 2.7980002826621915 327.42059670105454 64.67468 -12.6826 315.0083 0.0 0.0 0.0
2538 60.302666141383 2.7389425364319537 328.39840248612103 64.54061 -12.70404 315.9953 0.0 0.0 0.0
2539 60.091945421882556 2.692059098816934 329.36980644207887 64.39547 -12.72666 316.9795 0.0 0.0 0.0
2540 59.85032869140595 2.6239825847801757 330.3335742699245 64.24186 -12.75115 317.9632 0.0 0.0 0.0
2541 59.680691330814035 2.5837647974758355 331.31455497741865 64.08999 -12.77584 318.9476 0.0 0.0 0.0
2542 59.47242555654813 2.5262760117382204 332.284635423662 63.94426 -12.79599 319.9305 0.0 0.0 0.0
2543 59.270154331737224 2.461787788639982 333.2576363978111 63.80681 -12.81874 320.9166 0.0 0.0 0.0
2544 59.067264858667706 2.4057372247174746 334.2317867265599 63.67172 -12.84441 321.9037 0.0 0.0 0.0
2545 58.90702632714747 2.3535865048611466 335.22035993555085 63.54101 -12.87181 322.8976 0.0 0.0 0.0
2546 58.73568139129985 2.2957930033305503 336.2099980594831 63.4201 -12.89752 323.896 0.0 0.0 0.0
2547 58.564910874123754 2.2491071931109747 337.20109502208936 63.30426 -12.91743 324.8959 0.0 0.0 0.0
2548 58.429571842547745 2.211078722200629 338.20122620350116 63.19056 -12.93434 325.8993 0.0 0.0 0.0
2549 58.29525526796821 2.1386281832328895 339.1986311448346 63.07559 -12.95117 326.9016 0.0 0.0 0.0
2550 58.14457579463027 2.0950471769104295 340.18874997704745 62.96758 -12.96731 327.8981 0.0 0.0 0.0
2551 58.00732593070039 2.048926653131112 341.18060797809267 62.86847 -12.98511 328.8954 0.0 0.0 0.0
2552 57.84790483185426 2.009875694307049 342.17271887751747 62.77719 -13.00726 329.8966 0.0 0.0 0.0
2553 57.77277553203149 1.9733938805074063 343.1852210245127 62.69908 -13.03326 330.9092 0.0 0.0 0.0
2554 57.64205079705593 1.9244135871025834 344.1901187310598 62.64298 -13.06157 331.9218 0.0 0.0 0.0
2555 57.51761105281399 1.8850004998228456 345.19349660095924 62.59494 -13.08971 332.9321 0.0 0.0 0.0
2556 57.40257322485804 1.8506456615720352 346.18416063872775 62.55359 -13.10731 333.929 0.0 0.0 0.0
2557 57.2746433193055 1.819197063770763 347.1832529585669 62.5014 -13.12676 334.9352 0.0 0.0 0.0
2558 57.164438131534595 1.7642436648937165 348.1924875896315 62.45476 -13.14928 335.9506 0.0 0.0 0.0
2559 57.02818720184437 1.716462495806178 349.1965798719637 62.40233 -13.17243 336.9634 0.0 0.0 0.0
2560 56.92920242514918 1.6700164944507794 350.2024264173873 62.35329 -13.19165 337.9738 0.0 0.0 0.0
2561 56.75156306481875 1.6119374445910282 351.2065017184125 62.3105 -13.21303 338.994 0.0 0.0 0.0
2562 56.55834455859179 1.5733529174074934 352.21611360543307 62.26657 -13.24241 340.0213 0.0 0.0 0.0
2563 56.443107005073514 1.5367034636858554 353.2282223169364 62.21832 -13.26965 341.0391 0.0 0.0 0.0
2564 56.325671524666554 1.4750597684224647 354.22369939938267 62.1644 -13.3021 342.0414 0.0 0.0 0.0
2565 56.2782593593663 1.4214014754493594 355.2171792766709 62.1165 -13.33378 343.0358 0.0 0.0 0.0
2566 56.16029717554133 1.368446262790217 356.20531355455995 62.0718 -13.35633 344.0311 0.0 0.0 0.0
2567 56.070880510574895 1.3191010568701476 357.20158836789153 62.03277 -13.38222 345.0315 0.0 0.0 0.0
2568 55.97530188192229 1.265554658804885 358.1981195449247 61.9935 -13.40929 346.0329 0.0 0.0 0.0
2569 55.870992585531056 1.2086401891755028 359.17922493902523 61.95688 -13.42898 347.0203 0.0 0.0 0.0
2570 55.75447096496866 1.164201908039629 360.1590386319848 61.91201 -13.44291 348.0069 0.0 0.0 0.0
2571 55.6408477426289 1.1132447814894977 361.1344994053114 61.86637 -13.4581 348.9891 0.0 0.0 0.0
2572 55.4910475730344 1.064449453670815 362.0958135259673 61.8244 -13.47425 349.9622 0.0 0.0 0.0
2573 55.379664617697486 1.012801304989317 363.04472550486634 61.78986 -13.48794 350.9183 0.0 0.0 0.0
2574 55.37681180865837 0.9908372210575545 363.9844686788759 61.76087 -13.49829 351.8578 0.0 0.0 0.0
2575 55.26872929566049 0.9413218928263319 364.90707293209294 61.73422 -13.51502 352.7875 0.0 0.0 0.0
2576 55.17565984827257 0.9201208397947387 365.82128151437223 61.70791 -13.53427 353.7061 0.0 0.0 0.0
2577 55.07687377276705 0.8836593565310769 366.72140886359807 61.67929 -13.55394 354.6117 0.0 0.0 0.0
2578 54.981452147751156 0.8245451029002435 367.61080467722496 61.64661 -13.57062 355.5074 0.0 0.0 0.0
2579 54.92775764774276 0.7848571949745079 368.4931743375336 61.61399 -13.5933 356.3914 0.0 0.0 0.0
2580 54.84956312196505 0.7492137788879774 369.35965987643664 61.5863 -13.616 357.2614 0.0 0.0 0.0
2581 54.77430136368848 0.7128608299776907 370.2083189280272 61.56519 -13.64223 358.1135 0.0 0.0 0.0
2582 54.674868339691805 0.6887436589160919 371.042546027922 61.55241 -13.66753 358.9535 0.0 0.0 0.0
2583 54.591415790959644 0.6229528084857964 371.8594599292664 61.5506 -13.69303 359.7769 0.0 0.0 0.0
2584 54.58466790739603 0.5905255195722228 372.67162972007435 61.55571 -13.71943 360.5893 0.0 0.0 0.0
2585 54.529128548688675 0.5513349997052721 373.458483499621 61.56597 -13.74183 361.3787 0.0 0.0 0.0
2586 54.52450204624249 0.5192672675118409 374.22511155926077 61.57724 -13.7606 362.1457 0.0 0.0 0.0
2587 54.49766169242234 0.4917513115533713 374.96088995638485 61.58359 -13.77996 362.8822 0.0 0.0 0.0
2588 54.484479581080535 0.48006087951780013 375.67617035618576 61.5902 -13.79541 363.5975 0.0 0.0 0.0
2589 54.46749623240331 0.45848494226282166 376.36918143091634 61.60302 -13.80916 364.2908 0.0 0.0 0.0
2590 54.46357522285214 0.4313399098313305 377.0502890155154 61.61817 -13.82908 364.972 0.0 0.0 0.0
2591 54.40568666294957 0.386815419176855 377.7249206089531 61.62589 -13.85587 365.65 0.0 0.0 0.0
2592 54.28698735433608 0.3572682723595438 378.3872190848306 61.62869 -13.8789 366.3231 0.0 0.0 0.0
2593 54.233327872969184 0.32353235683394693 379.0576705996048 61.63203 -13.8966 366.9963 0.0 0.0 0.0
2594 54.223026351241785 0.29261839196858663 379.733666623799 61.6414 -13.91728 367.6727 0.0 0.0 0.0
2595 54.15485601967722 0.28384761620994786 380.41041029416976 61.64988 -13.94262 368.3524 0.0 0.0 0.0
2596 54.13789050099745 0.252643939722925 381.08551073784434 61.65211 -13.96674 369.028 0.0 0.0 0.0
2597 54.08899913287607 0.22412631852314316 381.74785523454096 61.64391 -13.98697 369.6924 0.0 0.0 0.0
2598 54.07093072056151 0.19031454469633138 382.4107218488964 61.62473 -14.00683 370.3558 0.0 0.0 0.0
2599 53.97840408982961 0.17685596466068565 383.06169982873047 61.59376 -14.01984 371.0126 0.0 0.0 0.0
2600 53.887812024420654 0.14991653885236483 383.7189675309812 61.55833 -14.03029 371.6756 0.0 0.0 0.0
2601 53.818778090774885 0.10551176676843887 384.3796072699627 61.51118 -14.04429 372.3395 0.0 0.0 0.0
2602 53.680669350053 0.04505936499308681 385.0423920921756 61.44542 -14.0653 373.0157 0.0 0.0 0.0
2603 53.539628972260225 -0.0006338227494837451 385.71404340366536 61.36189 -14.08297 373.6982 0.0 0.0 0.0
2604 53.30496249292707 -0.07453193208205218 386.3651715408353 61.27159 -14.09856 374.3882 0.0 0.0 0.0
2605 53.219460742951085 -0.11636066749257795 387.0673305018584 61.18214 -14.11114 375.091 0.0 0.0 0.0
2606 53.106020145633735 -0.16012180383342683 387.77885844876306 61.08059 -14.12641 375.8055 0.0 0.0 0.0
2607 52.93416693810227 -0.21357228629992803 388.4884667958709 60.96671 -14.14594 376.5284 0.0 0.0 0.0
2608 52.72887908727154 -0.27083707984529587 389.20312360289194 60.84972 -14.16784 377.2646 0.0 0.0 0.0
2609 52.61414916518024 -0.3167433284478392 389.95785198702504 60.74507 -14.18454 378.022 0.0 0.0 0.0
2610 52.46512281706577 -0.36172612322767944 390.72401235022676 60.63715 -14.19874 378.7962 0.0 0.0 0.0
2611 52.285404627708736 -0.4163481092401321 391.5039020039972 60.52298 -14.21763 379.59 0.0 0.0 0.0
2612 52.14366892372818 -0.45642252900704827 392.30168323484776 60.41374 -14.23869 380.3936 0.0 0.0 0.0
2613 52.01149932731679 -0.502884372608142 393.1091438561004 60.32454 -14.25909 381.208 0.0 0.0 0.0
2614 51.94166952840019 -0.5353835909808969 393.9349757128898 60.23753 -14.27425 382.0327 0.0 0.0 0.0
2615 51.85314163561021 -0.581551736062948 394.7764284827336 60.1474 -14.29007 382.8751 0.0 0.0 0.0
2616 51.73027311274783 -0.6306394405717471 395.636646474382 60.06557 -14.31204 383.7413 0.0 0.0 0.0
2617 51.568193669549 -0.6791654217605263 396.50594972972044 59.99739 -14.34133 384.6238 0.0 0.0 0.0
2618 51.45059480405105 -0.7255637730555419 397.39107083410704 59.93719 -14.36719 385.5155 0.0 0.0 0.0
2619 51.370281561391025 -0.7708012938748126 398.286429481948 59.88483 -14.39286 386.4137 0.0 0.0 0.0
2620 51.27858733626505 -0.8156132290412348 399.19370165833453 59.84353 -14.42481 387.3252 0.0 0.0 0.0
2621 51.181696296229156 -0.8577022814619043 400.1154426191945 59.81431 -14.45856 388.2519 0.0 0.0 0.0
2622 51.111391331380744 -0.9104200005801342 401.05625722203007 59.78983 -14.49961 389.1956 0.0 0.0 0.0
2623 51.04759197127025 -0.9583892964486487 402.0183373378225 59.76798 -14.53983 390.1599 0.0 0.0 0.0
2624 50.97145630338077 -0.9962196390137469 402.98456102934347 59.7661 -14.59815 391.1281 0.0 0.0 0.0
2625 50.893933227993585 -1.0612038371385921 403.9592364033919 59.76542 -14.64881 392.1067 0.0 0.0 0.0
2626 50.829771979622855 -1.110682589970927 404.94325699221395 59.76528 -14.69849 393.0928 0.0 0.0 0.0
2627 50.77522441315757 -1.1453274379259624 405.9460911918715 59.76442 -14.73892 394.0969 0.0 0.0 0.0
2628 50.72408835062079 -1.1829872725757404 406.96918148332304 59.7664 -14.77563 395.1213 0.0 0.0 0.0
2629 50.67899469057215 -1.242208798393457 408.0057518867222 59.76162 -14.81712 396.1597 0.0 0.0 0.0
2630 50.61418634045896 -1.2823166575769085 409.0550462186364 59.74722 -14.85438 397.211 0.0 0.0 0.0
2631 50.5327226258747 -1.3301825062587838 410.1094265975016 59.72862 -14.89124 398.2688 0.0 0.0 0.0
2632 50.43393822062559 -1.3776361195274376 411.1759927418955 59.71318 -14.92621 399.3403 0.0 0.0 0.0
2633 50.35163436827976 -1.4337636957663322 412.25009714011503 59.69604 -14.96445 400.4182 0.0 0.0 0.0
2634 50.24896858871196 -1.4673227702534744 413.32025803714185 59.67327 -15.00203 401.4929 0.0 0.0 0.0
2635 50.163338246438116 -1.5289959037086895 414.383535569864 59.64675 -15.04264 402.5603 0.0 0.0 0.0
2636 50.06867253577908 -1.5783719926504374 415.4432081891508 59.6159 -15.08099 403.6242 0.0 0.0 0.0
2637 49.92295608597824 -1.6438440190952093 416.5033355775861 59.57539 -15.12563 404.6946 0.0 0.0 0.0
2638 49.8333910326295 -1.6995956815479354 417.5772611754989 59.52883 -15.1669 405.7719 0.0 0.0 0.0
2639 49.72595051229045 -1.7599339511219518 418.6492590312868 59.47664 -15.20557 406.849 0.0 0.0 0.0
2640 49.6356373256423 -1.8138595326514433 419.7134169605314 59.42514 -15.23835 407.9166 0.0 0.0 0.0
2641 49.52834705860789 -1.867851653351327 420.77125005072185 59.37438 -15.26821 408.9796 0.0 0.0 0.0
2642 49.42194752835119 -1.9204979758857685 421.82930190899 59.32089 -15.29901 410.0425 0.0 0.0 0.0
2643 49.274977091260624 -1.9872228396900675 422.88068282577115 59.267 -15.33264 411.1043 0.0 0.0 0.0
2644 49.16494781951123 -2.0515350755439563 423.92741867204643 59.20589 -15.37085 412.1563 0.0 0.0 0.0
2645 49.092191853459425 -2.1046803669462544 424.97518838353153 59.14511 -15.4057 413.2056 0.0 0.0 0.0
2646 48.97685549405979 -2.1707798476908984 426.0213607865539 59.08467 -15.44272 414.2578 0.0 0.0 0.0
2647 48.884220369615534 -2.2231843039262693 427.07304416689504 59.0265 -15.47985 415.3126 0.0 0.0 0.0
2648 48.7819157988875 -2.277247857643931 428.1207690694661 58.96893 -15.51299 416.3646 0.0 0.0 0.0
2649 48.702233383670574 -2.3223740579653787 429.1711057541771 58.91368 -15.54099 417.4171 0.0 0.0 0.0
2650 48.62459269716217 -2.375720103361871 430.2121289621023 58.85967 -15.56518 418.4607 0.0 0.0 0.0
2651 48.53197717445806 -2.4240479787057767 431.24420171531256 58.80686 -15.59016 419.4964 0.0 0.0 0.0
2652 48.42462192067051 -2.491030988837875 432.27015308294057 58.74881 -15.61868 420.5281 0.0 0.0 0.0
2653 48.33437718858377 -2.542841770112796 433.29622723434204 58.68504 -15.64958 421.557 0.0 0.0 0.0
2654 48.224753568701225 -2.6080756583578757 434.3181160745728 58.62784 -15.68558 422.5846 0.0 0.0 0.0
2655 48.15453208997694 -2.6615676902631953 435.33592950583034 58.57414 -15.7212 423.6042 0.0 0.0 0.0
2656 48.08746003468871 -2.705236469338267 436.3545171816508 58.52715 -15.75751 424.6242 0.0 0.0 0.0
2657 47.99858796392452 -2.770671202976623 437.3626335772975 58.48082 -15.79727 425.6365 0.0 0.0 0.0
2658 47.90786328129737 -2.82424229481207 438.35752202033103 58.4372 -15.83191 426.6354 0.0 0.0 0.0
2659 47.8278754408977 -2.867754092325443 439.3354369764828 58.39171 -15.86596 427.6159 0.0 0.0 0.0
2660 47.7280845873262 -2.9240320539683933 440.2917689501597 58.34298 -15.89808 428.5773 0.0 0.0 0.0
2661 47.617131855217195 -2.9751346627869544 441.23208642054374 58.28685 -15.93052 429.5233 0.0 0.0 0.0
2662 47.525207310349074 -3.014639852898468 442.1632902720204 58.23246 -15.96625 430.4576 0.0 0.0 0.0
2663 47.44342444763251 -3.073695819383012 443.0797336369854 58.17911 -16.0004 431.3774 0.0 0.0 0.0
2664 47.34535216670042 -3.125907338951569 443.9787823342966 58.11757 -16.03584 432.2805 0.0 0.0 0.0
2665 47.273119390394314 -3.1718798495450655 444.86542561250764 58.05705 -16.06875 433.1686 0.0 0.0 0.0
2666 47.18527080337247 -3.2198656841927136 445.73744600529176 57.99581 -16.09857 434.0437 0.0 0.0 0.0
2667 47.07847813370019 -3.261577467096608 446.5915310286186 57.9241 -16.12658 434.902 0.0 0.0 0.0
2668 46.944354978700844 -3.3157842788629237 447.4278714460032 57.84065 -16.15406 435.7462 0.0 0.0 0.0
2669 46.84126572786797 -3.360104379569817 448.2510207932884 57.75392 -16.17716 436.5721 0.0 0.0 0.0
2670 46.726278364500295 -3.426946595229787 449.0560354658077 57.66319 -16.198 437.3827 0.0 0.0 0.0
2671 46.62003465629382 -3.4835255778455463 449.84375666959284 57.5691 -16.21944 438.1737 0.0 0.0 0.0
2672 46.49824659072659 -3.5221680059683984 450.613885339254 57.47062 -16.24168 438.9478 0.0 0.0 0.0
2673 46.366882581661564 -3.5664917246531807 451.3711254874133 57.36825 -16.26608 439.7104 0.0 0.0 0.0
2674 46.23001372102205 -3.613254831637584 452.110486028227 57.25999 -16.29215 440.4555 0.0 0.0 0.0
2675 46.09826072818183 -3.6613264679979256 452.8320393756347 57.14887 -16.31654 441.1817 0.0 0.0 0.0
2676 45.946280135936334 -3.712491473076549 453.5304729013449 57.03669 -16.34238 441.889 0.0 0.0 0.0
2677 45.802513666935376 -3.7583345998133706 454.20935373258254 56.91449 -16.36661 442.5732 0.0 0.0 0.0
2678 45.702398099392575 -3.8091872042731816 454.8770511031444 56.78747 -16.38826 443.2379 0.0 0.0 0.0
2679 45.559402550481074 -3.8429246941222037 455.5106290810367 56.65685 -16.40569 443.8748 0.0 0.0 0.0
2680 45.405037228095246 -3.8824421445151605 456.11570603098534 56.53228 -16.42058 444.4878 0.0 0.0 0.0
2681 45.2658608598102 -3.9299669707146494 456.696088579315 56.41955 -16.43657 445.0756 0.0 0.0 0.0
2682 45.13068878921469 -3.955555795968537 457.2575201847248 56.32386 -16.45398 445.6454 0.0 0.0 0.0
2683 45.045813771339276 -3.9969833299011115 457.802176587398 56.24445 -16.47357 446.1921 0.0 0.0 0.0
2684 44.982396679744994 -4.025234288399536 458.3411287933844 56.18642 -16.49151 446.7321 0.0 0.0 0.0
2685 44.889635316641204 -4.055127551321846 458.87181652034536 56.14866 -16.50757 447.2701 0.0 0.0 0.0
2686 44.86674134436998 -4.066505874245013 459.3644384313492 56.12959 -16.52522 447.7627 0.0 0.0 0.0
2687 44.862791355487 -4.087834392553308 459.82168481667617 56.37354 -16.54917 448.1493 0.0 0.0 0.0
2688 44.950279874152265 -4.1021675041825745 460.265639309854 56.61613 -16.5729 448.5308 0.0 0.0 0.0
2689 45.0208642471108 -4.112064660057255 460.7092471797116 56.85753 -16.59654 448.909 0.0 0.0 0.0
2690 45.108243324252804 -4.123008627548301 461.1426491212778 57.09636 -16.61978 449.2805 0.0 0.0 0.0
2691 45.22455494028335 -4.1536987683868 461.56538403305075 57.33354 -16.64298 449.6498 0.0 0.0 0.0
2692 45.35531964229244 -4.170816569456635 461.9737273911392 57.5666 -16.66551 450.0094 0.0 0.0 0.0
2693 45.460999649976046 -4.169324442068843 462.38772252967567 57.79766 -16.68805 450.3681 0.0 0.0 0.0
2694 45.66688785300978 -4.154075002388229 462.75651520875283 58.02562 -16.71036 450.7233 0.0 0.0 0.0
2695 45.89736266336823 -4.136231965786394 463.09655912640915 58.24828 -16.73191 451.0683 0.0 0.0 0.0
2696 46.14487985386452 -4.129921804141576 463.4279436751872 58.46928 -16.75378 451.4173 0.0 0.0 0.0
2697 46.416863674913074 -4.108943353079903 463.71756568864413 58.68323 -16.77453 451.7521 0.0 0.0 0.0
2698 46.7049250687484 -4.0641939213201255 463.9847888274978 58.89364 -16.79522 452.0863 0.0 0.0 0.0
2699 47.015527689141145 -4.030375814215008 464.22156099887144 59.09996 -16.81575 452.419 0.0 0.0 0.0
2700 47.32428533839789 -3.9931509069978377 464.44710050917536 59.30076 -16.83577 452.7459 0.0 0.0 0.0
2701 47.648616998557316 -3.9539936888795264 464.64583199180316 59.49747 -16.85573 453.0732 0.0 0.0 0.0
2702 47.982020338140295 -3.9159136746426433 464.8200660142288 59.69389 -16.87518 453.3957 0.0 0.0 0.0
2703 48.30994371855439 -3.864999487434542 464.98625892177523 60.05191 -16.88418 453.4931 0.0 0.0 0.0
2704 48.706576543546 -3.821806973899458 465.12949372729986 60.4355 -16.89523 453.6732 0.0 0.0 0.0
2705 49.09976262585517 -3.755506980547411 465.26693371769517 60.82955 -16.90196 453.8234 0.0 0.0 0.0
2706 49.48966687313114 -3.695414469421875 465.3567456292815 61.2321 -16.90829 453.8636 0.0 0.0 0.0
2707 49.91480931390798 -3.6343298708947973 465.4765604191577 61.66843 -16.92438 453.9541 0.0 0.0 0.0
2708 50.35299218857846 -3.567403971565326 465.5836221473543 62.1176 -16.93856 454.0315 0.0 0.0 0.0
2709 50.797921621493025 -3.4948785451548825 465.6726626036104 62.57515 -16.95047 454.0722 0.0 0.0 0.0
2710 51.27611574287249 -3.4273033024359245 465.70973584665137 63.05511 -16.95654 454.1371 0.0 0.0 0.0
2711 51.7632843806901 -3.351170858652748 465.807725087543 63.55579 -16.9664 454.1813 0.0 0.0 0.0
2712 52.27765357952358 -3.2861298287517893 465.8485623097895 64.07556 -16.97911 454.1936 0.0 0.0 0.0
2713 52.81133884906985 -3.2268752718523444 465.8823203689155 64.61298 -16.99897 454.2096 0.0 0.0 0.0
2714 53.358295743784566 -3.152764231163062 465.91048723370335 65.16526 -17.01404 454.224 0.0 0.0 0.0
2715 53.910154789687944 -3.0580792443278972 465.9855658679652 65.72987 -17.02729 454.2378 0.0 0.0 0.0
2716 54.4920975747069 -2.9783467640576817 465.99995407682934 66.31685 -17.03923 454.2609 0.0 0.0 0.0
2717 55.08514984366667 -2.8965002525706636 466.0699056975328 66.91875 -17.05511 454.2886 0.0 0.0 0.0
2718 55.69596244834272 -2.8239309428572534 466.13515033069564 67.53618 -17.07471 454.3204 0.0 0.0 0.0
2719 56.32145890970544 -2.7363603794627824 466.1820775013909 68.16862 -17.09206 454.3493 0.0 0.0 0.0
2720 56.96078356620953 -2.6460287404395895 466.23004410516137 68.81514 -17.10837 454.38 0.0 0.0 0.0
2721 57.61815786986774 -2.5473282752018847 466.2937546933844 69.48192 -17.12311 454.4136 0.0 0.0 0.0
2722 58.29583857617106 -2.4577494417258183 466.321199725672 70.16492 -17.14124 454.4484 0.0 0.0 0.0
2723 58.98423697799032 -2.365243848053715 466.39047413373186 70.86176 -17.16519 454.4814 0.0 0.0 0.0
2724 59.67787318361383 -2.2632377186288486 466.4903478395204 71.56844 -17.19316 454.5179 0.0 0.0 0.0
2725 60.38795122453338 -2.1696058919722097 466.5679349862701 72.2875 -17.22009 454.5529 0.0 0.0 0.0
2726 61.11808576020869 -2.0738167798215876 466.6294960478883 73.02494 -17.24416 454.5937 0.0 0.0 0.0
2727 61.86740096198688 -1.9778241439647881 466.7135761664976 73.78323 -17.27336 454.6373 0.0 0.0 0.0
2728 62.64059606049882 -1.889460312070842 466.7798387702051 74.5618 -17.30779 454.689 0.0 0.0 0.0
2729 63.42298397683249 -1.7682891956096247 466.86432196800536 75.35567 -17.34186 454.7396 0.0 0.0 0.0
2730 64.20640267139031 -1.6365786214012372 466.9945986276915 76.15867 -17.36898 454.7898 0.0 0.0 0.0
2731 65.0095260270956 -1.5217801934935071 467.093215353304 76.97382 -17.39434 454.8427 0.0 0.0 0.0
2732 65.82989058651049 -1.4005391135755072 467.1647503181555 77.80419 -17.42263 454.8927 0.0 0.0 0.0
2733 66.66185767810353 -1.2843252542902701 467.2525667284454 78.64677 -17.45272 454.9431 0.0 0.0 0.0
2734 67.50857005860297 -1.1948222112994418 467.3318926088648 79.49974 -17.48584 454.9938 0.0 0.0 0.0
2735 68.35752937325543 -1.0762627877989195 467.4203084313401 80.35896 -17.51605 455.0524 0.0 0.0 0.0
2736 69.21421918536947 -0.9600174812615138 467.51569783446223 81.22587 -17.54771 455.1156 0.0 0.0 0.0
2737 70.08057362432227 -0.8398824989087856 467.62044237428097 82.10395 -17.5802 455.178 0.0 0.0 0.0
2738 70.96882224014708 -0.7365637634591138 467.7334959615321 83.00244 -17.61761 455.2393 0.0 0.0 0.0
2739 71.87765313411651 -0.6422830066481002 467.8168116116934 83.91678 -17.66024 455.3023 0.0 0.0 0.0
2740 72.78820651963119 -0.5348636000281142 467.9388757919803 84.83881 -17.70174 455.363 0.0 0.0 0.0
2741 73.70977247971496 -0.4137470586246244 468.03132541238676 85.77095 -17.73483 455.4132 0.0 0.0 0.0
2742 74.62994322324523 -0.2915492873799098 468.12133210576957 86.70202 -17.76588 455.4567 0.0 0.0 0.0
2743 75.55291997784508 -0.16625940504075037 468.1998430938649 87.63539 -17.79453 455.4985 0.0 0.0 0.0
2744 76.48268021111913 -0.039781356251155364 468.2921328370463 88.57696 -17.82493 455.5371 0.0 0.0 0.0
2745 77.42267533939425 0.08381466127643772 468.36428280496256 89.52635 -17.85708 455.5783 0.0 0.0 0.0
2746 78.36892654442447 0.21678516951189006 468.44355930916413 90.48321 -17.89014 455.6301 0.0 0.0 0.0
2747 79.32084677043056 0.346893126925633 468.5256830818373 91.44549 -17.92387 455.6821 0.0 0.0 0.0
2748 80.2770732989604 0.4674091932058855 468.6238692621483 92.41235 -17.95632 455.7337 0.0 0.0 0.0
2749 81.23856535253621 0.5985168755537795 468.7042342560193 93.38406 -17.98828 455.7873 0.0 0.0 0.0
2750 82.20667402670671 0.7134710553173674 468.7849912027833 94.36001 -18.0248 455.8435 0.0 0.0 0.0
2751 83.1643177514442 0.8382815759341238 468.88284974157375 95.32857 -18.06266 455.8954 0.0 0.0 0.0
2752 84.12555039956509 0.9683258424320689 468.97523976991806 96.30089 -18.09746 455.9483 0.0 0.0 0.0
2753 85.08928367904471 1.0867272898491578 469.0660384801123 97.27373 -18.13883 456.0023 0.0 0.0 0.0
2754 86.05332426981198 1.211268331207812 469.1782450132123 98.24989 -18.18222 456.0543 0.0 0.0 0.0
2755 87.0189306898076 1.3506710714276975 469.2752845746415 99.22807 -18.2203 456.1087 0.0 0.0 0.0
2756 87.98284860285486 1.4989184410703684 469.36589713227335 100.2052 -18.25342 456.1674 0.0 0.0 0.0
2757 88.95281611296703 1.644505860762947 469.3818309031386 101.1841 -18.28197 456.2242 0.0 0.0 0.0
2758 89.91556187755953 1.7675372148832549 469.4934211458235 102.159 -18.30903 456.2817 0.0 0.0 0.0
2759 90.87274693861326 1.9063874364976983 469.57528711221426 103.1275 -18.33657 456.3403 0.0 0.0 0.0
2760 91.82519386799467 2.0493231452878966 469.6689032367043 104.0931 -18.3709 456.3931 0.0 0.0 0.0
2761 92.78078491077378 2.1773184437551487 469.7582468550021 105.0596 -18.40604 456.4396 0.0 0.0 0.0
2762 93.74064404291205 2.3074174814451567 469.8017548639524 106.0275 -18.44084 456.4855 0.0 0.0 0.0
2763 94.69934534465283 2.435669036440751 469.9061676734238 106.9989 -18.47595 456.5256 0.0 0.0 0.0
2764 95.65234360262838 2.5835643056963513 470.01063664358867 107.9675 -18.51114 456.5652 0.0 0.0 0.0
2765 96.60822149564997 2.7490390913731546 470.0633754626667 108.9376 -18.54235 456.6076 0.0 0.0 0.0
2766 97.55151816521348 2.892950344018939 470.18046168154945 109.8972 -18.57694 456.6545 0.0 0.0 0.0
2767 98.49854970413982 3.005157529902474 470.2715288991135 110.8532 -18.61336 456.7044 0.0 0.0 0.0
2768 99.43826381555532 3.126893378946727 470.34817264878706 111.8011 -18.65851 456.761 0.0 0.0 0.0
2769 100.3776412712973 3.2232440290356625 470.4643289950239 112.7497 -18.70618 456.8166 0.0 0.0 0.0
2770 101.32628917628236 3.314018006117368 470.54798237183667 113.7043 -18.74798 456.8631 0.0 0.0 0.0
2771 102.2751042015432 3.418570630190368 470.6631926350022 114.6632 -18.79289 456.9174 0.0 0.0 0.0
2772 103.21695342556929 3.523652286166102 470.71423475857483 115.6102 -18.83295 456.9655 0.0 0.0 0.0
2773 104.14384508592298 3.6450690628228886 470.8001783814504 116.5475 -18.86475 457.0069 0.0 0.0 0.0
2774 105.06295079243786 3.770366746636003 470.8701451991771 117.4761 -18.89868 457.0505 0.0 0.0 0.0
2775 105.97382647968276 3.886655276992363 470.9892738879705 118.4001 -18.93406 457.0993 0.0 0.0 0.0
2776 106.88560547436404 4.013799564369023 471.03456403530333 119.3194 -18.97438 457.1524 0.0 0.0 0.0
2777 107.7929462963792 4.129841164379711 471.12093266775605 120.2357 -19.01741 457.2047 0.0 0.0 0.0
2778 108.69664948278495 4.240331357416661 471.1921540446222 121.1459 -19.06799 457.2589 0.0 0.0 0.0
2779 109.59521993555478 4.341487554962502 471.33128545267596 122.0572 -19.11893 457.3218 0.0 0.0 0.0
2780 110.49924373652013 4.440974466376339 471.40378985699357 122.9661 -19.1663 457.3856 0.0 0.0 0.0
2781 111.39884753888036 4.537030003246649 471.53214889530216 123.8765 -19.21379 457.4481 0.0 0.0 0.0
2782 112.29285451458817 4.65569588741917 471.65436549736296 124.7831 -19.25654 457.5153 0.0 0.0 0.0
2783 113.17980864569219 4.763964099679089 471.79228059273515 125.6834 -19.29294 457.5899 0.0 0.0 0.0
2784 114.06758824571011 4.88913651008653 471.9103427050521 126.5838 -19.32717 457.6665 0.0 0.0 0.0
2785 114.9456307636476 5.00749594945129 472.0514296991629 127.4757 -19.36016 457.7576 0.0 0.0 0.0
2786 115.82176759564612 5.113424556817214 472.18086632518913 128.3608 -19.39938 457.8608 0.0 0.0 0.0
2787 116.68974672652786 5.221473000291601 472.3386207708206 129.2416 -19.43961 457.9727 0.0 0.0 0.0
2788 117.55613291169206 5.314985565641873 472.50105720262763 130.1192 -19.4808 458.0905 0.0 0.0 0.0
2789 118.41981687692295 5.430900674788924 472.671784816605 130.9968 -19.52025 458.2201 0.0 0.0 0.0
2790 119.28891946165454 5.540771079450735 472.8417846809939 131.8773 -19.5577 458.3602 0.0 0.0 0.0
2791 120.1550676883775 5.652588333542327 473.0026555706292 132.7527 -19.59831 458.5038 0.0 0.0 0.0
2792 121.00932090583818 5.767272755661956 473.1730924688674 133.6179 -19.63306 458.6527 0.0 0.0 0.0
2793 121.84590234077905 5.869471921125858 473.38721340593503 134.4723 -19.66674 458.8109 0.0 0.0 0.0
2794 122.69087575522741 5.979198494112446 473.56653050538756 135.3263 -19.70045 458.9774 0.0 0.0 0.0
2795 123.54090652352892 6.08641107079284 473.7475454736699 136.1843 -19.73513 459.149 0.0 0.0 0.0
2796 124.3912142652137 6.1960909064975995 473.9564840535699 137.0478 -19.76674 459.3281 0.0 0.0 0.0
2797 125.23481051642855 6.3072455494394255 474.170828748836 137.9053 -19.79615 459.5119 0.0 0.0 0.0
2798 126.07027017175176 6.427529267314309 474.3613057341686 138.7477 -19.82313 459.7078 0.0 0.0 0.0
2799 126.88641118283984 6.561055675035513 474.58132903875503 139.5789 -19.85194 459.9093 0.0 0.0 0.0
2800 127.70826454784995 6.685035678612443 474.78426293817694 140.4094 -19.87662 460.1134 0.0 0.0 0.0
2801 128.5289409612159 6.794755686032651 475.02924082904957 141.2456 -19.90477 460.3268 0.0 0.0 0.0
2802 129.34686734037453 6.897052697660356 475.2952170461978 142.0823 -19.93899 460.5481 0.0 0.0 0.0
2803 130.15391169853734 6.99619589542975 475.5765188092453 142.9125 -19.96853 460.7721 0.0 0.0 0.0
2804 130.95536766683975 7.1172818677494725 475.83357556383413 143.73 -19.99516 461.0046 0.0 0.0 0.0
2805 131.73729453524373 7.223159863036489 476.1227389069154 144.5361 -20.02408 461.2404 0.0 0.0 0.0
2806 132.5348265216066 7.338418376981382 476.3694672305656 145.3404 -20.05968 461.4895 0.0 0.0 0.0
2807 133.32359039408556 7.428086357472315 476.6507819446256 146.1388 -20.09772 461.7549 0.0 0.0 0.0
2808 134.1071627102946 7.532103980247105 476.9511046242937 146.9351 -20.14307 462.0357 0.0 0.0 0.0
2809 134.88383679138232 7.640537959851585 477.276165645386 147.7346 -20.18213 462.3184 0.0 0.0 0.0
2810 135.67490770106835 7.722124233582904 477.57018448132527 148.5333 -20.21462 462.6011 0.0 0.0 0.0
2811 136.4477429513935 7.8249004468242225 477.89020940761475 149.3239 -20.25038 462.8908 0.0 0.0 0.0
2812 137.22141055639497 7.934190993620613 478.18811023834905 150.1033 -20.28734 463.1915 0.0 0.0 0.0
2813 137.97439940655312 8.019634035346494 478.5264647404 150.8754 -20.32187 463.4939 0.0 0.0 0.0
2814 138.72917286622487 8.123528868710606 478.8435961462482 151.6452 -20.35285 463.7897 0.0 0.0 0.0
2815 139.48780965540874 8.224554075569118 479.1676074148423 152.4141 -20.3888 464.1031 0.0 0.0 0.0
2816 140.2463961436365 8.315189321374016 479.51088750310277 153.1854 -20.42917 464.4271 0.0 0.0 0.0
2817 140.98751622573116 8.404411978365681 479.880021803047 153.9537 -20.46787 464.746 0.0 0.0 0.0
2818 141.7348207003937 8.485818554834822 480.22776104997905 154.717 -20.50819 465.065 0.0 0.0 0.0
2819 142.4799737492915 8.590938208012433 480.54789629051663 155.4665 -20.54749 465.3898 0.0 0.0 0.0
2820 143.22172722414592 8.67406411531806 480.8875653921081 156.2163 -20.59044 465.7191 0.0 0.0 0.0
2821 143.959174768373 8.763456839588507 481.2368992336708 156.9634 -20.63939 466.0557 0.0 0.0 0.0
2822 144.687542086861 8.834429601298464 481.6099808056545 157.7066 -20.69316 466.4014 0.0 0.0 0.0
2823 145.403709153994 8.916622700047428 481.995721841159 158.442 -20.74416 466.755 0.0 0.0 0.0
2824 146.10158130673454 8.991343429837016 482.4027655653078 159.1689 -20.79448 467.1119 0.0 0.0 0.0
2825 146.8204714945015 9.066500784840832 482.7672304261945 159.8906 -20.84541 467.475 0.0 0.0 0.0
2826 147.53497493616823 9.133649785516932 483.14468670333736 160.6108 -20.89615 467.8441 0.0 0.0 0.0
2827 148.2328155967221 9.222109626708448 483.53721275517853 161.3226 -20.94383 468.2182 0.0 0.0 0.0
2828 148.91856552402996 9.29992441471142 483.94374356085655 162.0266 -20.99503 468.5968 0.0 0.0 0.0
2829 149.59393978591064 9.374681315082924 484.35344716974464 162.7215 -21.04596 468.9764 0.0 0.0 0.0
2830 150.26967364670588 9.44829030516579 484.74350951290756 163.4071 -21.0963 469.3527 0.0 0.0 0.0
2831 150.94901450507572 9.507713283689453 485.12890615712314 164.0863 -21.14614 469.7397 0.0 0.0 0.0
2832 151.61764447729357 9.577408342938828 485.5397132668086 164.7652 -21.19682 470.1362 0.0 0.0 0.0
2833 152.28249303470042 9.650150902884732 485.9540403812803 165.4415 -21.25193 470.5344 0.0 0.0 0.0
2834 152.94095485969024 9.710866489358901 486.37727734208374 166.113 -21.30275 470.938 0.0 0.0 0.0
2835 153.5817507560007 9.79231318269715 486.79921445803336 166.7724 -21.34913 471.3359 0.0 0.0 0.0
2836 154.20638296517257 9.876413955831783 487.20962979598164 167.4102 -21.39105 471.7323 0.0 0.0 0.0
2837 154.8017304656561 9.941176381142483 487.6404240953123 168.03 -21.43463 472.13 0.0 0.0 0.0
2838 155.37266805285677 10.010697200630705 488.0766475876636 168.6322 -21.47504 472.526 0.0 0.0 0.0
2839 155.93948276403202 10.07730788239061 488.4960870525102 169.2195 -21.51842 472.9195 0.0 0.0 0.0
2840 156.4790930914952 10.135243671237053 488.92892942620495 169.7904 -21.56296 473.3119 0.0 0.0 0.0
2841 156.97474814105885 10.184605280454473 489.3889644898441 170.3465 -21.60638 473.6974 0.0 0.0 0.0
2842 157.49891136173207 10.243508369560871 489.7829652545479 170.884 -21.64716 474.0754 0.0 0.0 0.0
2843 158.00884394124785 10.301029228743236 490.1634089017642 171.4059 -21.6871 474.4416 0.0 0.0 0.0
2844 158.52549083541305 10.361264318805278 490.4961776158505 171.9093 -21.72668 474.797 0.0 0.0 0.0
2845 158.98293719835746 10.405520729338512 490.86993913347317 172.3931 -21.76205 475.137 0.0 0.0 0.0
2846 159.40652002349483 10.450225374481137 491.2491444796265 172.8551 -21.79969 475.4692 0.0 0.0 0.0
2847 159.8490124681228 10.499986332330339 491.5685475370963 173.3028 -21.83433 475.7833 0.0 0.0 0.0
2848 160.29770334892433 10.536797684565066 491.84089367775596 173.7348 -21.86508 476.0821 0.0 0.0 0.0
2849 160.70392789537735 10.584032824745075 492.13494170000945 174.1541 -21.89308 476.3598 0.0 0.0 0.0
2850 161.08709527524294 10.65082155467076 492.4213110235443 174.5565 -21.92165 476.6254 0.0 0.0 0.0
2851 161.47716749888403 10.663663946581222 492.64980412937837 174.9418 -21.94546 476.861 0.0 0.0 0.0
2852 161.8293648151572 10.706700722785351 492.883454762598 175.3061 -21.96707 477.0785 0.0 0.0 0.0
2853 162.17836135151887 10.743594742147794 493.0791930760239 175.6567 -21.98635 477.2739 0.0 0.0 0.0
2854 162.50654118436344 10.77871248857171 493.26685064634864 175.9911 -22.001 477.4531 0.0 0.0 0.0
2855 162.84599341306458 10.815231326275502 493.430034687917 176.3286 -22.01675 477.6235 0.0 0.0 0.0
2856 163.17066692897313 10.848402632556992 493.62136326003093 176.6674 -22.02875 477.7914 0.0 0.0 0.0
2857 163.50610404714095 10.893132596094153 493.75995709292846 177.0022 -22.04077 477.938 0.0 0.0 0.0
2858 163.84829953550417 10.945411506931197 493.9160330258123 177.3495 -22.05233 478.0911 0.0 0.0 0.0
2859 164.19371506861108 10.992434539202362 494.00923726833634 177.6937 -22.05946 478.1992 0.0 0.0 0.0
2860 164.55156411459137 11.042936852732856 494.1225881669611 178.0557 -22.07282 478.3098 0.0 0.0 0.0
2861 164.91550504731762 11.085512852203452 494.20718310921785 178.4188 -22.08797 478.4065 0.0 0.0 0.0
2862 165.26265960778795 11.109379715571508 494.26503152214013 178.7692 -22.1004 478.4452 0.0 0.0 0.0
2863 165.6221519823879 11.145857587625944 494.311033777029 179.1282 -22.1169 478.5046 0.0 0.0 0.0
2864 165.97114477696942 11.209414975566323 494.3687190426381 179.4833 -22.13229 478.5578 0.0 0.0 0.0
2865 166.30363080500175 11.259523167957237 494.3957808814263 179.8202 -22.14906 478.5605 0.0 0.0 0.0
2866 166.66215189064232 11.311292760806134 494.42625894743037 180.1822 -22.16095 478.5915 0.0 0.0 0.0
2867 167.01119728059336 11.363093798217974 494.418457769508 180.532 -22.17144 478.5456 0.0 0.0 0.0
2868 167.38658201939637 11.414579979621154 494.3964255227251 180.9112 -22.17927 478.5316 0.0 0.0 0.0
2869 167.77087715683456 11.473326070918567 494.3871977278292 181.2983 -22.18668 478.4953 0.0 0.0 0.0
2870 168.14602958193362 11.519978609385362 494.3262436221684 181.6648 -22.19406 478.3846 0.0 0.0 0.0
2871 168.54218042171246 11.573504235021154 494.2412442948605 182.0686 -22.21025 478.3237 0.0 0.0 0.0
2872 168.94150207641752 11.6288632125744 494.1455664092868 182.475 -22.22634 478.2446 0.0 0.0 0.0
2873 169.33773957020847 11.67820377188957 494.0232798825525 182.8536 -22.23521 478.0686 0.0 0.0 0.0
2874 169.73506407173997 11.742276271706011 493.8717160054247 183.2622 -22.24815 477.9351 0.0 0.0 0.0
2875 170.14276373445793 11.799902026316047 493.688588543188 183.6426 -22.25515 477.6936 0.0 0.0 0.0
2876 170.55245986821606 11.845784789668956 493.4837281028616 184.0625 -22.26385 477.5051 0.0 0.0 0.0
2877 170.96182522408844 11.90657854094748 493.2420231239783 184.4883 -22.26981 477.2852 0.0 0.0 0.0
2878 171.38859750427125 11.977206742753259 492.9513734102726 184.888 -22.2739 476.9508 0.0 0.0 0.0
2879 171.82264192087152 12.060380224958273 492.66129647431245 185.324 -22.27835 476.6519 0.0 0.0 0.0
2880 172.2529848782244 12.118350544138098 492.31468766996534 185.7594 -22.28346 476.3068 0.0 0.0 0.0
2881 172.68712414202108 12.189619792510328 491.90794435242157 186.1803 -22.28821 475.8804 0.0 0.0 0.0
2882 173.1347965119954 12.266123822993665 491.49738019168495 186.6263 -22.29195 475.461 0.0 0.0 0.0
2883 173.60044783378197 12.343266925340462 491.06503523834476 187.0774 -22.29447 475.0069 0.0 0.0 0.0
2884 174.06767883801473 12.417563432002279 490.58753157984415 187.5314 -22.29466 474.5112 0.0 0.0 0.0
2885 174.53737847536948 12.498298778250062 490.08372022920287 188.0019 -22.29351 474.0017 0.0 0.0 0.0
2886 175.01456934650355 12.571142280225722 489.5518299164257 188.4787 -22.29192 473.4645 0.0 0.0 0.0
2887 175.49304563631347 12.653809059602272 488.9911345809027 188.961 -22.28926 472.901 0.0 0.0 0.0
2888 176.0037591010996 12.734364968194422 488.4267224075959 189.4552 -22.28709 472.3165 0.0 0.0 0.0
2889 176.51591790873982 12.812788906745945 487.8302205687734 189.9537 -22.28748 471.7035 0.0 0.0 0.0
2890 177.0435389763981 12.895736359735507 487.21270490694315 190.4622 -22.27854 471.0648 0.0 0.0 0.0
2891 177.58088875686224 13.000798466884094 486.5736101788499 190.9835 -22.26966 470.4042 0.0 0.0 0.0
2892 178.12786207763708 13.083378951041556 485.90891389663005 191.5189 -22.25842 469.7252 0.0 0.0 0.0
2893 178.69701582724971 13.194503833716828 485.24576313597896 192.064 -22.25096 469.0332 0.0 0.0 0.0
2894 179.27124161519936 13.288027185134428 484.55512213133676 192.6283 -22.23395 468.3284 0.0 0.0 0.0
2895 179.83702860310407 13.386123746615564 483.8302932849577 193.2083 -22.21621 467.6084 0.0 0.0 0.0
2896 180.43746399268773 13.502168708999504 483.10277699198497 193.8022 -22.19934 466.8666 0.0 0.0 0.0
2897 181.06596399263177 13.609638627550165 482.36401877932195 194.4076 -22.18783 466.1013 0.0 0.0 0.0
2898 181.65734339634858 13.713369609029783 481.57627957886234 195.0174 -22.17589 465.3209 0.0 0.0 0.0
2899 182.26763149168912 13.817245606685745 480.7928601036152 195.6296 -22.15831 464.5323 0.0 0.0 0.0
2900 182.85603434338373 13.922368849187428 479.98322680612586 196.2448 -22.13909 463.7361 0.0 0.0 0.0
2901 183.4783349203694 14.013744566107095 479.18793086049266 196.8637 -22.12306 462.9331 0.0 0.0 0.0
2902 184.12646127890437 14.123509875081199 478.41538571959927 197.4824 -22.11544 462.1293 0.0 0.0 0.0
2903 184.76871607686468 14.221657477053341 477.63330311985425 198.1054 -22.10943 461.3258 0.0 0.0 0.0
2904 185.42365842982713 14.327135778970433 476.86263973664427 198.7291 -22.10434 460.5227 0.0 0.0 0.0
2905 186.06678470653836 14.422375711805559 476.0817331881399 199.3558 -22.09633 459.7229 0.0 0.0 0.0
2906 186.69029881632707 14.52896351595308 475.2818122842367 199.9852 -22.09257 458.9205 0.0 0.0 0.0
2907 187.33179035451576 14.624500312342152 474.4985005969321 200.6142 -22.08882 458.1214 0.0 0.0 0.0
2908 187.9880924064517 14.724215049032917 473.72936405358547 201.2443 -22.08544 457.3244 0.0 0.0 0.0
2909 188.6312419175015 14.81941339017996 472.94734713568715 201.8766 -22.0792 456.5279 0.0 0.0 0.0
2910 189.2916926398431 14.938229003463384 472.18057259522664 202.5105 -22.06915 455.7302 0.0 0.0 0.0
2911 189.94227565690056 15.042796978263816 471.40684535216064 203.1447 -22.06266 454.9361 0.0 0.0 0.0
2912 190.60250402910802 15.14364567055148 470.6428449092968 203.7796 -22.05633 454.1445 0.0 0.0 0.0
2913 191.2612594416176 15.239657869041313 469.8854738481712 204.411 -22.05293 453.3583 0.0 0.0 0.0
2914 191.89690524506918 15.333030606402732 469.1047619494071 205.0471 -22.04931 452.5724 0.0 0.0 0.0
2915 192.55035959859725 15.43759475229774 468.3377846552527 205.6848 -22.05096 451.7853 0.0 0.0 0.0
2916 193.19486916661668 15.532480873671899 467.56545083131255 206.3218 -22.05089 451.001 0.0 0.0 0.0
2917 193.84988020744947 15.628056250855423 466.8073738797019 206.9558 -22.05042 450.2194 0.0 0.0 0.0
2918 194.4964840500439 15.732196359781206 466.0468999607836 207.5876 -22.04869 449.4396 0.0 0.0 0.0
2919 195.1533070035413 15.828199932516439 465.2974366345421 208.222 -22.04485 448.6651 0.0 0.0 0.0
2920 195.7934533694256 15.920567946112483 464.5346937670505 208.8544 -22.04239 447.8904 0.0 0.0 0.0
2921 196.4495593163834 16.015809425347054 463.78446881451976 209.4864 -22.03971 447.1139 0.0 0.0 0.0
2922 197.09922139912683 16.11969526143664 463.0336646087475 210.1144 -22.0395 446.3379 0.0 0.0 0.0
2923 197.74114180349386 16.208869606423043 462.27620221320996 210.7393 -22.039 445.5612 0.0 0.0 0.0
2924 198.38244898483146 16.299433002980788 461.5241932420077 211.3594 -22.03932 444.7863 0.0 0.0 0.0
2925 199.04907768623974 16.39689635891574 460.8012816144843 211.9765 -22.04187 444.0145 0.0 0.0 0.0
2926 199.6817219952912 16.494303142961297 460.0474409078051 212.5952 -22.04275 443.243 0.0 0.0 0.0
2927 200.31353081262043 16.60580050757919 459.29679617264185 213.2149 -22.04257 442.4742 0.0 0.0 0.0
2928 200.95187038298582 16.706475912508935 458.5500592836723 213.8362 -22.04023 441.7066 0.0 0.0 0.0
2929 201.5687431412477 16.813034276925436 457.78912387433246 214.4556 -22.03412 440.9403 0.0 0.0 0.0
2930 202.19011528342588 16.916795582178455 457.0428534296832 215.0695 -22.02541 440.1808 0.0 0.0 0.0
2931 202.80661963685708 17.021393171730534 456.2916186056367 215.6837 -22.01679 439.4205 0.0 0.0 0.0
2932 203.43261093357086 17.134729147235248 455.551393259411 216.3021 -22.00978 438.6654 0.0 0.0 0.0
2933 204.06065408294097 17.24331925858124 454.80658133775086 216.9249 -22.003 437.9084 0.0 0.0 0.0
2934 204.70264317204771 17.35866440394898 454.0597377156934 217.5556 -21.99467 437.1433 0.0 0.0 0.0
2935 205.35769114359778 17.466289679440255 453.31473147743526 218.1929 -21.98857 436.3755 0.0 0.0 0.0
2936 206.00470239866857 17.56534235214097 452.5569732226188 218.8302 -21.98274 435.6032 0.0 0.0 0.0
2937 206.64913695235398 17.683901782259838 451.78968826404986 219.4713 -21.97423 434.8241 0.0 0.0 0.0
2938 207.30858581993667 17.78866392593782 451.0147513308767 220.1217 -21.96754 434.0346 0.0 0.0 0.0
2939 208.02089852228335 17.899714116103127 450.27497398346753 220.7841 -21.96566 433.242 0.0 0.0 0.0
2940 208.7061357432025 18.014181543419912 449.50470544506646 221.4505 -21.96227 432.4471 0.0 0.0 0.0
2941 209.42114878813487 18.126481735280564 448.7547346012435 222.1189 -21.95656 431.6474 0.0 0.0 0.0
2942 210.11652529189308 18.23637491412182 447.97620736718864 222.7897 -21.95169 430.8401 0.0 0.0 0.0
2943 210.79431708217976 18.33417075875399 447.1596826572793 223.4667 -21.94718 430.0171 0.0 0.0 0.0
2944 211.45277124709625 18.444191574314726 446.3509901552444 224.1398 -21.94408 429.213 0.0 0.0 0.0
2945 212.15780528405017 18.56652377066563 445.58308330511716 224.8136 -21.94098 428.4082 0.0 0.0 0.0
2946 212.8544317761091 18.678311849994436 444.807283726694 225.4867 -21.93788 427.6041 0.0 0.0 0.0
2947 213.52396617886782 18.786488801785104 444.00638122287484 226.1604 -21.93478 426.7994 0.0 0.0 0.0
2948 214.2046060350918 18.895397589581894 443.2162183155197 226.8335 -21.93169 425.9954 0.0 0.0 0.0
2949 214.89700096903974 18.997308636177053 442.4355793374863 227.5065 -21.92859 425.1915 0.0 0.0 0.0
2950 215.59641166034956 19.10757857277736 441.66187996695294 228.1797 -21.92549 424.3873 0.0 0.0 0.0
2951 216.31215976685888 19.217983912788828 440.90339469549065 228.8529 -21.9224 423.5832 0.0 0.0 0.0
2952 217.00047620228523 19.32458824593146 440.1194044781556 229.5261 -21.9193 422.7791 0.0 0.0 0.0
2953 217.6910604816553 19.424218670248695 439.33686952581337 230.1991 -21.9162 421.9752 0.0 0.0 0.0
2954 218.39561942472662 19.53012407675297 438.5687956825461 230.8716 -21.91311 421.1719 0.0 0.0 0.0
2955 219.09128354854647 19.633615458970567 437.78965509790396 231.5454 -21.91001 420.3671 0.0 0.0 0.0
2956 219.7975392281071 19.727738288873223 437.02015625581294 232.2186 -21.90691 419.563 0.0 0.0 0.0
2957 220.49955810413164 19.833499160494153 436.2486785219546 232.8916 -21.90382 418.7591 0.0 0.0 0.0
2958 221.21671662333938 19.94100885301371 435.49178406805635 233.5644 -21.90072 417.9553 0.0 0.0 0.0
2959 221.9161851616697 20.049056999740944 434.71811838969467 234.2375 -21.89762 417.1513 0.0 0.0 0.0
2960 222.61722292014434 20.152126644788385 433.9448291029057 234.9109 -21.89458 416.3472 0.0 0.0 0.0
2961 223.28972533932225 20.258056997714014 433.21484856273435 235.5593 -21.89533 415.5883 0.0 0.0 0.0
2962 223.9452285525465 20.368747997655756 432.48964762259124 236.1975 -21.89377 414.8396 0.0 0.0 0.0
2963 224.6045545930179 20.469156908852217 431.7953925672919 236.823 -21.8926 414.1078 0.0 0.0 0.0
2964 225.23101062871197 20.559492440926533 431.0933838498338 237.4368 -21.89242 413.389 0.0 0.0 0.0
2965 225.78751426863323 20.63534060014359 430.41966964306823 238.0064 -21.88979 412.722 0.0 0.0 0.0
2966 226.2567602366341 20.71731578504261 429.8779706740129 238.3941 -21.88674 412.1137 0.0 0.0 0.0
2967 226.74002603851952 20.779767828515233 429.3495428857635 238.7802 -21.88372 411.5074 0.0 0.0 0.0
2968 227.19807059133262 20.85508079638506 428.801595447674 239.166 -21.8807 410.9017 0.0 0.0 0.0
2969 227.66570631820474 20.902306161145535 428.257941806211 239.5523 -21.8777 410.2957 0.0 0.0 0.0
2970 228.11729907731873 20.968772504071378 427.704616038445 239.9378 -21.87471 409.6908 0.0 0.0 0.0
2971 228.55977307781197 21.052501776358156 427.14544128226424 240.3239 -21.87172 409.0855 0.0 0.0 0.0
2972 228.97390896468605 21.107658936465196 426.56309618999336 240.7094 -21.86876 408.4813 0.0 0.0 0.0
2973 229.3970769600892 21.166758970616808 425.98743328930436 241.0951 -21.8658 407.877 0.0 0.0 0.0
2974 229.7790702747627 21.21990059019049 425.38469176973416 241.4802 -21.86286 407.2739 0.0 0.0 0.0
2975 230.21871107371595 21.298335102693002 424.8251981861747 241.8657 -21.85993 406.6707 0.0 0.0 0.0
2976 230.5884028370879 21.35214799295927 424.2150357643261 242.2512 -21.85702 406.068 0.0 0.0 0.0
2977 230.93187456794524 21.394974927649262 423.5895287669497 242.6366 -21.85412 405.4659 0.0 0.0 0.0
2978 231.24332945557006 21.42587251224902 422.9463410926738 243.0226 -21.85123 404.8637 0.0 0.0 0.0
2979 231.49954339721916 21.45588880341573 422.2804310251953 243.408 -21.84837 404.2625 0.0 0.0 0.0
2980 231.71683556373512 21.45732892108168 421.53454532716114 243.7764 -21.83716 403.5786 0.0 0.0 0.0
2981 231.8274096536885 21.462371448472116 421.04425264309526 243.966 -21.83791 403.1131 0.0 0.0 0.0
2982 231.89811123860036 21.468619046837293 420.4174069648733 244.011 -21.82444 402.484 0.0 0.0 0.0
2983 231.98432307607575 21.489518907110902 419.89948396575124 244.0732 -21.81585 401.9623 0.0 0.0 0.0
2984 232.00696132082828 21.494836410065375 419.3889799426164 244.0922 -21.80229 401.4518 0.0 0.0 0.0
2985 231.9620834165759 21.48527466269849 418.77110281964036 244.0014 -21.78347 400.8392 0.0 0.0 0.0
2986 231.894735649686 21.46810989005725 418.275675405204 243.9346 -21.76626 400.3437 0.0 0.0 0.0
2987 231.72754540143137 21.41963850923623 417.68354642623933 243.7613 -21.74572 399.7517 0.0 0.0 0.0
2988 231.5740703068991 21.384436786108157 417.2196357123653 243.6168 -21.72614 399.284 0.0 0.0 0.0
2989 231.40230837878318 21.361975120834455 416.75504866719183 243.4311 -21.70597 398.8247 0.0 0.0 0.0
2990 231.1738825241176 21.295279979649575 416.1853494628194 243.1502 -21.68255 398.2754 0.0 0.0 0.0
2991 230.96167465162253 21.276595419218083 415.71364635476033 242.8901 -21.65624 397.8287 0.0 0.0 0.0
2992 230.70364121111672 21.250302595253814 415.24794435713875 242.5958 -21.63038 397.385 0.0 0.0 0.0
2993 230.34841900440952 21.20831553805786 414.73858697671704 242.2267 -21.60289 396.8846 0.0 0.0 0.0
2994 230.0017763963132 21.153359786848576 414.31341109539125 241.8736 -21.57671 396.462 0.0 0.0 0.0
2995 229.6146798299352 21.114388659423753 413.9040300040771 241.4917 -21.54843 396.0469 0.0 0.0 0.0
2996 229.2043552415117 21.071040557193225 413.43869524310594 241.061 -21.51127 395.5998 0.0 0.0 0.0
2997 228.80442343743792 21.02968826347493 413.0113936635459 240.6315 -21.47767 395.2015 0.0 0.0 0.0
2998 228.36139830287414 20.971537655927985 412.57572030988905 240.1694 -21.43638 394.7841 0.0 0.0 0.0
2999 227.89322074927918 20.892097516914713 412.20718789255864 239.7059 -21.39698 394.4034 0.0 0.0 0.0
3000 227.4309955457678 20.83710724294851 411.81210890474995 239.2216 -21.35682 394.0338 0.0 0.0 0.0
3001 226.93337361336663 20.778949936839144 411.4021808375974 238.7074 -21.30633 393.6438 0.0 0.0 0.0
3002 226.42585703142603 20.7154305491983 411.0210602958406 238.1753 -21.26486 393.2945 0.0 0.0 0.0
3003 225.895186757289 20.655687576944775 410.646867090379 237.6186 -21.22262 392.9576 0.0 0.0 0.0
3004 225.3234456277984 20.586969882322656 410.2682472159738 237.0248 -21.17762 392.6107 0.0 0.0 0.0
3005 224.7328285364906 20.516089992228842 409.9354661474988 236.4194 -21.13375 392.3006 0.0 0.0 0.0
3006 224.125614194088 20.444773213308615 409.5976118008862 235.7934 -21.08324 391.9948 0.0 0.0 0.0
3007 223.4918772482572 20.36850718878467 409.2393295147035 235.1318 -21.03338 391.6856 0.0 0.0 0.0
3008 222.83317473666372 20.277841983589713 408.9358797094846 234.4594 -20.98293 391.4036 0.0 0.0 0.0
3009 222.16385891365363 20.18680841373483 408.6220662964065 233.7646 -20.93953 391.1388 0.0 0.0 0.0
3010 221.45141258962866 20.09161541986382 408.3462503691993 233.0421 -20.89645 390.8764 0.0 0.0 0.0
3011 220.7233021453958 19.993559495269416 408.076289651407 232.2968 -20.8493 390.642 0.0 0.0 0.0
3012 219.97025125049956 19.887440344409818 407.809006057416 231.5269 -20.80401 390.4075 0.0 0.0 0.0
3013 219.1930401639051 19.803019466197526 407.5612982581918 230.7368 -20.75455 390.1934 0.0 0.0 0.0
3014 218.40326466823203 19.681595641485696 407.31281490899784 229.9283 -20.70711 389.9829 0.0 0.0 0.0
3015 217.5924265635914 19.565309699847504 407.07107499516474 229.1019 -20.6562 389.7734 0.0 0.0 0.0
3016 216.75426414873033 19.48244517695419 406.866695268284 228.2594 -20.60504 389.5766 0.0 0.0 0.0
3017 215.92126616005027 19.349395459822272 406.59036450538196 227.3933 -20.55167 389.3896 0.0 0.0 0.0
3018 215.0407035410824 19.232712702393084 406.388320065233 226.5029 -20.49991 389.2043 0.0 0.0 0.0
3019 214.14421855724473 19.10093664022911 406.21552062283206 225.5961 -20.4467 389.0437 0.0 0.0 0.0
3020 213.23337495356466 18.961969232384536 406.02957099177024 224.6689 -20.39489 388.8983 0.0 0.0 0.0
3021 212.30434582788442 18.82709025219297 405.8560766735917 223.7259 -20.3426 388.759 0.0 0.0 0.0
3022 211.36098772201157 18.690292792817985 405.69680652826474 222.7697 -20.2934 388.6276 0.0 0.0 0.0
3023 210.40499557744147 18.53003268500489 405.51722575127593 221.7934 -20.24699 388.499 0.0 0.0 0.0
3024 209.42334919515451 18.370760247449486 405.3758309731616 220.7978 -20.20494 388.3725 0.0 0.0 0.0
3025 208.42934590499684 18.211793768628773 405.18721243916514 219.7826 -20.16738 388.2427 0.0 0.0 0.0
3026 207.41896015257248 18.046727058889537 405.011976452468 218.753 -20.1331 388.1101 0.0 0.0 0.0
3027 206.3942564399509 17.888750212851317 404.8423221420151 217.7107 -20.09684 387.9834 0.0 0.0 0.0
3028 205.3581326612559 17.73125226606355 404.68649777267456 216.6597 -20.06123 387.8539 0.0 0.0 0.0
3029 204.3106771209743 17.565878013947128 404.5526786280417 215.5989 -20.02189 387.7291 0.0 0.0 0.0
3030 203.26705885081319 17.377244867600165 404.3720252184834 214.5306 -19.98678 387.6072 0.0 0.0 0.0
3031 202.2073081093777 17.2198925629789 404.2096732023048 213.4542 -19.95111 387.4877 0.0 0.0 0.0
3032 201.14720391751374 17.04340690538174 404.0433803162428 212.3743 -19.91528 387.3646 0.0 0.0 0.0
3033 200.07481279026823 16.87876027981513 403.8645021974173 211.2818 -19.87803 387.2455 0.0 0.0 0.0
3034 198.9958180516119 16.720626874729426 403.7093502646293 210.187 -19.84214 387.1296 0.0 0.0 0.0
0 0.0 0.0 0.0 5.551115e-17 3.330669e-16 -4.440892e-16 0.0 0.0 0.0
1 -0.04429945848736484 -0.00557958412200237 0.8592836484413773 -0.04690294 -0.02839928 0.8586941 0.0 0.0 0.0
2 -0.041729519573378206 5.964195839465794e-05 1.7185885970516552 -0.09374345 -0.05676064 1.716275 0.0 0.0 0.0
3 -0.0758026629273181 -0.030252541343588006 2.577816702999006 -0.1406429 -0.08515762 2.574964 0.0 0.0 0.0
4 -0.13764394969832994 -0.06537609857022438 3.434299352011185 -0.1874858 -0.1135202 3.432648 0.0 0.0 0.0
5 -0.16805285183386695 -0.08247228589323305 4.29402714759649 -0.2343818 -0.141915 4.291335 0.0 0.0 0.0
6 0.02471941481529108 -0.07709905075211682 5.131508463625 -0.2812195 -0.1702743 5.148987 0.0 0.0 0.0
7 -0.0014465112788656156 -0.10343167102734477 5.9912456239710945 -0.3281178 -0.1986703 6.007777 0.0 0.0 0.0
8 -0.06701514243550855 -0.10361793447055867 6.848186649352349 -0.3749547 -0.227029 6.865477 0.0 0.0 0.0
9 -0.08105124635403932 -0.11343869784562868 7.708322562724026 -0.4218367 -0.2554151 7.724036 0.0 0.0 0.0
10 -0.1780049306707226 -0.09786087232176938 8.563299836196288 -0.4687329 -0.2838096 8.582886 0.0 0.0 0.0
11 -0.25259489125552165 -0.09907017165812047 9.419188739501111 -0.5155474 -0.3121547 9.440275 0.0 0.0 0.0
12 -0.2463355465622132 -0.13715327128761112 10.278755092607252 -0.562431 -0.3405416 10.29896 0.0 0.0 0.0
